   1 
1  8.903000e+000
2  9.197000e+000
3  2.900000e+001
4  6.175000e+001
5  4.924000e+001
6  1.878000e+001
7  9.329000e+000
9  2.392000e+000
10  1.249000e+000
11  1.225000e+001
12  6.172000e+000
13  1.495000e+001
14  1.121000e+001
15  2.396000e+001
16  5.629000e+001
17  3.619000e+001
18  1.840000e+001
19  7.480000e+000
22  1.631000e+000
23  1.060000e+001
24  1.105000e+001
25  1.183000e+001
26  1.439000e+001
27  1.995000e+001
28  5.204000e+001
29  2.621000e+001
30  1.280000e+001
31  5.979000e+000
32  2.905000e+000
33  1.557000e+000
34  9.077000e-001
35  1.644000e+000
36  4.070000e-001
37  2.240000e+000
38  5.423000e+000
39  1.306000e+001
40  4.782000e+001
41  4.242000e+001
42  2.129000e+001
43  9.354000e+000
44  4.373000e+000
45  2.228000e+000
46  1.343000e+000
47  1.658000e+000
48  4.395000e+000
49  5.763000e+000
50  5.139000e+000
51  7.022000e+000
52  2.913000e+001
53  3.931000e+001
54  1.497000e+001
55  7.268000e+000
56  3.507000e+000
57  1.699000e+000
58  1.015000e+000
59  3.296000e+000
60  2.287000e+000
61  7.493000e+000
62  1.360000e+001
63  1.251000e+001
64  2.935000e+001
65  1.363000e+001
66  6.462000e+000
67  3.200000e+000
68  1.589000e+000
69  8.372000e-001
70  4.364000e-001
71  2.869000e-001
72  3.255000e-001
77  9.197000e+000
78  3.859000e+000
79  1.887000e+000
80  9.374000e-001
81  4.732000e-001
82  3.798000e-001
83  1.273000e+000
84  1.320000e+000
85  1.491000e+000
86  2.125000e+000
87  3.133000e+000
88  1.665000e+001
89  1.019000e+001
90  4.221000e+000
91  2.044000e+000
92  9.966000e-001
93  5.038000e-001
94  1.070000e+000
95  1.895000e+000
96  2.212000e+000
97  1.585000e+000
98  3.661000e+000
99  1.626000e+001
100  2.762000e+001
101  2.036000e+001
102  9.354000e+000
103  4.457000e+000
104  2.178000e+000
105  1.102000e+000
106  7.435000e-001
107  2.073000e+000
108  3.898000e+000
   2 
1  1.140000e+001
2  8.769000e+000
3  2.702000e+001
4  5.876000e+001
5  5.750000e+001
6  2.249000e+001
7  6.131000e+000
9  1.254000e+000
10  8.204000e-001
11  8.019000e+000
12  8.287000e+000
13  1.489000e+001
14  1.224000e+001
15  2.360000e+001
16  5.050000e+001
17  5.009000e+001
18  1.627000e+001
19  4.806000e+000
22  7.155000e-001
23  7.149000e+000
24  1.269000e+001
25  1.123000e+001
26  1.504000e+001
27  1.998000e+001
28  5.130000e+001
29  3.523000e+001
30  1.010000e+001
31  3.721000e+000
32  1.672000e+000
33  9.617000e-001
34  6.185000e-001
35  4.987000e-001
36  8.640000e-001
37  9.302000e-001
38  5.146000e+000
39  1.272000e+001
40  4.288000e+001
41  5.162000e+001
42  2.506000e+001
43  6.625000e+000
44  2.473000e+000
45  1.276000e+000
46  7.506000e-001
47  5.426000e-001
48  2.584000e+000
49  6.147000e+000
50  4.953000e+000
51  7.209000e+000
52  2.666000e+001
53  4.642000e+001
54  1.698000e+001
55  4.701000e+000
56  1.971000e+000
57  1.130000e+000
58  6.709000e-001
59  9.128000e-001
60  2.628000e+000
61  5.453000e+000
62  1.297000e+001
63  1.328000e+001
64  3.307000e+001
65  1.574000e+001
66  5.454000e+000
67  2.102000e+000
68  1.114000e+000
69  6.740000e-001
70  4.146000e-001
71  2.551000e-001
72  1.668000e-001
77  1.036000e+001
78  3.885000e+000
79  1.683000e+000
80  9.007000e-001
81  4.820000e-001
82  2.580000e-001
83  2.223000e-001
84  8.630000e-001
85  1.326000e+000
86  1.769000e+000
87  2.446000e+000
88  1.577000e+001
89  1.348000e+001
90  4.461000e+000
91  1.824000e+000
92  9.534000e-001
93  5.033000e-001
94  2.727000e-001
95  8.051000e-001
96  2.156000e+000
97  2.175000e+000
98  2.038000e+000
99  1.480000e+001
100  2.980000e+001
101  2.506000e+001
102  8.591000e+000
103  3.099000e+000
104  1.427000e+000
105  8.075000e-001
106  4.658000e-001
107  3.336000e-001
108  2.982000e+000
   3 
1  8.359000e+000
2  6.829000e+000
3  3.653000e+001
4  8.695000e+001
5  3.870000e+001
6  6.471000e+000
7  3.369000e+000
9  8.752000e-001
10  5.894000e-001
11  1.111000e+001
12  7.741000e+000
13  1.641000e+001
14  1.196000e+001
15  3.742000e+001
16  7.226000e+001
17  2.240000e+001
18  8.638000e+000
19  2.619000e+000
22  4.832000e-001
23  1.165000e+001
24  1.196000e+001
25  1.013000e+001
26  1.831000e+001
27  3.271000e+001
28  6.221000e+001
29  1.376000e+001
30  5.204000e+000
31  1.823000e+000
32  1.004000e+000
33  6.066000e-001
34  3.959000e-001
35  5.877000e-001
36  1.016000e+000
37  1.624000e+000
38  6.118000e+000
39  1.995000e+001
40  7.220000e+001
41  3.394000e+001
42  1.004000e+001
43  3.013000e+000
44  1.391000e+000
45  7.832000e-001
46  4.870000e-001
47  4.018000e-001
48  4.392000e+000
49  6.583000e+000
50  5.122000e+000
51  8.318000e+000
52  4.984000e+001
53  3.589000e+001
54  5.111000e+000
55  1.781000e+000
56  1.120000e+000
57  7.980000e-001
58  5.183000e-001
59  1.755000e+000
60  2.629000e+000
61  7.927000e+000
62  1.333000e+001
63  2.005000e+001
64  3.569000e+001
65  6.669000e+000
66  2.449000e+000
67  1.210000e+000
68  6.664000e-001
69  4.232000e-001
70  3.047000e-001
71  2.044000e-001
72  1.426000e-001
77  7.679000e+000
78  2.275000e+000
79  1.074000e+000
80  5.290000e-001
81  2.507000e-001
82  1.434000e-001
83  2.219000e-001
84  1.125000e+000
85  1.419000e+000
86  1.783000e+000
87  3.861000e+000
88  2.200000e+001
89  9.230000e+000
90  2.501000e+000
91  1.124000e+000
92  5.473000e-001
93  2.532000e-001
94  1.566000e-001
95  1.375000e+000
96  2.466000e+000
97  2.257000e+000
98  2.425000e+000
99  2.515000e+001
100  3.287000e+001
101  1.699000e+001
102  4.126000e+000
103  1.479000e+000
104  7.849000e-001
105  4.683000e-001
106  3.038000e-001
107  3.667000e-001
108  5.010000e+000
   4 
1  2.975000e+000
2  7.084000e+000
3  4.594000e+001
4  9.091000e+001
5  3.010000e+001
6  2.502000e+000
7  1.737000e+000
9  6.179000e-001
10  7.065000e-001
11  1.636000e+001
12  5.612000e+000
13  1.912000e+001
14  1.217000e+001
15  4.400000e+001
16  7.889000e+001
17  8.717000e+000
18  6.459000e+000
19  6.407000e-001
22  1.112000e+000
23  1.661000e+001
24  1.108000e+001
25  1.061000e+001
26  2.192000e+001
27  3.856000e+001
28  5.951000e+001
29  9.102000e+000
30  1.164000e+000
31  5.382000e-001
32  3.741000e-001
33  3.131000e-001
34  2.677000e-001
35  1.700000e+000
36  1.634000e-001
37  3.670000e+000
38  6.719000e+000
39  2.720000e+001
40  7.862000e+001
41  2.893000e+001
42  2.851000e+000
43  8.120000e-001
44  4.507000e-001
45  3.283000e-001
46  4.786000e-001
47  1.475000e+000
48  7.231000e+000
49  5.963000e+000
50  5.075000e+000
51  1.001000e+001
52  6.749000e+001
53  2.041000e+001
54  1.025000e+000
55  8.725000e-001
56  5.679000e-001
57  2.641000e-001
58  3.633000e-001
59  4.570000e+000
60  2.486000e+000
61  1.016000e+001
62  1.377000e+001
63  2.443000e+001
64  3.431000e+001
65  2.303000e+000
66  4.999000e-001
67  4.239000e-001
68  2.830000e-001
69  1.618000e-001
70  1.087000e-001
71  1.355000e-001
72  2.735000e-001
77  4.231000e+000
78  2.611000e-001
79  1.514000e-001
80  1.056000e-001
81  7.593000e-002
82  4.220000e-001
83  1.623000e+000
84  1.398000e+000
85  1.742000e+000
86  2.028000e+000
87  6.711000e+000
88  2.387000e+001
89  5.937000e+000
90  2.673000e-001
91  1.489000e-001
92  1.026000e-001
93  7.478000e-002
94  1.653000e+000
95  2.588000e+000
96  3.020000e+000
97  4.885000e-001
98  5.330000e+000
99  3.158000e+001
100  3.336000e+001
101  1.238000e+001
102  5.474000e-001
103  3.896000e-001
104  2.844000e-001
105  1.696000e-001
106  3.347000e-001
107  3.477000e+000
108  5.653000e+000
   5 
1  5.078000e+000
2  6.866000e+000
3  3.451000e+001
4  6.992000e+001
5  3.759000e+001
6  1.475000e+001
7  7.973000e+000
9  2.540000e+000
10  2.436000e+000
11  1.715000e+001
12  5.146000e+000
13  1.501000e+001
14  9.057000e+000
15  3.145000e+001
16  6.404000e+001
17  2.125000e+001
18  1.725000e+001
19  6.143000e+000
22  2.669000e+000
23  1.837000e+001
24  8.345000e+000
25  1.002000e+001
26  1.503000e+001
27  2.388000e+001
28  5.420000e+001
29  1.979000e+001
30  8.868000e+000
31  4.944000e+000
32  2.745000e+000
33  1.627000e+000
34  1.007000e+000
35  3.270000e+000
36  4.309000e-001
37  4.194000e+000
38  6.710000e+000
39  1.698000e+001
40  5.352000e+001
41  3.744000e+001
42  1.406000e+001
43  7.316000e+000
44  3.842000e+000
45  2.183000e+000
46  1.690000e+000
47  2.327000e+000
48  7.689000e+000
49  6.861000e+000
50  6.530000e+000
51  6.718000e+000
52  4.191000e+001
53  2.555000e+001
54  1.051000e+001
55  6.384000e+000
56  3.383000e+000
57  1.802000e+000
58  1.239000e+000
59  5.313000e+000
60  2.207000e+000
61  1.324000e+001
62  1.253000e+001
63  1.627000e+001
64  2.534000e+001
65  8.949000e+000
66  4.415000e+000
67  2.664000e+000
68  1.500000e+000
69  8.170000e-001
70  4.746000e-001
71  3.713000e-001
72  4.899000e-001
77  7.012000e+000
78  2.493000e+000
79  1.399000e+000
80  7.930000e-001
81  4.521000e-001
82  8.718000e-001
83  2.154000e+000
84  1.103000e+000
85  1.500000e+000
86  2.260000e+000
87  5.978000e+000
88  1.792000e+001
89  8.259000e+000
90  2.503000e+000
91  1.393000e+000
92  7.784000e-001
93  4.501000e-001
94  2.740000e+000
95  2.288000e+000
96  2.618000e+000
97  8.817000e-001
98  5.452000e+000
99  2.072000e+001
100  2.862000e+001
101  1.592000e+001
102  5.699000e+000
103  3.320000e+000
104  1.773000e+000
105  1.007000e+000
106  8.723000e-001
107  3.712000e+000
108  6.520000e+000
   6 
1  9.461000e+000
2  9.776000e+000
3  1.450000e+001
4  2.682000e+001
5  3.124000e+001
6  3.121000e+001
7  3.026000e+001
9  1.597000e+001
10  1.037000e+001
11  7.268000e+000
12  6.534000e+000
13  7.987000e+000
14  9.943000e+000
15  1.237000e+001
16  2.130000e+001
17  2.901000e+001
18  3.122000e+001
19  2.806000e+001
22  8.587000e+000
23  6.189000e+000
24  6.014000e+000
25  7.157000e+000
26  9.873000e+000
27  1.192000e+001
28  2.210000e+001
29  2.656000e+001
30  2.734000e+001
31  2.086000e+001
32  1.486000e+001
33  1.019000e+001
34  7.043000e+000
35  4.886000e+000
36  3.548000e+000
37  2.854000e+000
38  2.762000e+000
39  3.590000e+000
40  1.272000e+001
41  2.395000e+001
42  2.672000e+001
43  2.445000e+001
44  1.852000e+001
45  1.305000e+001
46  8.956000e+000
47  6.217000e+000
48  4.315000e+000
49  3.390000e+000
50  3.551000e+000
51  4.510000e+000
52  8.709000e+000
53  1.901000e+001
54  2.052000e+001
55  1.882000e+001
56  1.446000e+001
57  1.046000e+001
58  7.420000e+000
59  5.276000e+000
60  3.851000e+000
61  3.528000e+000
62  4.208000e+000
63  6.697000e+000
64  1.191000e+001
65  1.550000e+001
66  1.448000e+001
67  1.175000e+001
68  8.865000e+000
69  6.579000e+000
70  4.701000e+000
71  3.451000e+000
72  2.781000e+000
77  5.498000e+000
78  6.934000e+000
79  6.654000e+000
80  5.524000e+000
81  4.446000e+000
82  3.449000e+000
83  2.789000e+000
84  2.497000e+000
85  2.159000e+000
86  1.815000e+000
87  1.552000e+000
88  1.505000e+000
89  3.829000e+000
90  6.468000e+000
91  6.586000e+000
92  5.715000e+000
93  4.667000e+000
94  3.646000e+000
95  2.929000e+000
96  2.596000e+000
97  2.349000e+000
98  2.204000e+000
99  2.222000e+000
100  6.821000e+000
101  1.347000e+001
102  1.606000e+001
103  1.408000e+001
104  1.080000e+001
105  7.799000e+000
106  5.618000e+000
107  3.980000e+000
108  3.073000e+000
   7 
1  7.830000e+000
2  8.631000e+000
3  3.265000e+001
4  6.783000e+001
5  4.217000e+001
6  1.742000e+001
7  8.584000e+000
9  2.285000e+000
10  1.738000e+000
11  1.405000e+001
12  5.547000e+000
13  1.588000e+001
14  1.095000e+001
15  2.811000e+001
16  6.159000e+001
17  2.815000e+001
18  1.772000e+001
19  7.087000e+000
22  1.690000e+000
23  1.386000e+001
24  9.988000e+000
25  1.138000e+001
26  1.531000e+001
27  2.275000e+001
28  5.290000e+001
29  2.345000e+001
30  1.147000e+001
31  5.680000e+000
32  2.843000e+000
33  1.518000e+000
34  8.768000e-001
35  1.708000e+000
36  3.502000e-001
37  3.168000e+000
38  5.942000e+000
39  1.550000e+001
40  5.197000e+001
41  3.995000e+001
42  1.829000e+001
43  8.713000e+000
44  4.263000e+000
45  2.203000e+000
46  1.374000e+000
47  1.614000e+000
48  5.776000e+000
49  6.026000e+000
50  6.506000e+000
51  6.780000e+000
52  3.834000e+001
53  3.107000e+001
54  1.349000e+001
55  6.947000e+000
56  3.368000e+000
57  1.685000e+000
58  1.033000e+000
59  3.914000e+000
60  2.282000e+000
61  1.161000e+001
62  1.175000e+001
63  1.466000e+001
64  2.790000e+001
65  1.199000e+001
66  5.752000e+000
67  2.982000e+000
68  1.506000e+000
69  7.642000e-001
70  4.291000e-001
71  2.922000e-001
72  3.609000e-001
77  8.263000e+000
78  3.403000e+000
79  1.681000e+000
80  8.507000e-001
81  4.423000e-001
82  5.827000e-001
83  1.452000e+000
84  1.094000e+000
85  1.673000e+000
86  2.154000e+000
87  4.271000e+000
88  1.709000e+001
89  9.542000e+000
90  3.706000e+000
91  1.824000e+000
92  9.059000e-001
93  4.786000e-001
94  1.528000e+000
95  2.033000e+000
96  2.057000e+000
97  1.139000e+000
98  4.903000e+000
99  1.852000e+001
100  2.820000e+001
101  1.856000e+001
102  8.257000e+000
103  4.176000e+000
104  2.015000e+000
105  1.059000e+000
106  7.368000e-001
107  2.929000e+000
108  4.824000e+000
   8 
1  1.312000e+001
2  1.309000e+001
3  2.142000e+001
4  3.868000e+001
5  3.045000e+001
6  2.005000e+001
7  1.834000e+001
9  1.485000e+001
10  1.331000e+001
11  1.339000e+001
12  1.203000e+001
13  1.367000e+001
14  1.241000e+001
15  2.277000e+001
16  3.671000e+001
17  1.930000e+001
18  1.861000e+001
19  1.629000e+001
22  1.201000e+001
23  1.234000e+001
24  1.135000e+001
25  1.079000e+001
26  1.353000e+001
27  1.818000e+001
28  3.034000e+001
29  1.718000e+001
30  1.574000e+001
31  1.441000e+001
32  1.305000e+001
33  1.184000e+001
34  1.073000e+001
35  9.746000e+000
36  8.760000e+000
37  7.857000e+000
38  7.629000e+000
39  9.750000e+000
40  2.876000e+001
41  1.901000e+001
42  1.383000e+001
43  1.308000e+001
44  1.212000e+001
45  1.120000e+001
46  1.032000e+001
47  9.472000e+000
48  8.885000e+000
49  8.421000e+000
50  8.263000e+000
51  8.217000e+000
52  2.474000e+001
53  1.284000e+001
54  1.163000e+001
55  1.096000e+001
56  1.029000e+001
57  9.655000e+000
58  8.993000e+000
59  8.459000e+000
60  7.822000e+000
61  7.914000e+000
62  8.537000e+000
63  1.022000e+001
64  1.503000e+001
65  1.005000e+001
66  9.502000e+000
67  8.945000e+000
68  8.378000e+000
69  7.798000e+000
70  7.189000e+000
71  6.626000e+000
72  6.114000e+000
77  5.408000e+000
78  5.269000e+000
79  5.132000e+000
80  4.949000e+000
81  4.726000e+000
82  4.517000e+000
83  4.316000e+000
84  4.102000e+000
85  3.877000e+000
86  3.634000e+000
87  3.426000e+000
88  3.998000e+000
89  4.352000e+000
90  4.216000e+000
91  4.142000e+000
92  4.073000e+000
93  4.017000e+000
94  3.962000e+000
95  3.900000e+000
96  3.808000e+000
97  3.689000e+000
98  3.720000e+000
99  4.726000e+000
100  9.104000e+000
101  8.348000e+000
102  8.117000e+000
103  7.874000e+000
104  7.572000e+000
105  7.208000e+000
106  6.767000e+000
107  6.326000e+000
108  5.992000e+000
   9 
1  4.931000e+000
2  6.399000e+000
3  3.799000e+001
4  8.835000e+001
5  3.764000e+001
6  4.541000e+000
7  2.637000e+000
9  6.138000e-001
10  1.035000e+000
11  1.698000e+001
12  5.989000e+000
13  1.715000e+001
14  1.119000e+001
15  3.756000e+001
16  7.764000e+001
17  1.731000e+001
18  8.813000e+000
19  7.341000e-001
22  1.543000e+000
23  1.749000e+001
24  1.052000e+001
25  1.027000e+001
26  1.895000e+001
27  3.155000e+001
28  6.485000e+001
29  1.254000e+001
30  2.386000e+000
31  5.928000e-001
32  3.447000e-001
33  2.867000e-001
34  2.498000e-001
35  2.674000e+000
36  1.898000e-001
37  4.057000e+000
38  7.053000e+000
39  2.174000e+001
40  7.312000e+001
41  3.521000e+001
42  6.507000e+000
43  1.242000e+000
44  4.204000e-001
45  2.968000e-001
46  5.309000e-001
47  1.763000e+000
48  7.598000e+000
49  7.311000e+000
50  5.570000e+000
51  7.883000e+000
52  5.408000e+001
53  3.238000e+001
54  2.551000e+000
55  1.146000e+000
56  6.164000e-001
57  2.462000e-001
58  3.112000e-001
59  5.044000e+000
60  2.445000e+000
61  1.179000e+001
62  1.408000e+001
63  1.833000e+001
64  3.613000e+001
65  4.655000e+000
66  8.218000e-001
67  4.554000e-001
68  2.972000e-001
69  1.882000e-001
70  1.011000e-001
71  1.525000e-001
72  3.259000e-001
77  6.447000e+000
78  5.789000e-001
79  1.587000e-001
80  9.661000e-002
81  6.912000e-002
82  5.490000e-001
83  1.963000e+000
84  1.208000e+000
85  1.693000e+000
86  2.166000e+000
87  6.511000e+000
88  2.281000e+001
89  7.609000e+000
90  6.700000e-001
91  1.600000e-001
92  9.130000e-002
93  6.549000e-002
94  2.339000e+000
95  2.262000e+000
96  3.011000e+000
97  1.046000e+000
98  5.234000e+000
99  2.705000e+001
100  3.407000e+001
101  1.514000e+001
102  1.491000e+000
103  4.128000e-001
104  3.230000e-001
105  1.442000e-001
106  3.534000e-001
107  3.416000e+000
108  6.205000e+000
   10 
1  1.193000e+001
2  1.156000e+001
3  1.665000e+001
4  3.020000e+001
5  3.236000e+001
6  2.886000e+001
7  2.260000e+001
9  1.595000e+001
10  1.318000e+001
11  1.110000e+001
12  9.873000e+000
13  1.034000e+001
14  1.124000e+001
15  1.528000e+001
16  2.544000e+001
17  2.764000e+001
18  2.414000e+001
19  2.002000e+001
22  1.203000e+001
23  1.038000e+001
24  9.529000e+000
25  8.999000e+000
26  1.035000e+001
27  1.417000e+001
28  2.561000e+001
29  2.259000e+001
30  1.924000e+001
31  1.725000e+001
32  1.467000e+001
33  1.240000e+001
34  1.033000e+001
35  8.515000e+000
36  7.089000e+000
37  5.898000e+000
38  5.169000e+000
39  5.871000e+000
40  1.733000e+001
41  1.990000e+001
42  1.926000e+001
43  1.747000e+001
44  1.537000e+001
45  1.321000e+001
46  1.124000e+001
47  9.408000e+000
48  7.881000e+000
49  6.693000e+000
50  6.149000e+000
51  6.037000e+000
52  1.232000e+001
53  1.609000e+001
54  1.560000e+001
55  1.448000e+001
56  1.271000e+001
57  1.109000e+001
58  9.488000e+000
59  7.992000e+000
60  6.802000e+000
61  6.063000e+000
62  5.854000e+000
63  7.627000e+000
64  1.202000e+001
65  1.181000e+001
66  1.127000e+001
67  1.038000e+001
68  9.349000e+000
69  8.174000e+000
70  7.055000e+000
71  6.067000e+000
72  5.125000e+000
77  4.379000e+000
78  4.915000e+000
79  5.169000e+000
80  5.064000e+000
81  4.710000e+000
82  4.349000e+000
83  3.944000e+000
84  3.482000e+000
85  3.064000e+000
86  2.763000e+000
87  2.530000e+000
88  2.532000e+000
89  3.430000e+000
90  4.058000e+000
91  4.527000e+000
92  4.704000e+000
93  4.547000e+000
94  4.298000e+000
95  3.985000e+000
96  3.606000e+000
97  3.222000e+000
98  3.051000e+000
99  3.244000e+000
100  6.766000e+000
101  1.028000e+001
102  1.102000e+001
103  1.045000e+001
104  9.648000e+000
105  8.622000e+000
106  7.447000e+000
107  6.412000e+000
108  5.528000e+000
   11 
1  1.057000e+001
2  7.705000e+000
3  3.036000e+001
4  6.849000e+001
5  5.241000e+001
6  1.656000e+001
7  4.728000e+000
9  1.307000e+000
10  8.500000e-001
11  7.388000e+000
12  8.713000e+000
13  1.566000e+001
14  1.282000e+001
15  2.863000e+001
16  5.586000e+001
17  4.294000e+001
18  1.256000e+001
19  4.120000e+000
22  7.544000e-001
23  6.813000e+000
24  1.307000e+001
25  1.040000e+001
26  1.770000e+001
27  2.527000e+001
28  5.410000e+001
29  2.840000e+001
30  7.930000e+000
31  2.783000e+000
32  1.505000e+000
33  9.448000e-001
34  6.344000e-001
35  4.675000e-001
36  5.822000e-001
37  9.258000e-001
38  4.760000e+000
39  1.655000e+001
40  5.015000e+001
41  4.875000e+001
42  1.912000e+001
43  5.180000e+000
44  2.020000e+000
45  1.216000e+000
46  7.799000e-001
47  5.257000e-001
48  1.958000e+000
49  6.196000e+000
50  4.838000e+000
51  8.131000e+000
52  3.405000e+001
53  4.548000e+001
54  1.167000e+001
55  3.199000e+000
56  1.610000e+000
57  1.064000e+000
58  7.521000e-001
59  6.891000e-001
60  2.367000e+000
61  5.153000e+000
62  1.241000e+001
63  1.747000e+001
64  3.528000e+001
65  1.200000e+001
66  3.976000e+000
67  1.748000e+000
68  1.053000e+000
69  6.916000e-001
70  4.491000e-001
71  3.062000e-001
72  2.040000e-001
77  9.195000e+000
78  3.366000e+000
79  1.587000e+000
80  9.397000e-001
81  5.564000e-001
82  3.054000e-001
83  1.855000e-001
84  3.958000e-001
85  1.142000e+000
86  1.563000e+000
87  2.610000e+000
88  1.893000e+001
89  1.165000e+001
90  3.856000e+000
91  1.681000e+000
92  9.809000e-001
93  5.781000e-001
94  3.160000e-001
95  3.815000e-001
96  1.920000e+000
97  2.409000e+000
98  1.836000e+000
99  1.870000e+001
100  3.247000e+001
101  2.152000e+001
102  6.534000e+000
103  2.281000e+000
104  1.273000e+000
105  7.993000e-001
106  5.098000e-001
107  3.363000e-001
108  2.292000e+000
   12 
1  1.094000e+001
2  8.115000e+000
3  2.429000e+001
4  4.644000e+001
5  4.639000e+001
6  2.855000e+001
7  1.384000e+001
9  4.893000e+000
10  3.285000e+000
11  1.008000e+001
12  9.655000e+000
13  1.235000e+001
14  1.008000e+001
15  1.932000e+001
16  3.962000e+001
17  4.317000e+001
18  2.415000e+001
19  1.135000e+001
22  3.023000e+000
23  9.745000e+000
24  1.222000e+001
25  9.722000e+000
26  1.346000e+001
27  1.533000e+001
28  4.065000e+001
29  3.282000e+001
30  1.549000e+001
31  8.889000e+000
32  5.600000e+000
33  3.622000e+000
34  2.494000e+000
35  2.250000e+000
36  2.184000e+000
37  1.771000e+000
38  6.214000e+000
39  9.448000e+000
40  3.098000e+001
41  4.126000e+001
42  2.834000e+001
43  1.246000e+001
44  7.437000e+000
45  4.746000e+000
46  3.102000e+000
47  2.459000e+000
48  3.738000e+000
49  6.996000e+000
50  5.800000e+000
51  7.466000e+000
52  1.886000e+001
53  3.358000e+001
54  1.922000e+001
55  1.009000e+001
56  6.384000e+000
57  4.022000e+000
58  2.627000e+000
59  3.071000e+000
60  3.522000e+000
61  5.911000e+000
62  1.456000e+001
63  1.252000e+001
64  2.331000e+001
65  1.351000e+001
66  8.040000e+000
67  4.901000e+000
68  3.154000e+000
69  2.224000e+000
70  1.470000e+000
71  1.016000e+000
72  6.950000e-001
77  9.430000e+000
78  4.900000e+000
79  2.946000e+000
80  2.022000e+000
81  1.412000e+000
82  9.946000e-001
83  8.567000e-001
84  1.511000e+000
85  1.432000e+000
86  1.485000e+000
87  2.295000e+000
88  1.216000e+001
89  1.214000e+001
90  5.246000e+000
91  2.988000e+000
92  2.037000e+000
93  1.402000e+000
94  9.998000e-001
95  1.847000e+000
96  2.399000e+000
97  2.137000e+000
98  1.844000e+000
99  1.155000e+001
100  2.390000e+001
101  2.115000e+001
102  1.068000e+001
103  6.132000e+000
104  3.942000e+000
105  2.548000e+000
106  1.821000e+000
107  1.355000e+000
108  3.597000e+000
   13 
1  1.057000e+001
2  1.075000e+001
3  2.766000e+001
4  5.596000e+001
5  4.348000e+001
6  2.330000e+001
7  1.499000e+001
9  5.639000e+000
10  3.589000e+000
11  1.199000e+001
12  7.873000e+000
13  1.406000e+001
14  1.116000e+001
15  2.189000e+001
16  5.021000e+001
17  3.448000e+001
18  2.426000e+001
19  1.339000e+001
22  3.426000e+000
23  1.132000e+001
24  1.013000e+001
25  1.215000e+001
26  1.398000e+001
27  1.713000e+001
28  4.659000e+001
29  2.766000e+001
30  1.726000e+001
31  1.129000e+001
32  6.984000e+000
33  4.307000e+000
34  2.678000e+000
35  2.360000e+000
36  1.782000e+000
37  1.714000e+000
38  6.624000e+000
39  9.502000e+000
40  4.005000e+001
41  3.924000e+001
42  2.476000e+001
43  1.491000e+001
44  9.450000e+000
45  5.812000e+000
46  3.589000e+000
47  2.793000e+000
48  4.246000e+000
49  6.105000e+000
50  6.563000e+000
51  7.816000e+000
52  2.548000e+001
53  3.098000e+001
54  1.844000e+001
55  1.243000e+001
56  7.761000e+000
57  4.662000e+000
58  2.833000e+000
59  3.932000e+000
60  3.152000e+000
61  7.865000e+000
62  1.393000e+001
63  1.228000e+001
64  2.245000e+001
65  1.511000e+001
66  1.022000e+001
67  6.411000e+000
68  3.964000e+000
69  2.473000e+000
70  1.629000e+000
71  1.059000e+000
72  7.144000e-001
77  9.668000e+000
78  6.339000e+000
79  4.105000e+000
80  2.562000e+000
81  1.751000e+000
82  1.133000e+000
83  1.024000e+000
84  1.600000e+000
85  1.405000e+000
86  1.827000e+000
87  2.514000e+000
88  1.293000e+001
89  1.071000e+001
90  6.615000e+000
91  4.366000e+000
92  2.708000e+000
93  1.837000e+000
94  1.244000e+000
95  1.975000e+000
96  2.064000e+000
97  1.939000e+000
98  2.780000e+000
99  1.204000e+001
100  2.457000e+001
101  2.044000e+001
102  1.317000e+001
103  8.579000e+000
104  5.291000e+000
105  3.134000e+000
106  2.102000e+000
107  1.894000e+000
108  4.360000e+000
   14 
1  3.133000e+000
2  7.458000e+000
3  4.873000e+001
4  9.085000e+001
5  2.785000e+001
6  2.516000e+000
7  1.589000e+000
9  6.848000e-001
10  6.808000e-001
11  1.733000e+001
12  6.216000e+000
13  2.042000e+001
14  1.219000e+001
15  4.713000e+001
16  7.726000e+001
17  7.492000e+000
18  6.256000e+000
19  7.587000e-001
22  1.072000e+000
23  1.805000e+001
24  1.121000e+001
25  1.080000e+001
26  2.274000e+001
27  3.944000e+001
28  5.886000e+001
29  9.358000e+000
30  1.216000e+000
31  6.406000e-001
32  4.512000e-001
33  3.711000e-001
34  3.117000e-001
35  1.381000e+000
36  2.079000e-001
37  3.956000e+000
38  7.386000e+000
39  2.950000e+001
40  7.839000e+001
41  2.882000e+001
42  2.904000e+000
43  8.894000e-001
44  5.437000e-001
45  3.986000e-001
46  5.405000e-001
47  1.770000e+000
48  7.265000e+000
49  5.593000e+000
50  5.437000e+000
51  1.203000e+001
52  7.089000e+001
53  1.729000e+001
54  1.092000e+000
55  8.938000e-001
56  6.214000e-001
57  3.140000e-001
58  4.136000e-001
59  5.087000e+000
60  2.507000e+000
61  8.809000e+000
62  1.219000e+001
63  2.970000e+001
64  3.360000e+001
65  2.343000e+000
66  5.607000e-001
67  4.841000e-001
68  3.289000e-001
69  1.932000e-001
70  1.361000e-001
71  1.585000e-001
72  3.002000e-001
77  3.869000e+000
78  2.986000e-001
79  1.867000e-001
80  1.324000e-001
81  9.645000e-002
82  3.678000e-001
83  1.880000e+000
84  1.441000e+000
85  1.682000e+000
86  1.898000e+000
87  7.213000e+000
88  2.419000e+001
89  6.336000e+000
90  3.114000e-001
91  1.880000e-001
92  1.319000e-001
93  9.755000e-002
94  1.678000e+000
95  2.746000e+000
96  2.774000e+000
97  4.586000e-001
98  5.215000e+000
99  3.361000e+001
100  3.354000e+001
101  1.245000e+001
102  6.246000e-001
103  4.672000e-001
104  3.267000e-001
105  2.120000e-001
106  3.631000e-001
107  3.929000e+000
108  6.046000e+000
   15 
1  7.814000e+000
2  7.307000e+000
3  2.991000e+001
4  6.560000e+001
5  5.269000e+001
6  1.400000e+001
7  7.382000e+000
9  1.178000e+000
10  8.160000e-001
11  1.337000e+001
12  7.747000e+000
13  1.483000e+001
14  1.037000e+001
15  2.678000e+001
16  6.008000e+001
17  3.753000e+001
18  1.614000e+001
19  4.164000e+000
22  9.642000e-001
23  1.326000e+001
24  1.173000e+001
25  1.035000e+001
26  1.548000e+001
27  2.063000e+001
28  5.767000e+001
29  2.600000e+001
30  8.847000e+000
31  3.310000e+000
32  1.552000e+000
33  8.072000e-001
34  4.655000e-001
35  1.976000e+000
36  9.286000e-001
37  2.552000e+000
38  7.290000e+000
39  1.425000e+001
40  5.052000e+001
41  4.599000e+001
42  1.883000e+001
43  5.788000e+000
44  2.284000e+000
45  1.100000e+000
46  6.566000e-001
47  1.295000e+000
48  5.159000e+000
49  7.518000e+000
50  4.901000e+000
51  8.126000e+000
52  2.967000e+001
53  4.445000e+001
54  1.122000e+001
55  4.790000e+000
56  2.168000e+000
57  9.839000e-001
58  4.907000e-001
59  3.660000e+000
60  2.408000e+000
61  7.949000e+000
62  1.649000e+001
63  1.383000e+001
64  3.136000e+001
65  1.091000e+001
66  4.413000e+000
67  1.844000e+000
68  1.002000e+000
69  5.268000e-001
70  2.471000e-001
71  1.584000e-001
72  1.909000e-001
77  9.304000e+000
78  2.816000e+000
79  1.286000e+000
80  5.889000e-001
81  2.800000e-001
82  1.564000e-001
83  1.388000e+000
84  1.474000e+000
85  1.303000e+000
86  2.004000e+000
87  3.788000e+000
88  1.902000e+001
89  1.093000e+001
90  2.941000e+000
91  1.333000e+000
92  6.046000e-001
93  2.846000e-001
94  7.453000e-001
95  2.616000e+000
96  2.482000e+000
97  1.936000e+000
98  3.024000e+000
99  1.883000e+001
100  3.071000e+001
101  2.096000e+001
102  6.232000e+000
103  2.466000e+000
104  1.292000e+000
105  5.755000e-001
106  3.480000e-001
107  1.411000e+000
108  5.103000e+000
   16 
1  1.220000e+001
2  1.082000e+001
3  2.034000e+001
4  3.977000e+001
5  4.604000e+001
6  3.842000e+001
7  2.296000e+001
9  4.691000e+000
10  2.709000e+000
11  3.796000e+000
12  7.165000e+000
13  1.122000e+001
14  1.289000e+001
15  1.764000e+001
16  3.421000e+001
17  4.140000e+001
18  3.634000e+001
19  1.674000e+001
22  2.420000e+000
23  2.996000e+000
24  8.794000e+000
25  1.031000e+001
26  1.340000e+001
27  1.631000e+001
28  3.442000e+001
29  3.923000e+001
30  2.307000e+001
31  1.133000e+001
32  5.899000e+000
33  3.264000e+000
34  2.233000e+000
35  1.625000e+000
36  1.199000e+000
37  1.015000e+000
38  1.841000e+000
39  6.736000e+000
40  2.731000e+001
41  3.976000e+001
42  3.678000e+001
43  1.882000e+001
44  9.065000e+000
45  4.701000e+000
46  2.729000e+000
47  1.969000e+000
48  1.375000e+000
49  2.602000e+000
50  5.166000e+000
51  6.723000e+000
52  1.698000e+001
53  3.125000e+001
54  2.836000e+001
55  1.413000e+001
56  7.238000e+000
57  3.917000e+000
58  2.446000e+000
59  1.821000e+000
60  1.439000e+000
61  2.961000e+000
62  8.493000e+000
63  1.152000e+001
64  2.342000e+001
65  1.958000e+001
66  1.208000e+001
67  6.904000e+000
68  3.807000e+000
69  2.408000e+000
70  1.732000e+000
71  1.203000e+000
72  8.818000e-001
77  1.205000e+001
78  7.681000e+000
79  4.674000e+000
80  2.846000e+000
81  2.067000e+000
82  1.474000e+000
83  1.095000e+000
84  7.896000e-001
85  6.810000e-001
86  8.505000e-001
87  1.246000e+000
88  5.639000e+000
89  1.241000e+001
90  9.635000e+000
91  5.413000e+000
92  3.131000e+000
93  2.154000e+000
94  1.548000e+000
95  1.143000e+000
96  9.674000e-001
97  1.306000e+000
98  1.853000e+000
99  5.712000e+000
100  2.080000e+001
101  2.524000e+001
102  1.595000e+001
103  9.154000e+000
104  4.935000e+000
105  2.789000e+000
106  2.008000e+000
107  1.382000e+000
108  1.080000e+000
   17 
1  8.360000e+000
2  6.460000e+000
3  3.257000e+001
4  7.880000e+001
5  5.070000e+001
6  7.185000e+000
7  5.231000e+000
9  6.914000e-001
10  6.294000e-001
11  1.681000e+001
12  1.035000e+001
13  1.720000e+001
14  1.128000e+001
15  3.386000e+001
16  6.727000e+001
17  3.366000e+001
18  1.251000e+001
19  2.401000e+000
22  6.677000e-001
23  1.726000e+001
24  1.390000e+001
25  1.020000e+001
26  1.919000e+001
27  2.716000e+001
28  6.526000e+001
29  2.040000e+001
30  5.004000e+000
31  1.400000e+000
32  6.814000e-001
33  3.741000e-001
34  2.593000e-001
35  2.356000e+000
36  1.602000e+000
37  3.655000e+000
38  8.612000e+000
39  1.922000e+001
40  6.364000e+001
41  4.528000e+001
42  1.359000e+001
43  3.216000e+000
44  1.208000e+000
45  5.553000e-001
46  3.935000e-001
47  1.597000e+000
48  6.804000e+000
49  9.524000e+000
50  5.932000e+000
51  1.001000e+001
52  4.110000e+001
53  4.530000e+001
54  5.620000e+000
55  1.723000e+000
56  1.311000e+000
57  8.128000e-001
58  4.068000e-001
59  4.751000e+000
60  3.659000e+000
61  8.022000e+000
62  1.683000e+001
63  1.893000e+001
64  3.823000e+001
65  7.217000e+000
66  2.263000e+000
67  9.332000e-001
68  5.823000e-001
69  4.832000e-001
70  3.446000e-001
71  2.332000e-001
72  2.219000e-001
77  9.203000e+000
78  2.064000e+000
79  7.744000e-001
80  2.967000e-001
81  1.282000e-001
82  7.471000e-002
83  1.404000e+000
84  2.000000e+000
85  1.602000e+000
86  1.959000e+000
87  5.290000e+000
88  2.397000e+001
89  1.120000e+001
90  2.220000e+000
91  8.106000e-001
92  3.106000e-001
93  1.296000e-001
94  6.460000e-001
95  3.479000e+000
96  3.422000e+000
97  2.344000e+000
98  2.992000e+000
99  2.531000e+001
100  3.667000e+001
101  2.023000e+001
102  3.665000e+000
103  1.083000e+000
104  5.559000e-001
105  4.327000e-001
106  2.371000e-001
107  1.622000e+000
108  7.300000e+000
   18 
1  9.705000e+000
2  8.539000e+000
3  2.661000e+001
4  5.200000e+001
5  5.235000e+001
6  2.553000e+001
7  1.251000e+001
9  2.474000e+000
10  1.443000e+000
11  1.071000e+001
12  8.159000e+000
13  1.342000e+001
14  1.047000e+001
15  2.172000e+001
16  4.565000e+001
17  4.649000e+001
18  2.368000e+001
19  9.145000e+000
22  1.234000e+000
23  1.016000e+001
24  1.154000e+001
25  1.041000e+001
26  1.422000e+001
27  1.668000e+001
28  4.795000e+001
29  3.289000e+001
30  1.517000e+001
31  7.190000e+000
32  3.385000e+000
33  1.776000e+000
34  9.815000e-001
35  1.177000e+000
36  1.440000e+000
37  1.533000e+000
38  7.056000e+000
39  1.044000e+001
40  3.725000e+001
41  4.659000e+001
42  2.796000e+001
43  1.153000e+001
44  5.204000e+000
45  2.533000e+000
46  1.331000e+000
47  1.028000e+000
48  3.603000e+000
49  6.956000e+000
50  5.607000e+000
51  8.039000e+000
52  2.154000e+001
53  3.972000e+001
54  1.902000e+001
55  9.681000e+000
56  4.534000e+000
57  2.191000e+000
58  1.115000e+000
59  2.397000e+000
60  2.743000e+000
61  6.915000e+000
62  1.574000e+001
63  1.242000e+001
64  2.534000e+001
65  1.482000e+001
66  8.553000e+000
67  4.055000e+000
68  2.167000e+000
69  1.120000e+000
70  5.939000e-001
71  2.996000e-001
72  1.954000e-001
77  1.018000e+001
78  5.120000e+000
79  2.739000e+000
80  1.508000e+000
81  7.855000e-001
82  4.039000e-001
83  6.381000e-001
84  1.538000e+000
85  1.253000e+000
86  1.716000e+000
87  2.755000e+000
88  1.479000e+001
89  1.216000e+001
90  5.353000e+000
91  2.865000e+000
92  1.563000e+000
93  8.126000e-001
94  4.737000e-001
95  2.072000e+000
96  2.268000e+000
97  2.006000e+000
98  2.271000e+000
99  1.412000e+001
100  2.702000e+001
101  2.228000e+001
102  1.105000e+001
103  5.524000e+000
104  2.746000e+000
105  1.411000e+000
106  7.340000e-001
107  6.374000e-001
108  4.098000e+000
   19 
1  1.106000e+001
2  9.476000e+000
3  2.779000e+001
4  6.055000e+001
5  5.495000e+001
6  1.960000e+001
7  7.843000e+000
9  1.588000e+000
10  1.029000e+000
11  1.005000e+001
12  7.692000e+000
13  1.553000e+001
14  1.206000e+001
15  2.349000e+001
16  5.255000e+001
17  4.589000e+001
18  1.700000e+001
19  6.089000e+000
22  9.073000e-001
23  8.739000e+000
24  1.251000e+001
25  1.195000e+001
26  1.478000e+001
27  1.972000e+001
28  5.271000e+001
29  3.074000e+001
30  1.210000e+001
31  4.821000e+000
32  2.191000e+000
33  1.145000e+000
34  6.702000e-001
35  9.186000e-001
36  8.969000e-001
37  1.329000e+000
38  5.744000e+000
39  1.251000e+001
40  4.629000e+001
41  4.809000e+001
42  2.339000e+001
43  8.199000e+000
44  3.322000e+000
45  1.611000e+000
46  8.906000e-001
47  9.746000e-001
48  3.503000e+000
49  6.086000e+000
50  4.924000e+000
51  7.967000e+000
52  2.722000e+001
53  4.557000e+001
54  1.512000e+001
55  6.084000e+000
56  2.681000e+000
57  1.291000e+000
58  6.787000e-001
59  2.144000e+000
60  2.713000e+000
61  5.936000e+000
62  1.352000e+001
63  1.253000e+001
64  3.301000e+001
65  1.487000e+001
66  6.267000e+000
67  2.609000e+000
68  1.326000e+000
69  6.982000e-001
70  3.623000e-001
71  2.152000e-001
72  2.039000e-001
77  1.032000e+001
78  4.069000e+000
79  1.843000e+000
80  8.825000e-001
81  4.271000e-001
82  2.296000e-001
83  6.350000e-001
84  1.386000e+000
85  1.452000e+000
86  1.876000e+000
87  2.515000e+000
88  1.641000e+001
89  1.255000e+001
90  4.589000e+000
91  2.031000e+000
92  9.540000e-001
93  4.570000e-001
94  3.417000e-001
95  1.752000e+000
96  2.185000e+000
97  2.041000e+000
98  2.322000e+000
99  1.577000e+001
100  2.959000e+001
101  2.297000e+001
102  9.476000e+000
103  3.755000e+000
104  1.807000e+000
105  8.727000e-001
106  4.889000e-001
107  7.177000e-001
108  4.053000e+000
   20 
1  1.350000e+001
2  1.206000e+001
3  1.816000e+001
4  3.483000e+001
5  3.940000e+001
6  3.165000e+001
7  2.292000e+001
9  1.189000e+001
10  8.519000e+000
11  8.302000e+000
12  1.067000e+001
13  1.220000e+001
14  1.179000e+001
15  1.472000e+001
16  2.931000e+001
17  3.618000e+001
18  3.021000e+001
19  2.130000e+001
22  7.846000e+000
23  8.294000e+000
24  1.043000e+001
25  1.057000e+001
26  1.264000e+001
27  1.331000e+001
28  3.029000e+001
29  2.851000e+001
30  2.229000e+001
31  1.699000e+001
32  1.258000e+001
33  9.145000e+000
34  6.735000e+000
35  5.161000e+000
36  4.029000e+000
37  3.543000e+000
38  4.836000e+000
39  6.645000e+000
40  1.842000e+001
41  2.985000e+001
42  2.876000e+001
43  2.142000e+001
44  1.592000e+001
45  1.163000e+001
46  8.500000e+000
47  6.289000e+000
48  4.891000e+000
49  5.390000e+000
50  6.857000e+000
51  8.008000e+000
52  1.292000e+001
53  2.133000e+001
54  2.033000e+001
55  1.663000e+001
56  1.302000e+001
57  9.814000e+000
58  7.267000e+000
59  5.727000e+000
60  4.826000e+000
61  5.485000e+000
62  7.801000e+000
63  1.065000e+001
64  1.661000e+001
65  1.551000e+001
66  1.298000e+001
67  1.025000e+001
68  7.819000e+000
69  5.935000e+000
70  4.306000e+000
71  3.318000e+000
72  2.820000e+000
77  8.914000e+000
78  8.428000e+000
79  6.836000e+000
80  5.239000e+000
81  3.988000e+000
82  3.079000e+000
83  2.702000e+000
84  2.340000e+000
85  2.063000e+000
86  1.933000e+000
87  1.923000e+000
88  3.447000e+000
89  8.015000e+000
90  8.177000e+000
91  6.947000e+000
92  5.415000e+000
93  4.151000e+000
94  3.206000e+000
95  2.858000e+000
96  2.762000e+000
97  2.756000e+000
98  2.851000e+000
99  4.419000e+000
100  1.280000e+001
101  1.822000e+001
102  1.589000e+001
103  1.249000e+001
104  9.433000e+000
105  7.012000e+000
106  5.112000e+000
107  3.771000e+000
108  3.383000e+000
   21 
1  1.091000e+001
2  1.041000e+001
3  2.229000e+001
4  4.618000e+001
5  4.760000e+001
6  2.540000e+001
7  1.586000e+001
9  7.019000e+000
10  4.695000e+000
11  8.857000e+000
12  7.348000e+000
13  1.068000e+001
14  1.041000e+001
15  1.705000e+001
16  3.834000e+001
17  4.016000e+001
18  2.413000e+001
19  1.445000e+001
22  4.281000e+000
23  7.426000e+000
24  9.378000e+000
25  1.030000e+001
26  1.201000e+001
27  1.432000e+001
28  3.987000e+001
29  2.842000e+001
30  1.821000e+001
31  1.221000e+001
32  8.146000e+000
33  5.329000e+000
34  3.498000e+000
35  2.627000e+000
36  2.132000e+000
37  1.529000e+000
38  3.487000e+000
39  6.230000e+000
40  3.087000e+001
41  3.750000e+001
42  2.578000e+001
43  1.566000e+001
44  1.050000e+001
45  6.946000e+000
46  4.610000e+000
47  3.264000e+000
48  3.196000e+000
49  5.060000e+000
50  5.026000e+000
51  5.863000e+000
52  1.619000e+001
53  3.173000e+001
54  1.907000e+001
55  1.285000e+001
56  8.671000e+000
57  5.603000e+000
58  3.638000e+000
59  3.007000e+000
60  3.065000e+000
61  4.548000e+000
62  1.080000e+001
63  9.648000e+000
64  1.999000e+001
65  1.558000e+001
66  1.092000e+001
67  7.317000e+000
68  4.813000e+000
69  3.084000e+000
70  2.161000e+000
71  1.487000e+000
72  1.044000e+000
77  8.929000e+000
78  6.005000e+000
79  4.110000e+000
80  2.773000e+000
81  1.950000e+000
82  1.431000e+000
83  1.076000e+000
84  1.207000e+000
85  1.229000e+000
86  1.341000e+000
87  1.756000e+000
88  9.226000e+000
89  1.014000e+001
90  6.293000e+000
91  4.277000e+000
92  2.885000e+000
93  2.022000e+000
94  1.506000e+000
95  1.447000e+000
96  1.765000e+000
97  1.843000e+000
98  1.798000e+000
99  7.725000e+000
100  1.904000e+001
101  1.926000e+001
102  1.344000e+001
103  9.100000e+000
104  5.982000e+000
105  3.872000e+000
106  2.522000e+000
107  1.942000e+000
108  2.721000e+000
   22 
1  1.090000e+001
2  8.280000e+000
3  2.894000e+001
4  7.226000e+001
5  5.226000e+001
6  1.345000e+001
7  5.760000e+000
9  1.062000e+000
10  6.363000e-001
11  8.299000e+000
12  7.603000e+000
13  1.474000e+001
14  1.182000e+001
15  2.716000e+001
16  6.268000e+001
17  3.843000e+001
18  1.394000e+001
19  4.154000e+000
22  5.474000e-001
23  7.637000e+000
24  1.203000e+001
25  1.117000e+001
26  1.450000e+001
27  2.295000e+001
28  6.151000e+001
29  2.368000e+001
30  9.429000e+000
31  3.346000e+000
32  1.527000e+000
33  7.756000e-001
34  4.371000e-001
35  4.810000e-001
36  8.557000e-001
37  8.130000e-001
38  5.882000e+000
39  1.224000e+001
40  5.740000e+001
41  4.516000e+001
42  1.767000e+001
43  5.866000e+000
44  2.217000e+000
45  1.048000e+000
46  5.667000e-001
47  3.989000e-001
48  2.081000e+000
49  6.517000e+000
50  5.014000e+000
51  7.384000e+000
52  3.332000e+001
53  4.453000e+001
54  1.217000e+001
55  4.122000e+000
56  1.847000e+000
57  9.263000e-001
58  4.643000e-001
59  8.474000e-001
60  2.469000e+000
61  6.888000e+000
62  1.372000e+001
63  1.267000e+001
64  3.391000e+001
65  1.347000e+001
66  4.851000e+000
67  1.932000e+000
68  8.857000e-001
69  4.531000e-001
70  2.578000e-001
71  1.560000e-001
72  1.150000e-001
77  1.032000e+001
78  3.761000e+000
79  1.643000e+000
80  6.998000e-001
81  3.052000e-001
82  1.565000e-001
83  2.177000e-001
84  9.132000e-001
85  1.108000e+000
86  1.732000e+000
87  2.315000e+000
88  1.757000e+001
89  1.190000e+001
90  4.059000e+000
91  1.753000e+000
92  7.381000e-001
93  3.186000e-001
94  1.725000e-001
95  9.290000e-001
96  1.929000e+000
97  2.061000e+000
98  1.891000e+000
99  1.635000e+001
100  3.227000e+001
101  2.124000e+001
102  8.090000e+000
103  2.745000e+000
104  1.234000e+000
105  5.953000e-001
106  2.980000e-001
107  2.495000e-001
108  2.911000e+000
   23 
1  8.395000e+000
2  8.008000e+000
3  2.883000e+001
4  6.021000e+001
5  4.297000e+001
6  1.783000e+001
7  1.239000e+001
9  4.025000e+000
10  2.675000e+000
11  1.415000e+001
12  7.734000e+000
13  1.374000e+001
14  9.586000e+000
15  2.431000e+001
16  5.371000e+001
17  3.127000e+001
18  2.123000e+001
19  9.583000e+000
22  2.752000e+000
23  1.394000e+001
24  1.080000e+001
25  1.036000e+001
26  1.401000e+001
27  1.816000e+001
28  5.135000e+001
29  2.304000e+001
30  1.318000e+001
31  7.747000e+000
32  4.665000e+000
33  2.947000e+000
34  1.929000e+000
35  2.623000e+000
36  1.688000e+000
37  2.432000e+000
38  7.368000e+000
39  1.157000e+001
40  4.600000e+001
41  3.790000e+001
42  1.978000e+001
43  1.111000e+001
44  6.369000e+000
45  3.832000e+000
46  2.584000e+000
47  2.442000e+000
48  5.325000e+000
49  7.280000e+000
50  5.714000e+000
51  7.841000e+000
52  2.848000e+001
53  3.169000e+001
54  1.444000e+001
55  9.251000e+000
56  5.527000e+000
57  3.219000e+000
58  2.105000e+000
59  4.393000e+000
60  2.912000e+000
61  8.688000e+000
62  1.549000e+001
63  1.325000e+001
64  2.464000e+001
65  1.147000e+001
66  7.090000e+000
67  4.158000e+000
68  2.722000e+000
69  1.713000e+000
70  1.073000e+000
71  6.856000e-001
72  4.856000e-001
77  8.873000e+000
78  4.131000e+000
79  2.533000e+000
80  1.631000e+000
81  1.051000e+000
82  6.703000e-001
83  1.377000e+000
84  1.727000e+000
85  1.296000e+000
86  1.786000e+000
87  3.261000e+000
88  1.662000e+001
89  9.793000e+000
90  4.147000e+000
91  2.563000e+000
92  1.634000e+000
93  1.044000e+000
94  9.734000e-001
95  2.808000e+000
96  2.449000e+000
97  1.940000e+000
98  2.731000e+000
99  1.626000e+001
100  2.698000e+001
101  1.823000e+001
102  8.916000e+000
103  5.296000e+000
104  3.285000e+000
105  2.067000e+000
106  1.365000e+000
107  1.715000e+000
108  5.321000e+000
   24 
1  6.168000e+000
2  7.307000e+000
3  3.896000e+001
4  8.478000e+001
5  4.139000e+001
6  3.537000e+000
7  2.363000e+000
9  5.133000e-001
10  5.141000e-001
11  1.367000e+001
12  7.624000e+000
13  1.841000e+001
14  1.214000e+001
15  3.486000e+001
16  7.540000e+001
17  2.218000e+001
18  6.856000e+000
19  1.173000e+000
22  5.675000e-001
23  1.309000e+001
24  1.376000e+001
25  1.061000e+001
26  2.060000e+001
27  2.777000e+001
28  6.722000e+001
29  1.261000e+001
30  3.359000e+000
31  8.047000e-001
32  4.859000e-001
33  3.659000e-001
34  3.006000e-001
35  1.226000e+000
36  6.449000e-001
37  2.784000e+000
38  6.466000e+000
39  2.227000e+001
40  7.230000e+001
41  3.459000e+001
42  8.853000e+000
43  1.497000e+000
44  6.458000e-001
45  4.164000e-001
46  3.362000e-001
47  1.141000e+000
48  5.810000e+000
49  6.478000e+000
50  3.901000e+000
51  1.030000e+001
52  5.270000e+001
53  3.588000e+001
54  2.069000e+000
55  9.644000e-001
56  7.651000e-001
57  4.300000e-001
58  2.605000e-001
59  3.774000e+000
60  2.594000e+000
61  6.616000e+000
62  1.599000e+001
63  1.820000e+001
64  4.124000e+001
65  3.576000e+000
66  1.385000e+000
67  4.445000e-001
68  3.879000e-001
69  2.792000e-001
70  1.575000e-001
71  1.134000e-001
72  1.766000e-001
77  6.478000e+000
78  8.739000e-001
79  2.568000e-001
80  1.460000e-001
81  1.036000e-001
82  8.872000e-002
83  1.045000e+000
84  1.619000e+000
85  1.775000e+000
86  1.764000e+000
87  4.567000e+000
88  2.427000e+001
89  7.883000e+000
90  9.610000e-001
91  2.647000e-001
92  1.429000e-001
93  1.008000e-001
94  4.649000e-001
95  2.533000e+000
96  2.855000e+000
97  1.741000e+000
98  3.054000e+000
99  2.580000e+001
100  3.587000e+001
101  1.684000e+001
102  1.684000e+000
103  5.104000e-001
104  3.876000e-001
105  2.442000e-001
106  2.186000e-001
107  1.872000e+000
108  5.280000e+000
   25 
1  4.562000e+000
2  6.427000e+000
3  3.455000e+001
4  7.416000e+001
5  3.997000e+001
6  1.235000e+001
7  6.303000e+000
9  1.437000e+000
10  1.905000e+000
11  1.748000e+001
12  5.270000e+000
13  1.526000e+001
14  9.234000e+000
15  3.260000e+001
16  6.890000e+001
17  2.095000e+001
18  1.582000e+001
19  3.893000e+000
22  2.301000e+000
23  1.835000e+001
24  9.059000e+000
25  9.930000e+000
26  1.580000e+001
27  2.577000e+001
28  5.747000e+001
29  1.929000e+001
30  6.806000e+000
31  3.089000e+000
32  1.446000e+000
33  7.712000e-001
34  4.651000e-001
35  3.361000e+000
36  2.098000e-001
37  4.449000e+000
38  6.835000e+000
39  1.819000e+001
40  5.782000e+001
41  3.928000e+001
42  1.227000e+001
43  5.152000e+000
44  2.149000e+000
45  1.056000e+000
46  1.097000e+000
47  2.013000e+000
48  7.852000e+000
49  7.441000e+000
50  6.305000e+000
51  6.771000e+000
52  4.408000e+001
53  2.863000e+001
54  8.965000e+000
55  4.623000e+000
56  2.024000e+000
57  8.740000e-001
58  6.830000e-001
59  5.361000e+000
60  2.126000e+000
61  1.281000e+001
62  1.301000e+001
63  1.693000e+001
64  2.778000e+001
65  8.365000e+000
66  3.250000e+000
67  1.744000e+000
68  8.460000e-001
69  3.674000e-001
70  1.961000e-001
71  2.398000e-001
72  5.341000e-001
77  7.196000e+000
78  1.907000e+000
79  8.685000e-001
80  3.988000e-001
81  1.986000e-001
82  9.037000e-001
83  2.229000e+000
84  1.055000e+000
85  1.547000e+000
86  2.191000e+000
87  6.749000e+000
88  1.904000e+001
89  8.409000e+000
90  1.961000e+000
91  8.823000e-001
92  4.003000e-001
93  2.033000e-001
94  3.111000e+000
95  2.268000e+000
96  2.804000e+000
97  7.330000e-001
98  5.670000e+000
99  2.233000e+001
100  3.041000e+001
101  1.584000e+001
102  4.319000e+000
103  2.142000e+000
104  9.220000e-001
105  4.429000e-001
106  5.742000e-001
107  3.871000e+000
108  6.129000e+000
   26 
1  1.153000e+001
2  7.953000e+000
3  3.294000e+001
4  8.575000e+001
5  4.178000e+001
6  9.001000e+000
7  3.477000e+000
9  1.097000e+000
10  7.112000e-001
11  8.178000e+000
12  8.722000e+000
13  1.695000e+001
14  1.240000e+001
15  3.370000e+001
16  7.119000e+001
17  2.770000e+001
18  8.806000e+000
19  3.455000e+000
22  5.891000e-001
23  7.521000e+000
24  1.400000e+001
25  1.077000e+001
26  1.702000e+001
27  2.966000e+001
28  6.307000e+001
29  1.701000e+001
30  7.237000e+000
31  2.682000e+000
32  1.401000e+000
33  7.860000e-001
34  4.922000e-001
35  4.160000e-001
36  7.207000e-001
37  8.155000e-001
38  4.902000e+000
39  1.684000e+001
40  7.299000e+001
41  3.425000e+001
42  1.404000e+001
43  4.304000e+000
44  1.890000e+000
45  1.024000e+000
46  6.009000e-001
47  4.470000e-001
48  2.578000e+000
49  6.188000e+000
50  4.660000e+000
51  8.140000e+000
52  4.907000e+001
53  3.766000e+001
54  7.489000e+000
55  2.522000e+000
56  1.391000e+000
57  9.105000e-001
58  5.667000e-001
59  6.539000e-001
60  2.853000e+000
61  5.007000e+000
62  1.149000e+001
63  1.858000e+001
64  3.976000e+001
65  9.828000e+000
66  3.330000e+000
67  1.666000e+000
68  8.671000e-001
69  5.164000e-001
70  3.410000e-001
71  2.310000e-001
72  1.607000e-001
77  9.438000e+000
78  3.231000e+000
79  1.496000e+000
80  6.766000e-001
81  3.046000e-001
82  1.753000e-001
83  1.555000e-001
84  7.727000e-001
85  1.498000e+000
86  1.671000e+000
87  2.440000e+000
88  2.093000e+001
89  1.071000e+001
90  3.623000e+000
91  1.625000e+000
92  7.292000e-001
93  3.191000e-001
94  1.823000e-001
95  6.098000e-001
96  2.089000e+000
97  2.400000e+000
98  1.861000e+000
99  2.144000e+001
100  3.388000e+001
101  1.961000e+001
102  6.279000e+000
103  2.184000e+000
104  1.089000e+000
105  5.879000e-001
106  3.511000e-001
107  2.857000e-001
108  3.125000e+000
   27 
1  1.037000e+001
2  1.048000e+001
3  1.868000e+001
4  4.151000e+001
5  4.684000e+001
6  3.638000e+001
7  1.961000e+001
9  6.935000e+000
10  4.281000e+000
11  4.148000e+000
12  6.052000e+000
13  9.503000e+000
14  1.130000e+001
15  1.660000e+001
16  3.470000e+001
17  4.307000e+001
18  3.052000e+001
19  1.731000e+001
22  3.741000e+000
23  3.349000e+000
24  7.009000e+000
25  9.043000e+000
26  1.213000e+001
27  1.509000e+001
28  3.639000e+001
29  3.518000e+001
30  2.094000e+001
31  1.343000e+001
32  8.300000e+000
33  5.174000e+000
34  3.312000e+000
35  2.580000e+000
36  1.981000e+000
37  1.514000e+000
38  1.846000e+000
39  4.632000e+000
40  2.655000e+001
41  3.727000e+001
42  3.134000e+001
43  1.848000e+001
44  1.145000e+001
45  7.079000e+000
46  4.315000e+000
47  2.960000e+000
48  2.333000e+000
49  2.117000e+000
50  3.981000e+000
51  5.873000e+000
52  1.503000e+001
53  3.108000e+001
54  2.236000e+001
55  1.514000e+001
56  9.620000e+000
57  6.060000e+000
58  3.758000e+000
59  2.772000e+000
60  2.264000e+000
61  2.631000e+000
62  6.217000e+000
63  9.839000e+000
64  1.991000e+001
65  1.783000e+001
66  1.309000e+001
67  8.791000e+000
68  5.623000e+000
69  3.542000e+000
70  2.639000e+000
71  2.000000e+000
72  1.461000e+000
77  9.991000e+000
78  7.953000e+000
79  5.668000e+000
80  3.894000e+000
81  2.775000e+000
82  2.276000e+000
83  1.717000e+000
84  1.354000e+000
85  1.100000e+000
86  9.515000e-001
87  9.920000e-001
88  3.494000e+000
89  1.012000e+001
90  8.468000e+000
91  6.090000e+000
92  4.181000e+000
93  2.903000e+000
94  2.354000e+000
95  1.808000e+000
96  1.438000e+000
97  1.371000e+000
98  1.614000e+000
99  3.602000e+000
100  1.645000e+001
101  2.185000e+001
102  1.618000e+001
103  1.095000e+001
104  6.917000e+000
105  4.292000e+000
106  2.902000e+000
107  2.295000e+000
108  1.735000e+000
   28 
1  3.365000e+000
2  7.214000e+000
3  4.433000e+001
4  9.040000e+001
5  3.197000e+001
6  2.694000e+000
7  2.257000e+000
9  6.165000e-001
10  5.872000e-001
11  1.698000e+001
12  6.123000e+000
13  1.928000e+001
14  1.227000e+001
15  4.275000e+001
16  7.874000e+001
17  1.060000e+001
18  7.370000e+000
19  6.482000e-001
22  1.146000e+000
23  1.697000e+001
24  1.147000e+001
25  1.075000e+001
26  2.222000e+001
27  3.739000e+001
28  6.074000e+001
29  9.349000e+000
30  1.529000e+000
31  5.330000e-001
32  3.726000e-001
33  3.146000e-001
34  2.734000e-001
35  1.938000e+000
36  1.962000e-001
37  3.834000e+000
38  7.268000e+000
39  2.665000e+001
40  7.888000e+001
41  2.955000e+001
42  3.455000e+000
43  9.821000e-001
44  4.490000e-001
45  3.288000e-001
46  4.499000e-001
47  1.722000e+000
48  7.336000e+000
49  6.367000e+000
50  5.192000e+000
51  1.051000e+001
52  6.477000e+001
53  2.344000e+001
54  1.204000e+000
55  9.717000e-001
56  6.063000e-001
57  2.690000e-001
58  3.256000e-001
59  5.080000e+000
60  2.490000e+000
61  1.016000e+001
62  1.483000e+001
63  2.372000e+001
64  3.519000e+001
65  2.378000e+000
66  6.485000e-001
67  4.180000e-001
68  2.976000e-001
69  1.915000e-001
70  1.135000e-001
71  1.360000e-001
72  2.593000e-001
77  4.826000e+000
78  3.219000e-001
79  1.540000e-001
80  1.087000e-001
81  7.922000e-002
82  3.401000e-001
83  1.716000e+000
84  1.555000e+000
85  1.752000e+000
86  2.048000e+000
87  6.717000e+000
88  2.432000e+001
89  6.331000e+000
90  3.163000e-001
91  1.500000e-001
92  1.044000e-001
93  7.667000e-002
94  1.659000e+000
95  2.541000e+000
96  3.147000e+000
97  7.789000e-001
98  5.148000e+000
99  3.184000e+001
100  3.396000e+001
101  1.283000e+001
102  6.622000e-001
103  3.629000e-001
104  3.293000e-001
105  1.700000e-001
106  3.249000e-001
107  3.515000e+000
108  5.824000e+000
   29 
1  8.566000e+000
2  9.350000e+000
3  3.235000e+001
4  6.817000e+001
5  4.541000e+001
6  1.775000e+001
7  9.131000e+000
9  2.306000e+000
10  1.491000e+000
11  1.514000e+001
12  7.237000e+000
13  1.710000e+001
14  1.155000e+001
15  2.834000e+001
16  6.274000e+001
17  3.052000e+001
18  1.944000e+001
19  7.396000e+000
22  1.887000e+000
23  1.451000e+001
24  1.130000e+001
25  1.246000e+001
26  1.614000e+001
27  2.310000e+001
28  5.531000e+001
29  2.492000e+001
30  1.207000e+001
31  5.854000e+000
32  2.844000e+000
33  1.549000e+000
34  8.982000e-001
35  2.015000e+000
36  4.328000e-001
37  3.259000e+000
38  7.383000e+000
39  1.582000e+001
40  5.383000e+001
41  4.217000e+001
42  1.958000e+001
43  9.168000e+000
44  4.306000e+000
45  2.191000e+000
46  1.352000e+000
47  2.123000e+000
48  5.845000e+000
49  6.677000e+000
50  6.979000e+000
51  8.305000e+000
52  3.780000e+001
53  3.445000e+001
54  1.414000e+001
55  7.311000e+000
56  3.497000e+000
57  1.693000e+000
58  1.021000e+000
59  4.795000e+000
60  2.453000e+000
61  1.116000e+001
62  1.373000e+001
63  1.528000e+001
64  2.973000e+001
65  1.280000e+001
66  6.119000e+000
67  3.113000e+000
68  1.565000e+000
69  8.249000e-001
70  4.364000e-001
71  2.841000e-001
72  3.447000e-001
77  9.731000e+000
78  4.015000e+000
79  1.963000e+000
80  9.870000e-001
81  5.108000e-001
82  4.461000e-001
83  1.775000e+000
84  1.468000e+000
85  1.626000e+000
86  2.354000e+000
87  4.180000e+000
88  1.823000e+001
89  1.107000e+001
90  4.436000e+000
91  2.150000e+000
92  1.064000e+000
93  5.518000e-001
94  1.591000e+000
95  2.286000e+000
96  2.395000e+000
97  1.419000e+000
98  4.706000e+000
99  1.960000e+001
100  3.062000e+001
101  2.050000e+001
102  9.061000e+000
103  4.449000e+000
104  2.153000e+000
105  1.103000e+000
106  7.630000e-001
107  3.109000e+000
108  5.091000e+000
   30 
1  9.232000e+000
2  7.520000e+000
3  3.228000e+001
4  7.663000e+001
5  5.179000e+001
6  7.773000e+000
7  2.726000e+000
9  6.346000e-001
10  5.798000e-001
11  1.149000e+001
12  7.562000e+000
13  1.695000e+001
14  1.182000e+001
15  2.922000e+001
16  6.663000e+001
17  3.603000e+001
18  8.234000e+000
19  1.911000e+000
22  6.226000e-001
23  1.035000e+001
24  1.381000e+001
25  1.101000e+001
26  1.668000e+001
27  2.401000e+001
28  6.349000e+001
29  2.145000e+001
30  5.593000e+000
31  1.454000e+000
32  6.598000e-001
33  4.516000e-001
34  3.602000e-001
35  1.063000e+000
36  6.110000e-001
37  1.980000e+000
38  5.584000e+000
39  1.686000e+001
40  6.070000e+001
41  4.524000e+001
42  1.396000e+001
43  2.625000e+000
44  8.976000e-001
45  5.184000e-001
46  4.080000e-001
47  9.805000e-001
48  4.469000e+000
49  6.309000e+000
50  4.161000e+000
51  7.975000e+000
52  3.668000e+001
53  4.933000e+001
54  5.862000e+000
55  1.537000e+000
56  8.540000e-001
57  4.703000e-001
58  3.130000e-001
59  2.604000e+000
60  2.668000e+000
61  6.625000e+000
62  1.326000e+001
63  1.485000e+001
64  4.054000e+001
65  8.704000e+000
66  2.150000e+000
67  7.063000e-001
68  4.664000e-001
69  3.137000e-001
70  1.838000e-001
71  1.389000e-001
72  2.121000e-001
77  8.764000e+000
78  1.751000e+000
79  4.775000e-001
80  1.985000e-001
81  1.300000e-001
82  1.120000e-001
83  8.637000e-001
84  1.442000e+000
85  1.631000e+000
86  1.841000e+000
87  3.204000e+000
88  2.092000e+001
89  1.062000e+001
90  2.048000e+000
91  5.323000e-001
92  2.036000e-001
93  1.287000e-001
94  3.481000e-001
95  2.103000e+000
96  2.397000e+000
97  2.050000e+000
98  2.380000e+000
99  2.066000e+001
100  3.400000e+001
101  2.053000e+001
102  4.220000e+000
103  1.002000e+000
104  5.045000e-001
105  2.827000e-001
106  2.704000e-001
107  1.090000e+000
108  4.621000e+000
   31 
1  1.294000e+001
2  9.824000e+000
3  2.325000e+001
4  4.196000e+001
5  4.565000e+001
6  3.534000e+001
7  1.821000e+001
9  5.669000e+000
10  3.870000e+000
11  9.232000e+000
12  1.118000e+001
13  1.342000e+001
14  1.211000e+001
15  1.816000e+001
16  3.570000e+001
17  4.245000e+001
18  3.260000e+001
19  1.456000e+001
22  3.543000e+000
23  8.728000e+000
24  1.290000e+001
25  1.099000e+001
26  1.452000e+001
27  1.549000e+001
28  3.619000e+001
29  3.678000e+001
30  2.081000e+001
31  1.087000e+001
32  6.790000e+000
33  4.463000e+000
34  2.893000e+000
35  2.392000e+000
36  2.255000e+000
37  1.901000e+000
38  6.304000e+000
39  9.675000e+000
40  2.778000e+001
41  3.809000e+001
42  3.620000e+001
43  1.683000e+001
44  9.176000e+000
45  5.801000e+000
46  3.788000e+000
47  2.825000e+000
48  3.719000e+000
49  6.858000e+000
50  6.531000e+000
51  8.559000e+000
52  1.808000e+001
53  3.072000e+001
54  2.536000e+001
55  1.235000e+001
56  7.667000e+000
57  4.891000e+000
58  3.078000e+000
59  3.347000e+000
60  3.997000e+000
61  5.374000e+000
62  1.431000e+001
63  1.324000e+001
64  2.304000e+001
65  1.676000e+001
66  9.770000e+000
67  6.061000e+000
68  3.983000e+000
69  2.598000e+000
70  1.890000e+000
71  1.263000e+000
72  9.130000e-001
77  1.093000e+001
78  6.360000e+000
79  3.911000e+000
80  2.550000e+000
81  1.855000e+000
82  1.310000e+000
83  1.018000e+000
84  1.446000e+000
85  1.641000e+000
86  1.639000e+000
87  2.212000e+000
88  1.024000e+001
89  1.349000e+001
90  7.298000e+000
91  4.204000e+000
92  2.683000e+000
93  1.925000e+000
94  1.371000e+000
95  1.753000e+000
96  2.497000e+000
97  2.245000e+000
98  2.027000e+000
99  1.014000e+001
100  2.305000e+001
101  2.432000e+001
102  1.360000e+001
103  8.050000e+000
104  5.140000e+000
105  3.270000e+000
106  2.225000e+000
107  1.723000e+000
108  3.443000e+000
   32 
1  5.788000e+000
2  6.860000e+000
3  3.990000e+001
4  9.020000e+001
5  3.835000e+001
6  4.036000e+000
7  4.276000e+000
9  4.370000e-001
10  5.728000e-001
11  1.757000e+001
12  8.869000e+000
13  1.881000e+001
14  1.180000e+001
15  4.097000e+001
16  7.691000e+001
17  1.856000e+001
18  1.079000e+001
19  1.252000e+000
22  9.358000e-001
23  1.758000e+001
24  1.300000e+001
25  1.087000e+001
26  2.175000e+001
27  3.424000e+001
28  6.580000e+001
29  1.285000e+001
30  3.411000e+000
31  7.858000e-001
32  3.974000e-001
33  2.835000e-001
34  2.305000e-001
35  2.424000e+000
36  7.713000e-001
37  3.811000e+000
38  8.624000e+000
39  2.406000e+001
40  7.751000e+001
41  3.426000e+001
42  7.937000e+000
43  2.148000e+000
44  6.316000e-001
45  3.325000e-001
46  3.985000e-001
47  1.752000e+000
48  7.288000e+000
49  8.213000e+000
50  5.551000e+000
51  1.106000e+001
52  5.556000e+001
53  3.465000e+001
54  2.766000e+000
55  1.295000e+000
56  9.354000e-001
57  4.180000e-001
58  2.142000e-001
59  5.640000e+000
60  2.726000e+000
61  1.020000e+001
62  1.585000e+001
63  2.264000e+001
64  3.801000e+001
65  3.576000e+000
66  1.642000e+000
67  4.140000e-001
68  4.880000e-001
69  3.326000e-001
70  1.399000e-001
71  1.474000e-001
72  2.074000e-001
77  7.745000e+000
78  1.109000e+000
79  2.420000e-001
80  1.206000e-001
81  8.370000e-002
82  8.364000e-002
83  1.794000e+000
84  1.642000e+000
85  1.554000e+000
86  2.108000e+000
87  5.977000e+000
88  2.531000e+001
89  9.324000e+000
90  1.164000e+000
91  2.439000e-001
92  1.181000e-001
93  8.167000e-002
94  1.177000e+000
95  2.874000e+000
96  3.118000e+000
97  1.918000e+000
98  3.771000e+000
99  3.087000e+001
100  3.650000e+001
101  1.673000e+001
102  1.915000e+000
103  4.602000e-001
104  4.643000e-001
105  2.251000e-001
106  2.169000e-001
107  2.586000e+000
108  6.969000e+000
   33 
1  5.964000e+000
2  7.001000e+000
3  3.821000e+001
4  8.456000e+001
5  3.956000e+001
6  7.648000e+000
7  2.781000e+000
9  6.795000e-001
10  1.145000e+000
11  1.684000e+001
12  6.073000e+000
13  1.803000e+001
14  1.151000e+001
15  3.630000e+001
16  7.543000e+001
17  2.039000e+001
18  1.040000e+001
19  1.313000e+000
22  1.491000e+000
23  1.714000e+001
24  1.090000e+001
25  1.073000e+001
26  1.877000e+001
27  3.004000e+001
28  6.294000e+001
29  1.649000e+001
30  3.900000e+000
31  1.035000e+000
32  4.521000e-001
33  3.331000e-001
34  2.776000e-001
35  2.278000e+000
36  1.780000e-001
37  4.205000e+000
38  7.092000e+000
39  2.147000e+001
40  6.916000e+001
41  3.831000e+001
42  9.546000e+000
43  2.141000e+000
44  6.338000e-001
45  3.647000e-001
46  5.716000e-001
47  1.755000e+000
48  7.514000e+000
49  7.003000e+000
50  6.333000e+000
51  8.211000e+000
52  5.212000e+001
53  3.277000e+001
54  5.180000e+000
55  1.741000e+000
56  7.126000e-001
57  2.898000e-001
58  4.040000e-001
59  5.071000e+000
60  2.492000e+000
61  1.269000e+001
62  1.293000e+001
63  1.835000e+001
64  3.510000e+001
65  7.227000e+000
66  1.511000e+000
67  6.630000e-001
68  3.474000e-001
69  1.662000e-001
70  1.122000e-001
71  1.574000e-001
72  4.101000e-001
77  7.282000e+000
78  1.105000e+000
79  2.861000e-001
80  1.269000e-001
81  8.181000e-002
82  6.225000e-001
83  1.855000e+000
84  1.238000e+000
85  1.831000e+000
86  2.219000e+000
87  6.094000e+000
88  2.184000e+001
89  8.796000e+000
90  1.284000e+000
91  3.094000e-001
92  1.267000e-001
93  8.153000e-002
94  2.218000e+000
95  2.337000e+000
96  2.768000e+000
97  1.011000e+000
98  5.403000e+000
99  2.584000e+001
100  3.407000e+001
101  1.683000e+001
102  2.905000e+000
103  8.297000e-001
104  3.310000e-001
105  1.802000e-001
106  3.898000e-001
107  3.634000e+000
108  6.119000e+000
   34 
1  5.275000e+000
2  7.333000e+000
3  3.865000e+001
4  8.885000e+001
5  3.815000e+001
6  3.345000e+000
7  1.851000e+000
9  6.653000e-001
10  5.270000e-001
11  1.456000e+001
12  6.618000e+000
13  1.844000e+001
14  1.208000e+001
15  3.570000e+001
16  7.770000e+001
17  1.890000e+001
18  6.468000e+000
19  8.602000e-001
22  9.909000e-001
23  1.364000e+001
24  1.321000e+001
25  1.079000e+001
26  2.013000e+001
27  2.954000e+001
28  6.663000e+001
29  1.144000e+001
30  2.771000e+000
31  6.656000e-001
32  4.477000e-001
33  3.663000e-001
34  3.086000e-001
35  1.500000e+000
36  2.072000e-001
37  3.296000e+000
38  5.805000e+000
39  2.237000e+001
40  7.559000e+001
41  3.308000e+001
42  7.157000e+000
43  1.111000e+000
44  5.402000e-001
45  3.935000e-001
46  4.737000e-001
47  1.399000e+000
48  6.187000e+000
49  6.269000e+000
50  4.291000e+000
51  8.981000e+000
52  5.512000e+001
53  3.378000e+001
54  1.768000e+000
55  9.315000e-001
56  6.351000e-001
57  3.155000e-001
58  3.554000e-001
59  4.096000e+000
60  2.500000e+000
61  8.339000e+000
62  1.394000e+001
63  1.904000e+001
64  4.026000e+001
65  3.423000e+000
66  8.898000e-001
67  4.565000e-001
68  3.206000e-001
69  2.116000e-001
70  1.347000e-001
71  1.439000e-001
72  2.527000e-001
77  6.159000e+000
78  4.840000e-001
79  1.858000e-001
80  1.298000e-001
81  9.431000e-002
82  2.869000e-001
83  1.394000e+000
84  1.562000e+000
85  1.777000e+000
86  1.828000e+000
87  4.978000e+000
88  2.419000e+001
89  7.057000e+000
90  5.830000e-001
91  1.855000e-001
92  1.274000e-001
93  9.284000e-002
94  1.234000e+000
95  2.402000e+000
96  2.769000e+000
97  1.146000e+000
98  4.131000e+000
99  2.719000e+001
100  3.501000e+001
101  1.532000e+001
102  1.292000e+000
103  4.376000e-001
104  3.547000e-001
105  2.053000e-001
106  3.251000e-001
107  2.771000e+000
108  5.087000e+000
   35 
1  1.344000e+001
2  1.378000e+001
3  2.229000e+001
4  3.746000e+001
5  2.674000e+001
6  1.857000e+001
7  1.753000e+001
9  1.513000e+001
10  1.390000e+001
11  1.485000e+001
12  1.264000e+001
13  1.486000e+001
14  1.318000e+001
15  2.167000e+001
16  3.302000e+001
17  1.828000e+001
18  1.801000e+001
19  1.602000e+001
22  1.264000e+001
23  1.396000e+001
24  1.206000e+001
25  1.165000e+001
26  1.404000e+001
27  1.761000e+001
28  2.676000e+001
29  1.600000e+001
30  1.516000e+001
31  1.420000e+001
32  1.315000e+001
33  1.218000e+001
34  1.128000e+001
35  1.050000e+001
36  9.703000e+000
37  8.956000e+000
38  8.667000e+000
39  1.140000e+001
40  2.702000e+001
41  1.799000e+001
42  1.280000e+001
43  1.231000e+001
44  1.166000e+001
45  1.102000e+001
46  1.037000e+001
47  9.741000e+000
48  9.248000e+000
49  8.811000e+000
50  8.752000e+000
51  8.692000e+000
52  2.325000e+001
53  1.212000e+001
54  1.105000e+001
55  1.060000e+001
56  1.009000e+001
57  9.616000e+000
58  9.135000e+000
59  8.776000e+000
60  8.321000e+000
61  8.637000e+000
62  9.107000e+000
63  1.085000e+001
64  1.454000e+001
65  9.646000e+000
66  9.237000e+000
67  8.802000e+000
68  8.362000e+000
69  7.923000e+000
70  7.464000e+000
71  6.988000e+000
72  6.537000e+000
77  5.838000e+000
78  5.582000e+000
79  5.349000e+000
80  5.112000e+000
81  4.873000e+000
82  4.657000e+000
83  4.465000e+000
84  4.274000e+000
85  4.083000e+000
86  3.892000e+000
87  3.711000e+000
88  4.186000e+000
89  4.285000e+000
90  4.096000e+000
91  3.974000e+000
92  3.882000e+000
93  3.821000e+000
94  3.773000e+000
95  3.734000e+000
96  3.687000e+000
97  3.611000e+000
98  3.673000e+000
99  4.455000e+000
100  7.991000e+000
101  6.762000e+000
102  6.784000e+000
103  6.729000e+000
104  6.630000e+000
105  6.484000e+000
106  6.279000e+000
107  6.061000e+000
108  5.956000e+000
   36 
1  1.096000e+001
2  8.517000e+000
3  2.735000e+001
4  6.089000e+001
5  5.671000e+001
6  2.042000e+001
7  6.548000e+000
9  1.446000e+000
10  9.198000e-001
11  7.790000e+000
12  8.113000e+000
13  1.437000e+001
14  1.195000e+001
15  2.490000e+001
16  5.305000e+001
17  4.697000e+001
18  1.549000e+001
19  5.237000e+000
22  8.125000e-001
23  7.124000e+000
24  1.203000e+001
25  1.101000e+001
26  1.479000e+001
27  2.131000e+001
28  5.289000e+001
29  3.239000e+001
30  9.828000e+000
31  4.024000e+000
32  1.837000e+000
33  1.133000e+000
34  7.294000e-001
35  5.450000e-001
36  7.685000e-001
37  9.867000e-001
38  5.005000e+000
39  1.273000e+001
40  4.574000e+001
41  5.033000e+001
42  2.225000e+001
43  6.839000e+000
44  2.777000e+000
45  1.456000e+000
46  8.760000e-001
47  6.067000e-001
48  2.192000e+000
49  6.101000e+000
50  5.261000e+000
51  7.018000e+000
52  2.875000e+001
53  4.560000e+001
54  1.448000e+001
55  5.089000e+000
56  2.231000e+000
57  1.327000e+000
58  8.148000e-001
59  7.724000e-001
60  2.344000e+000
61  6.071000e+000
62  1.257000e+001
63  1.395000e+001
64  3.288000e+001
65  1.393000e+001
66  5.739000e+000
67  2.375000e+000
68  1.308000e+000
69  7.959000e-001
70  5.161000e-001
71  3.299000e-001
72  2.088000e-001
77  9.693000e+000
78  4.049000e+000
79  1.861000e+000
80  1.088000e+000
81  6.563000e-001
82  3.709000e-001
83  2.420000e-001
84  6.045000e-001
85  1.206000e+000
86  1.693000e+000
87  2.493000e+000
88  1.596000e+001
89  1.279000e+001
90  4.550000e+000
91  2.009000e+000
92  1.142000e+000
93  6.752000e-001
94  3.819000e-001
95  5.876000e-001
96  1.938000e+000
97  2.188000e+000
98  2.173000e+000
99  1.551000e+001
100  3.035000e+001
101  2.288000e+001
102  8.353000e+000
103  3.430000e+000
104  1.584000e+000
105  9.596000e-001
106  6.027000e-001
107  3.842000e-001
108  2.633000e+000
   37 
1  1.231000e+001
2  1.134000e+001
3  1.548000e+001
4  2.411000e+001
5  2.780000e+001
6  2.761000e+001
7  2.855000e+001
9  1.742000e+001
10  1.370000e+001
11  1.121000e+001
12  9.887000e+000
13  9.816000e+000
14  1.084000e+001
15  1.318000e+001
16  2.024000e+001
17  2.250000e+001
18  2.492000e+001
19  2.583000e+001
22  1.230000e+001
23  1.014000e+001
24  9.252000e+000
25  8.737000e+000
26  9.945000e+000
27  1.196000e+001
28  2.087000e+001
29  2.324000e+001
30  2.320000e+001
31  1.849000e+001
32  1.520000e+001
33  1.237000e+001
34  9.964000e+000
35  7.937000e+000
36  6.298000e+000
37  5.081000e+000
38  4.343000e+000
39  4.504000e+000
40  1.334000e+001
41  1.981000e+001
42  2.230000e+001
43  1.983000e+001
44  1.595000e+001
45  1.364000e+001
46  1.117000e+001
47  9.051000e+000
48  7.249000e+000
49  5.950000e+000
50  5.480000e+000
51  5.327000e+000
52  8.992000e+000
53  1.748000e+001
54  1.627000e+001
55  1.503000e+001
56  1.329000e+001
57  1.123000e+001
58  9.324000e+000
59  7.617000e+000
60  6.185000e+000
61  5.345000e+000
62  5.517000e+000
63  6.587000e+000
64  1.116000e+001
65  1.249000e+001
66  1.221000e+001
67  1.080000e+001
68  9.265000e+000
69  7.870000e+000
70  6.530000e+000
71  5.409000e+000
72  4.455000e+000
77  4.785000e+000
78  5.488000e+000
79  5.300000e+000
80  4.981000e+000
81  4.497000e+000
82  3.910000e+000
83  3.432000e+000
84  2.997000e+000
85  2.577000e+000
86  2.259000e+000
87  2.047000e+000
88  2.087000e+000
89  3.452000e+000
90  4.916000e+000
91  5.069000e+000
92  4.870000e+000
93  4.549000e+000
94  4.050000e+000
95  3.595000e+000
96  3.211000e+000
97  2.854000e+000
98  2.673000e+000
99  2.646000e+000
100  5.722000e+000
101  1.039000e+001
102  1.231000e+001
103  1.163000e+001
104  1.014000e+001
105  8.685000e+000
106  7.284000e+000
107  5.965000e+000
108  4.948000e+000
   38 
1  1.502000e+001
2  1.534000e+001
3  1.764000e+001
4  1.956000e+001
5  1.952000e+001
6  1.880000e+001
7  1.894000e+001
9  1.823000e+001
10  1.757000e+001
11  1.691000e+001
12  1.628000e+001
13  1.594000e+001
14  1.630000e+001
15  1.638000e+001
16  1.860000e+001
17  1.823000e+001
18  1.851000e+001
19  1.836000e+001
22  1.671000e+001
23  1.610000e+001
24  1.562000e+001
25  1.506000e+001
26  1.550000e+001
27  1.511000e+001
28  1.705000e+001
29  1.685000e+001
30  1.682000e+001
31  1.652000e+001
32  1.603000e+001
33  1.546000e+001
34  1.487000e+001
35  1.427000e+001
36  1.367000e+001
37  1.306000e+001
38  1.257000e+001
39  1.272000e+001
40  1.412000e+001
41  1.458000e+001
42  1.432000e+001
43  1.411000e+001
44  1.382000e+001
45  1.348000e+001
46  1.311000e+001
47  1.269000e+001
48  1.225000e+001
49  1.180000e+001
50  1.183000e+001
51  1.122000e+001
52  1.214000e+001
53  1.234000e+001
54  1.227000e+001
55  1.213000e+001
56  1.193000e+001
57  1.168000e+001
58  1.140000e+001
59  1.110000e+001
60  1.076000e+001
61  1.049000e+001
62  1.066000e+001
63  1.060000e+001
64  1.072000e+001
65  1.065000e+001
66  1.047000e+001
67  1.025000e+001
68  1.000000e+001
69  9.744000e+000
70  9.467000e+000
71  9.166000e+000
72  8.839000e+000
77  7.373000e+000
78  7.133000e+000
79  6.919000e+000
80  6.718000e+000
81  6.536000e+000
82  6.360000e+000
83  6.187000e+000
84  6.010000e+000
85  5.827000e+000
86  5.640000e+000
87  5.452000e+000
88  5.267000e+000
89  5.095000e+000
90  4.937000e+000
91  4.804000e+000
92  4.687000e+000
93  4.596000e+000
94  4.520000e+000
95  4.452000e+000
96  4.388000e+000
97  4.319000e+000
98  4.413000e+000
99  4.250000e+000
100  4.584000e+000
101  4.981000e+000
102  5.178000e+000
103  5.339000e+000
104  5.479000e+000
105  5.593000e+000
106  5.671000e+000
107  5.718000e+000
108  5.754000e+000
   39 
1  1.137000e+001
2  8.777000e+000
3  3.276000e+001
4  8.235000e+001
5  4.619000e+001
6  1.030000e+001
7  5.197000e+000
9  1.091000e+000
10  7.034000e-001
11  1.135000e+001
12  9.823000e+000
13  1.829000e+001
14  1.250000e+001
15  3.256000e+001
16  7.177000e+001
17  2.988000e+001
18  1.301000e+001
19  4.080000e+000
22  5.831000e-001
23  1.084000e+001
24  1.423000e+001
25  1.234000e+001
26  1.737000e+001
27  2.838000e+001
28  6.425000e+001
29  2.064000e+001
30  8.265000e+000
31  2.796000e+000
32  1.402000e+000
33  7.944000e-001
34  4.855000e-001
35  5.495000e-001
36  1.040000e+000
37  1.491000e+000
38  7.497000e+000
39  1.728000e+001
40  6.956000e+001
41  4.027000e+001
42  1.562000e+001
43  5.127000e+000
44  1.983000e+000
45  1.020000e+000
46  5.968000e-001
47  4.851000e-001
48  4.069000e+000
49  7.222000e+000
50  6.128000e+000
51  9.805000e+000
52  4.667000e+001
53  3.951000e+001
54  9.444000e+000
55  3.174000e+000
56  1.673000e+000
57  1.014000e+000
58  5.965000e-001
59  2.109000e+000
60  3.193000e+000
61  7.449000e+000
62  1.414000e+001
63  1.808000e+001
64  3.847000e+001
65  1.099000e+001
66  4.034000e+000
67  1.715000e+000
68  9.162000e-001
69  5.558000e-001
70  3.639000e-001
71  2.250000e-001
72  1.509000e-001
77  1.073000e+001
78  3.745000e+000
79  1.582000e+000
80  7.551000e-001
81  3.427000e-001
82  1.807000e-001
83  2.305000e-001
84  1.358000e+000
85  1.640000e+000
86  1.858000e+000
87  3.153000e+000
88  2.143000e+001
89  1.251000e+001
90  4.301000e+000
91  1.695000e+000
92  7.964000e-001
93  3.556000e-001
94  1.939000e-001
95  1.279000e+000
96  2.495000e+000
97  2.375000e+000
98  2.457000e+000
99  2.284000e+001
100  3.622000e+001
101  2.108000e+001
102  7.028000e+000
103  2.295000e+000
104  1.128000e+000
105  6.417000e-001
106  3.736000e-001
107  5.188000e-001
108  4.675000e+000
   40 
1  1.142000e+001
2  8.458000e+000
3  2.862000e+001
4  6.332000e+001
5  5.180000e+001
6  2.351000e+001
7  5.930000e+000
9  1.530000e+000
10  1.009000e+000
11  5.601000e+000
12  9.036000e+000
13  1.572000e+001
14  1.326000e+001
15  2.638000e+001
16  5.104000e+001
17  4.678000e+001
18  1.537000e+001
19  4.869000e+000
22  9.347000e-001
23  5.165000e+000
24  1.302000e+001
25  1.049000e+001
26  1.772000e+001
27  2.339000e+001
28  4.952000e+001
29  3.370000e+001
30  9.884000e+000
31  3.502000e+000
32  1.800000e+000
33  1.183000e+000
34  8.211000e-001
35  5.806000e-001
36  4.811000e-001
37  5.694000e-001
38  3.264000e+000
39  1.641000e+001
40  4.460000e+001
41  4.850000e+001
42  2.466000e+001
43  6.631000e+000
44  2.478000e+000
45  1.507000e+000
46  9.689000e-001
47  6.903000e-001
48  1.268000e+000
49  5.351000e+000
50  4.462000e+000
51  8.109000e+000
52  3.100000e+001
53  4.430000e+001
54  1.644000e+001
55  4.302000e+000
56  1.903000e+000
57  1.265000e+000
58  8.745000e-001
59  6.391000e-001
60  1.881000e+000
61  3.768000e+000
62  9.839000e+000
63  1.736000e+001
64  3.507000e+001
65  1.513000e+001
66  4.953000e+000
67  2.118000e+000
68  1.317000e+000
69  8.599000e-001
70  5.752000e-001
71  3.902000e-001
72  2.683000e-001
77  9.846000e+000
78  3.863000e+000
79  1.837000e+000
80  1.137000e+000
81  7.268000e-001
82  4.290000e-001
83  2.672000e-001
84  2.744000e-001
85  8.205000e-001
86  1.413000e+000
87  2.102000e+000
88  1.681000e+001
89  1.279000e+001
90  4.615000e+000
91  1.986000e+000
92  1.201000e+000
93  7.570000e-001
94  4.450000e-001
95  3.350000e-001
96  1.196000e+000
97  2.142000e+000
98  1.792000e+000
99  1.629000e+001
100  3.087000e+001
101  2.401000e+001
102  7.958000e+000
103  2.847000e+000
104  1.547000e+000
105  9.857000e-001
106  6.714000e-001
107  4.437000e-001
108  1.455000e+000
   41 
1  3.623000e+000
2  6.761000e+000
3  4.486000e+001
4  9.132000e+001
5  3.025000e+001
6  2.780000e+000
7  2.014000e+000
9  5.670000e-001
10  6.099000e-001
11  1.608000e+001
12  5.478000e+000
13  1.823000e+001
14  1.211000e+001
15  4.453000e+001
16  7.731000e+001
17  9.828000e+000
18  6.909000e+000
19  7.029000e-001
22  9.725000e-001
23  1.658000e+001
24  1.040000e+001
25  1.052000e+001
26  2.116000e+001
27  3.793000e+001
28  6.013000e+001
29  9.251000e+000
30  1.653000e+000
31  5.566000e-001
32  3.896000e-001
33  3.207000e-001
34  2.647000e-001
35  1.768000e+000
36  2.398000e-001
37  3.410000e+000
38  6.433000e+000
39  2.599000e+001
40  7.831000e+001
41  2.876000e+001
42  3.748000e+000
43  1.002000e+000
44  4.708000e-001
45  3.378000e-001
46  3.821000e-001
47  1.368000e+000
48  7.225000e+000
49  5.976000e+000
50  5.101000e+000
51  9.131000e+000
52  6.531000e+001
53  2.224000e+001
54  1.277000e+000
55  9.129000e-001
56  6.026000e-001
57  2.816000e-001
58  2.794000e-001
59  4.275000e+000
60  2.436000e+000
61  1.081000e+001
62  1.322000e+001
63  2.269000e+001
64  3.490000e+001
65  2.436000e+000
66  7.561000e-001
67  3.599000e-001
68  3.039000e-001
69  2.155000e-001
70  1.149000e-001
71  1.140000e-001
72  2.262000e-001
77  4.833000e+000
78  4.140000e-001
79  1.619000e-001
80  1.138000e-001
81  8.203000e-002
82  2.393000e-001
83  1.514000e+000
84  1.327000e+000
85  1.726000e+000
86  2.039000e+000
87  6.461000e+000
88  2.349000e+001
89  6.281000e+000
90  4.177000e-001
91  1.584000e-001
92  1.095000e-001
93  7.903000e-002
94  1.367000e+000
95  2.438000e+000
96  3.035000e+000
97  8.886000e-001
98  4.737000e+000
99  3.045000e+001
100  3.297000e+001
101  1.300000e+001
102  8.020000e-001
103  3.458000e-001
104  3.434000e-001
105  1.727000e-001
106  2.777000e-001
107  2.917000e+000
108  6.114000e+000
   42 
1  1.102000e+001
2  9.342000e+000
3  3.021000e+001
4  6.427000e+001
5  5.373000e+001
6  2.086000e+001
7  7.793000e+000
9  1.821000e+000
10  1.287000e+000
11  8.620000e+000
12  1.032000e+001
13  1.741000e+001
14  1.338000e+001
15  2.781000e+001
16  5.466000e+001
17  4.428000e+001
18  1.773000e+001
19  6.380000e+000
22  1.168000e+000
23  8.356000e+000
24  1.336000e+001
25  1.138000e+001
26  1.923000e+001
27  2.532000e+001
28  5.223000e+001
29  3.267000e+001
30  1.022000e+001
31  4.441000e+000
32  2.131000e+000
33  1.367000e+000
34  9.877000e-001
35  7.808000e-001
36  7.443000e-001
37  1.154000e+000
38  5.944000e+000
39  1.722000e+001
40  4.634000e+001
41  5.101000e+001
42  2.386000e+001
43  7.870000e+000
44  3.468000e+000
45  1.770000e+000
46  1.241000e+000
47  8.693000e-001
48  2.550000e+000
49  6.235000e+000
50  6.484000e+000
51  1.010000e+001
52  3.314000e+001
53  4.423000e+001
54  1.505000e+001
55  5.636000e+000
56  2.615000e+000
57  1.531000e+000
58  1.147000e+000
59  1.550000e+000
60  2.803000e+000
61  6.142000e+000
62  1.238000e+001
63  1.947000e+001
64  3.395000e+001
65  1.373000e+001
66  5.932000e+000
67  2.720000e+000
68  1.509000e+000
69  1.113000e+000
70  7.804000e-001
71  6.000000e-001
72  4.336000e-001
77  1.021000e+001
78  4.711000e+000
79  2.345000e+000
80  1.371000e+000
81  9.620000e-001
82  6.746000e-001
83  4.712000e-001
84  4.674000e-001
85  1.092000e+000
86  1.620000e+000
87  2.889000e+000
88  1.868000e+001
89  1.299000e+001
90  5.438000e+000
91  2.607000e+000
92  1.439000e+000
93  1.009000e+000
94  6.953000e-001
95  7.077000e-001
96  1.929000e+000
97  2.389000e+000
98  2.329000e+000
99  2.006000e+001
100  3.217000e+001
101  2.400000e+001
102  8.612000e+000
103  3.738000e+000
104  1.806000e+000
105  1.244000e+000
106  8.668000e-001
107  6.688000e-001
108  2.838000e+000
   43 
1  1.351000e+001
2  1.073000e+001
3  2.312000e+001
4  4.053000e+001
5  4.433000e+001
6  3.598000e+001
7  1.812000e+001
9  6.825000e+000
10  4.638000e+000
11  8.914000e+000
12  1.064000e+001
13  1.329000e+001
14  1.199000e+001
15  1.714000e+001
16  3.473000e+001
17  4.272000e+001
18  3.083000e+001
19  1.570000e+001
22  4.329000e+000
23  8.280000e+000
24  1.210000e+001
25  1.141000e+001
26  1.434000e+001
27  1.482000e+001
28  3.582000e+001
29  3.531000e+001
30  2.039000e+001
31  1.243000e+001
32  8.024000e+000
33  5.363000e+000
34  3.556000e+000
35  2.757000e+000
36  2.408000e+000
37  1.812000e+000
38  5.506000e+000
39  8.519000e+000
40  2.690000e+001
41  3.860000e+001
42  3.371000e+001
43  1.688000e+001
44  1.056000e+001
45  6.944000e+000
46  4.586000e+000
47  3.313000e+000
48  3.528000e+000
49  6.320000e+000
50  6.237000e+000
51  8.486000e+000
52  1.654000e+001
53  3.105000e+001
54  2.406000e+001
55  1.325000e+001
56  8.613000e+000
57  5.660000e+000
58  3.670000e+000
59  3.379000e+000
60  4.078000e+000
61  4.833000e+000
62  1.342000e+001
63  1.229000e+001
64  2.249000e+001
65  1.659000e+001
66  1.070000e+001
67  6.898000e+000
68  4.533000e+000
69  3.111000e+000
70  2.230000e+000
71  1.513000e+000
72  1.097000e+000
77  1.027000e+001
78  6.857000e+000
79  4.452000e+000
80  2.970000e+000
81  2.211000e+000
82  1.518000e+000
83  1.175000e+000
84  1.395000e+000
85  1.594000e+000
86  1.603000e+000
87  1.978000e+000
88  8.501000e+000
89  1.307000e+001
90  7.585000e+000
91  4.722000e+000
92  3.105000e+000
93  2.298000e+000
94  1.569000e+000
95  1.603000e+000
96  2.167000e+000
97  2.188000e+000
98  1.933000e+000
99  8.617000e+000
100  2.201000e+001
101  2.211000e+001
102  1.471000e+001
103  9.097000e+000
104  5.966000e+000
105  3.859000e+000
106  2.752000e+000
107  2.019000e+000
108  3.070000e+000
   44 
1  1.245000e+001
2  1.269000e+001
3  1.709000e+001
4  2.207000e+001
5  2.190000e+001
6  1.871000e+001
7  1.810000e+001
9  1.495000e+001
10  1.441000e+001
11  1.546000e+001
12  1.493000e+001
13  1.587000e+001
14  1.606000e+001
15  1.853000e+001
16  1.977000e+001
17  2.025000e+001
18  2.038000e+001
19  1.888000e+001
22  1.502000e+001
23  1.598000e+001
24  1.541000e+001
25  1.510000e+001
26  1.707000e+001
27  1.676000e+001
28  2.127000e+001
29  1.930000e+001
30  1.793000e+001
31  1.608000e+001
32  1.490000e+001
33  1.456000e+001
34  1.427000e+001
35  1.397000e+001
36  1.354000e+001
37  1.315000e+001
38  1.331000e+001
39  1.399000e+001
40  1.947000e+001
41  1.950000e+001
42  1.632000e+001
43  1.400000e+001
44  1.360000e+001
45  1.339000e+001
46  1.311000e+001
47  1.279000e+001
48  1.251000e+001
49  1.220000e+001
50  1.274000e+001
51  1.205000e+001
52  1.489000e+001
53  1.584000e+001
54  1.300000e+001
55  1.251000e+001
56  1.235000e+001
57  1.211000e+001
58  1.181000e+001
59  1.159000e+001
60  1.122000e+001
61  1.168000e+001
62  1.163000e+001
63  1.222000e+001
64  1.292000e+001
65  1.135000e+001
66  1.125000e+001
67  1.104000e+001
68  1.078000e+001
69  1.049000e+001
70  1.017000e+001
71  9.845000e+000
72  9.532000e+000
77  8.617000e+000
78  8.418000e+000
79  8.203000e+000
80  7.992000e+000
81  7.791000e+000
82  7.592000e+000
83  7.396000e+000
84  7.201000e+000
85  7.009000e+000
86  6.810000e+000
87  6.635000e+000
88  6.526000e+000
89  6.505000e+000
90  6.376000e+000
91  6.227000e+000
92  6.079000e+000
93  5.946000e+000
94  5.817000e+000
95  5.698000e+000
96  5.574000e+000
97  5.445000e+000
98  5.541000e+000
99  5.435000e+000
100  6.334000e+000
101  6.129000e+000
102  6.340000e+000
103  6.360000e+000
104  6.340000e+000
105  6.307000e+000
106  6.263000e+000
107  6.214000e+000
108  6.167000e+000
   45 
1  5.935000e+000
2  7.942000e+000
3  4.062000e+001
4  8.663000e+001
5  4.166000e+001
6  3.476000e+000
7  3.282000e+000
9  5.305000e-001
10  5.501000e-001
11  1.639000e+001
12  9.720000e+000
13  2.018000e+001
14  1.225000e+001
15  3.705000e+001
16  7.812000e+001
17  2.053000e+001
18  9.656000e+000
19  1.115000e+000
22  8.175000e-001
23  1.572000e+001
24  1.515000e+001
25  1.143000e+001
26  2.244000e+001
27  3.014000e+001
28  6.836000e+001
29  1.379000e+001
30  3.053000e+000
31  7.668000e-001
32  4.871000e-001
33  3.715000e-001
34  3.041000e-001
35  1.569000e+000
36  5.889000e-001
37  3.719000e+000
38  8.460000e+000
39  2.432000e+001
40  7.492000e+001
41  3.683000e+001
42  8.742000e+000
43  1.628000e+000
44  6.402000e-001
45  4.189000e-001
46  3.486000e-001
47  1.977000e+000
48  6.547000e+000
49  7.225000e+000
50  5.099000e+000
51  1.259000e+001
52  5.665000e+001
53  3.447000e+001
54  2.495000e+000
55  1.136000e+000
56  8.162000e-001
57  4.261000e-001
58  2.633000e-001
59  5.520000e+000
60  2.638000e+000
61  7.786000e+000
62  1.698000e+001
63  2.202000e+001
64  4.112000e+001
65  3.587000e+000
66  1.357000e+000
67  4.447000e-001
68  4.383000e-001
69  3.134000e-001
70  1.605000e-001
71  1.159000e-001
72  1.993000e-001
77  7.254000e+000
78  8.878000e-001
79  2.666000e-001
80  1.556000e-001
81  1.130000e-001
82  1.052000e-001
83  1.648000e+000
84  1.724000e+000
85  1.781000e+000
86  1.973000e+000
87  5.512000e+000
88  2.580000e+001
89  9.589000e+000
90  8.954000e-001
91  2.667000e-001
92  1.557000e-001
93  1.128000e-001
94  9.828000e-001
95  2.850000e+000
96  2.982000e+000
97  1.551000e+000
98  3.772000e+000
99  2.970000e+001
100  3.851000e+001
101  1.732000e+001
102  1.535000e+000
103  5.021000e-001
104  4.492000e-001
105  2.570000e-001
106  2.433000e-001
107  3.087000e+000
108  5.724000e+000
   46 
1  8.646000e+000
2  9.455000e+000
3  2.833000e+001
4  5.743000e+001
5  4.336000e+001
6  1.984000e+001
7  1.233000e+001
9  4.703000e+000
10  2.982000e+000
11  1.295000e+001
12  6.065000e+000
13  1.362000e+001
14  1.018000e+001
15  2.276000e+001
16  5.072000e+001
17  3.246000e+001
18  2.030000e+001
19  1.068000e+001
22  3.079000e+000
23  1.176000e+001
24  9.746000e+000
25  1.141000e+001
26  1.320000e+001
27  1.841000e+001
28  4.721000e+001
29  2.413000e+001
30  1.437000e+001
31  8.858000e+000
32  5.374000e+000
33  3.359000e+000
34  2.158000e+000
35  2.452000e+000
36  1.118000e+000
37  2.256000e+000
38  5.535000e+000
39  1.083000e+001
40  4.343000e+001
41  3.726000e+001
42  2.070000e+001
43  1.199000e+001
44  7.326000e+000
45  4.500000e+000
46  2.931000e+000
47  2.660000e+000
48  4.828000e+000
49  5.673000e+000
50  5.583000e+000
51  6.467000e+000
52  2.752000e+001
53  3.155000e+001
54  1.534000e+001
55  9.777000e+000
56  5.936000e+000
57  3.528000e+000
58  2.273000e+000
59  3.919000e+000
60  2.556000e+000
61  8.713000e+000
62  1.265000e+001
63  1.189000e+001
64  2.426000e+001
65  1.273000e+001
66  7.794000e+000
67  4.828000e+000
68  2.917000e+000
69  1.853000e+000
70  1.146000e+000
71  7.581000e-001
72  6.031000e-001
77  8.243000e+000
78  4.363000e+000
79  2.674000e+000
80  1.680000e+000
81  1.070000e+000
82  7.394000e-001
83  1.429000e+000
84  1.391000e+000
85  1.428000e+000
86  2.068000e+000
87  2.898000e+000
88  1.482000e+001
89  9.052000e+000
90  4.536000e+000
91  2.788000e+000
92  1.739000e+000
93  1.105000e+000
94  1.287000e+000
95  2.090000e+000
96  2.099000e+000
97  1.648000e+000
98  3.455000e+000
99  1.431000e+001
100  2.427000e+001
101  1.805000e+001
102  1.020000e+001
103  6.313000e+000
104  3.824000e+000
105  2.301000e+000
106  1.632000e+000
107  2.404000e+000
108  4.318000e+000
   47 
1  1.231000e+001
2  8.389000e+000
3  2.681000e+001
4  5.796000e+001
5  5.582000e+001
6  2.675000e+001
7  6.287000e+000
9  1.498000e+000
10  9.664000e-001
11  4.529000e+000
12  8.552000e+000
13  1.450000e+001
14  1.300000e+001
15  2.488000e+001
16  5.027000e+001
17  4.928000e+001
18  1.655000e+001
19  5.077000e+000
22  8.817000e-001
23  3.891000e+000
24  1.252000e+001
25  1.066000e+001
26  1.542000e+001
27  2.239000e+001
28  4.948000e+001
29  3.588000e+001
30  1.067000e+001
31  3.671000e+000
32  1.892000e+000
33  1.159000e+000
34  7.451000e-001
35  4.964000e-001
36  4.237000e-001
37  5.665000e-001
38  3.199000e+000
39  1.307000e+001
40  4.257000e+001
41  5.016000e+001
42  2.688000e+001
43  6.913000e+000
44  2.544000e+000
45  1.462000e+000
46  9.205000e-001
47  5.899000e-001
48  6.204000e-001
49  5.088000e+000
50  4.898000e+000
51  6.987000e+000
52  2.911000e+001
53  4.367000e+001
54  1.885000e+001
55  4.500000e+000
56  1.986000e+000
57  1.218000e+000
58  8.120000e-001
59  5.454000e-001
60  1.278000e+000
61  4.101000e+000
62  1.102000e+001
63  1.478000e+001
64  3.397000e+001
65  1.624000e+001
66  5.176000e+000
67  2.207000e+000
68  1.284000e+000
69  7.939000e-001
70  4.804000e-001
71  3.015000e-001
72  2.027000e-001
77  1.083000e+001
78  4.282000e+000
79  2.015000e+000
80  1.173000e+000
81  6.755000e-001
82  3.588000e-001
83  2.080000e-001
84  2.232000e-001
85  6.859000e-001
86  1.278000e+000
87  1.861000e+000
88  1.429000e+001
89  1.411000e+001
90  5.186000e+000
91  2.180000e+000
92  1.242000e+000
93  7.107000e-001
94  3.739000e-001
95  2.693000e-001
96  8.885000e-001
97  2.014000e+000
98  1.942000e+000
99  1.375000e+001
100  3.001000e+001
101  2.504000e+001
102  8.824000e+000
103  3.038000e+000
104  1.603000e+000
105  9.671000e-001
106  5.814000e-001
107  3.578000e-001
108  8.464000e-001
   48 
1  1.062000e+001
2  8.379000e+000
3  2.858000e+001
4  6.651000e+001
5  5.522000e+001
6  1.523000e+001
7  6.840000e+000
9  1.842000e+000
10  1.302000e+000
11  6.366000e+000
12  8.304000e+000
13  1.421000e+001
14  1.241000e+001
15  2.979000e+001
16  5.556000e+001
17  4.032000e+001
18  1.476000e+001
19  5.987000e+000
22  1.165000e+000
23  6.090000e+000
24  1.146000e+001
25  1.030000e+001
26  1.633000e+001
27  2.807000e+001
28  5.394000e+001
29  2.502000e+001
30  9.636000e+000
31  4.200000e+000
32  2.097000e+000
33  1.464000e+000
34  9.889000e-001
35  7.778000e-001
36  7.086000e-001
37  8.314000e-001
38  3.999000e+000
39  1.491000e+001
40  5.215000e+001
41  4.658000e+001
42  1.734000e+001
43  7.076000e+000
44  3.205000e+000
45  1.814000e+000
46  1.238000e+000
47  8.677000e-001
48  1.326000e+000
49  5.341000e+000
50  5.700000e+000
51  7.300000e+000
52  3.512000e+001
53  4.186000e+001
54  1.229000e+001
55  5.023000e+000
56  2.388000e+000
57  1.607000e+000
58  1.119000e+000
59  9.253000e-001
60  1.603000e+000
61  5.502000e+000
62  1.135000e+001
63  1.716000e+001
64  3.285000e+001
65  1.229000e+001
66  5.679000e+000
67  2.647000e+000
68  1.617000e+000
69  1.096000e+000
70  7.940000e-001
71  5.446000e-001
72  3.784000e-001
77  9.593000e+000
78  4.456000e+000
79  2.259000e+000
80  1.486000e+000
81  9.894000e-001
82  6.892000e-001
83  4.389000e-001
84  3.689000e-001
85  6.757000e-001
86  1.155000e+000
87  2.152000e+000
88  1.677000e+001
89  1.174000e+001
90  5.166000e+000
91  2.499000e+000
92  1.551000e+000
93  1.031000e+000
94  7.165000e-001
95  5.403000e-001
96  1.150000e+000
97  2.251000e+000
98  2.195000e+000
99  1.780000e+001
100  3.115000e+001
101  1.986000e+001
102  7.960000e+000
103  3.591000e+000
104  1.860000e+000
105  1.293000e+000
106  8.857000e-001
107  6.257000e-001
108  1.509000e+000
   49 
1  9.976000e+000
2  9.964000e+000
3  2.491000e+001
4  4.656000e+001
5  4.497000e+001
6  2.367000e+001
7  1.560000e+001
9  6.579000e+000
10  4.375000e+000
11  1.160000e+001
12  7.126000e+000
13  1.200000e+001
14  9.767000e+000
15  1.780000e+001
16  3.998000e+001
17  3.801000e+001
18  2.314000e+001
19  1.371000e+001
22  4.221000e+000
23  9.998000e+000
24  1.001000e+001
25  1.090000e+001
26  1.232000e+001
27  1.448000e+001
28  4.075000e+001
29  2.667000e+001
30  1.730000e+001
31  1.141000e+001
32  7.410000e+000
33  4.916000e+000
34  3.241000e+000
35  2.983000e+000
36  1.961000e+000
37  1.867000e+000
38  5.334000e+000
39  7.692000e+000
40  3.186000e+001
41  3.669000e+001
42  2.486000e+001
43  1.485000e+001
44  9.740000e+000
45  6.356000e+000
46  4.256000e+000
47  3.435000e+000
48  4.312000e+000
49  5.708000e+000
50  5.200000e+000
51  6.596000e+000
52  1.745000e+001
53  3.184000e+001
54  1.770000e+001
55  1.205000e+001
56  7.870000e+000
57  5.036000e+000
58  3.308000e+000
59  3.898000e+000
60  3.057000e+000
61  6.381000e+000
62  1.336000e+001
63  1.019000e+001
64  2.061000e+001
65  1.377000e+001
66  9.506000e+000
67  6.215000e+000
68  4.057000e+000
69  2.719000e+000
70  1.820000e+000
71  1.241000e+000
72  9.095000e-001
77  8.291000e+000
78  5.258000e+000
79  3.483000e+000
80  2.316000e+000
81  1.616000e+000
82  1.104000e+000
83  1.258000e+000
84  1.527000e+000
85  1.310000e+000
86  1.738000e+000
87  2.166000e+000
88  1.181000e+001
89  9.324000e+000
90  5.405000e+000
91  3.591000e+000
92  2.385000e+000
93  1.662000e+000
94  1.257000e+000
95  2.082000e+000
96  2.036000e+000
97  1.818000e+000
98  2.201000e+000
99  1.059000e+001
100  2.060000e+001
101  1.814000e+001
102  1.194000e+001
103  7.975000e+000
104  5.199000e+000
105  3.317000e+000
106  2.371000e+000
107  2.002000e+000
108  3.952000e+000
   50 
1  8.308000e+000
2  8.895000e+000
3  3.070000e+001
4  6.691000e+001
5  4.737000e+001
6  1.664000e+001
7  7.816000e+000
9  1.808000e+000
10  1.030000e+000
11  1.324000e+001
12  6.122000e+000
13  1.581000e+001
14  1.140000e+001
15  2.622000e+001
16  6.138000e+001
17  3.260000e+001
18  1.685000e+001
19  6.028000e+000
22  1.463000e+000
23  1.186000e+001
24  1.126000e+001
25  1.181000e+001
26  1.528000e+001
27  2.211000e+001
28  5.457000e+001
29  2.431000e+001
30  1.097000e+001
31  4.788000e+000
32  2.197000e+000
33  1.136000e+000
34  6.567000e-001
35  1.657000e+000
36  2.809000e-001
37  2.647000e+000
38  5.883000e+000
39  1.495000e+001
40  5.254000e+001
41  4.215000e+001
42  1.877000e+001
43  7.775000e+000
44  3.394000e+000
45  1.629000e+000
46  1.054000e+000
47  1.566000e+000
48  4.948000e+000
49  6.102000e+000
50  5.600000e+000
51  7.174000e+000
52  3.460000e+001
53  3.756000e+001
54  1.335000e+001
55  6.063000e+000
56  2.743000e+000
57  1.239000e+000
58  7.904000e-001
59  3.620000e+000
60  2.312000e+000
61  8.619000e+000
62  1.384000e+001
63  1.374000e+001
64  3.042000e+001
65  1.261000e+001
66  5.419000e+000
67  2.564000e+000
68  1.193000e+000
69  5.758000e-001
70  3.047000e-001
71  2.326000e-001
72  2.957000e-001
77  8.884000e+000
78  3.325000e+000
79  1.489000e+000
80  6.744000e-001
81  3.280000e-001
82  4.080000e-001
83  1.384000e+000
84  1.365000e+000
85  1.583000e+000
86  2.156000e+000
87  3.738000e+000
88  1.777000e+001
89  9.991000e+000
90  3.672000e+000
91  1.625000e+000
92  7.256000e-001
93  3.521000e-001
94  1.328000e+000
95  1.998000e+000
96  2.282000e+000
97  1.399000e+000
98  4.144000e+000
99  1.838000e+001
100  2.934000e+001
101  1.959000e+001
102  8.158000e+000
103  3.615000e+000
104  1.639000e+000
105  7.791000e-001
106  5.940000e-001
107  2.551000e+000
108  4.133000e+000
   51 
1  7.729000e+000
2  6.349000e+000
3  3.518000e+001
4  8.023000e+001
5  4.782000e+001
6  5.130000e+000
7  3.518000e+000
9  4.539000e-001
10  4.687000e-001
11  1.281000e+001
12  8.793000e+000
13  1.688000e+001
14  1.162000e+001
15  3.320000e+001
16  7.039000e+001
17  2.970000e+001
18  8.628000e+000
19  1.729000e+000
22  4.873000e-001
23  1.316000e+001
24  1.327000e+001
25  9.899000e+000
26  1.950000e+001
27  2.654000e+001
28  6.544000e+001
29  1.683000e+001
30  4.412000e+000
31  1.084000e+000
32  4.662000e-001
33  3.091000e-001
34  2.455000e-001
35  1.403000e+000
36  1.072000e+000
37  2.336000e+000
38  7.372000e+000
39  1.939000e+001
40  6.637000e+001
41  4.031000e+001
42  1.088000e+001
43  2.111000e+000
44  7.747000e-001
45  3.756000e-001
46  3.181000e-001
47  7.674000e-001
48  5.383000e+000
49  7.686000e+000
50  4.346000e+000
51  9.360000e+000
52  4.263000e+001
53  4.462000e+001
54  3.390000e+000
55  1.126000e+000
56  8.664000e-001
57  4.888000e-001
58  2.406000e-001
59  3.238000e+000
60  2.790000e+000
61  7.358000e+000
62  1.644000e+001
63  1.691000e+001
64  3.955000e+001
65  5.245000e+000
66  1.875000e+000
67  5.828000e-001
68  3.675000e-001
69  2.770000e-001
70  1.725000e-001
71  1.124000e-001
72  1.260000e-001
77  7.966000e+000
78  1.471000e+000
79  3.730000e-001
80  1.462000e-001
81  9.442000e-002
82  7.188000e-002
83  9.295000e-001
84  1.506000e+000
85  1.407000e+000
86  1.756000e+000
87  4.199000e+000
88  2.252000e+001
89  1.044000e+001
90  1.616000e+000
91  3.920000e-001
92  1.428000e-001
93  9.012000e-002
94  2.693000e-001
95  2.557000e+000
96  2.681000e+000
97  2.272000e+000
98  2.324000e+000
99  2.357000e+001
100  3.575000e+001
101  1.857000e+001
102  2.658000e+000
103  6.838000e-001
104  3.578000e-001
105  2.636000e-001
106  1.674000e-001
107  9.135000e-001
108  5.515000e+000
   52 
1  3.082000e+000
2  7.345000e+000
3  4.406000e+001
4  8.949000e+001
5  3.327000e+001
6  2.389000e+000
7  1.651000e+000
9  6.598000e-001
10  4.428000e-001
11  1.515000e+001
12  5.964000e+000
13  1.881000e+001
14  1.239000e+001
15  4.162000e+001
16  7.810000e+001
17  1.162000e+001
18  5.985000e+000
19  7.383000e-001
22  9.625000e-001
23  1.456000e+001
24  1.202000e+001
25  1.091000e+001
26  2.163000e+001
27  3.660000e+001
28  6.094000e+001
29  9.261000e+000
30  1.587000e+000
31  6.145000e-001
32  4.294000e-001
33  3.530000e-001
34  2.976000e-001
35  1.363000e+000
36  1.819000e-001
37  3.308000e+000
38  5.775000e+000
39  2.625000e+001
40  7.855000e+001
41  2.935000e+001
42  3.535000e+000
43  9.355000e-001
44  5.172000e-001
45  3.767000e-001
46  4.833000e-001
47  1.374000e+000
48  6.355000e+000
49  5.568000e+000
50  4.080000e+000
51  1.012000e+001
52  6.455000e+001
53  2.394000e+001
54  1.191000e+000
55  8.640000e-001
56  6.060000e-001
57  2.981000e-001
58  3.621000e-001
59  4.176000e+000
60  2.462000e+000
61  7.375000e+000
62  1.348000e+001
63  2.463000e+001
64  3.621000e+001
65  2.355000e+000
66  6.580000e-001
67  4.467000e-001
68  3.087000e-001
69  1.931000e-001
70  1.263000e-001
71  1.449000e-001
72  2.437000e-001
77  4.526000e+000
78  3.104000e-001
79  1.713000e-001
80  1.200000e-001
81  8.624000e-002
82  2.762000e-001
83  1.379000e+000
84  1.623000e+000
85  1.650000e+000
86  1.748000e+000
87  6.024000e+000
88  2.400000e+001
89  6.022000e+000
90  3.224000e-001
91  1.714000e-001
92  1.190000e-001
93  8.633000e-002
94  1.225000e+000
95  2.525000e+000
96  2.893000e+000
97  7.118000e-001
98  4.311000e+000
99  3.080000e+001
100  3.361000e+001
101  1.275000e+001
102  6.875000e-001
103  4.195000e-001
104  3.330000e-001
105  1.976000e-001
106  3.295000e-001
107  3.050000e+000
108  5.089000e+000
   53 
1  1.757000e+001
2  1.681000e+001
3  1.729000e+001
4  1.907000e+001
5  2.125000e+001
6  2.233000e+001
7  2.302000e+001
9  2.099000e+001
10  1.904000e+001
11  1.729000e+001
12  1.579000e+001
13  1.455000e+001
14  1.397000e+001
15  1.326000e+001
16  1.486000e+001
17  1.669000e+001
18  1.874000e+001
19  1.994000e+001
22  1.724000e+001
23  1.591000e+001
24  1.469000e+001
25  1.356000e+001
26  1.335000e+001
27  1.237000e+001
28  1.429000e+001
29  1.547000e+001
30  1.669000e+001
31  1.703000e+001
32  1.669000e+001
33  1.581000e+001
34  1.476000e+001
35  1.357000e+001
36  1.226000e+001
37  1.090000e+001
38  9.826000e+000
39  9.048000e+000
40  8.983000e+000
41  1.010000e+001
42  1.223000e+001
43  1.386000e+001
44  1.470000e+001
45  1.478000e+001
46  1.436000e+001
47  1.360000e+001
48  1.259000e+001
49  1.149000e+001
50  1.092000e+001
51  9.785000e+000
52  9.343000e+000
53  9.645000e+000
54  1.046000e+001
55  1.135000e+001
56  1.197000e+001
57  1.220000e+001
58  1.201000e+001
59  1.146000e+001
60  1.068000e+001
61  1.001000e+001
62  9.906000e+000
63  9.419000e+000
64  9.157000e+000
65  9.380000e+000
66  9.701000e+000
67  9.919000e+000
68  9.899000e+000
69  9.608000e+000
70  9.091000e+000
71  8.463000e+000
72  7.845000e+000
77  4.811000e+000
78  4.597000e+000
79  4.542000e+000
80  4.574000e+000
81  4.619000e+000
82  4.623000e+000
83  4.554000e+000
84  4.399000e+000
85  4.172000e+000
86  3.905000e+000
87  3.624000e+000
88  3.393000e+000
89  3.233000e+000
90  3.177000e+000
91  3.311000e+000
92  3.557000e+000
93  3.821000e+000
94  4.029000e+000
95  4.142000e+000
96  4.147000e+000
97  4.054000e+000
98  4.050000e+000
99  3.763000e+000
100  3.882000e+000
101  4.451000e+000
102  5.462000e+000
103  6.570000e+000
104  7.476000e+000
105  8.015000e+000
106  8.172000e+000
107  7.993000e+000
108  7.595000e+000
   54 
1  8.820000e+000
2  9.133000e+000
3  3.248000e+001
4  7.024000e+001
5  4.637000e+001
6  1.694000e+001
7  8.662000e+000
9  1.706000e+000
10  9.918000e-001
11  1.493000e+001
12  7.627000e+000
13  1.692000e+001
14  1.166000e+001
15  2.882000e+001
16  6.496000e+001
17  3.114000e+001
18  1.920000e+001
19  6.219000e+000
22  1.288000e+000
23  1.445000e+001
24  1.145000e+001
25  1.241000e+001
26  1.596000e+001
27  2.311000e+001
28  5.819000e+001
29  2.510000e+001
30  1.155000e+001
31  4.955000e+000
32  2.265000e+000
33  1.174000e+000
34  6.667000e-001
35  1.864000e+000
36  6.912000e-001
37  2.933000e+000
38  7.847000e+000
39  1.516000e+001
40  5.604000e+001
41  4.356000e+001
42  1.941000e+001
43  8.415000e+000
44  3.434000e+000
45  1.660000e+000
46  9.371000e-001
47  1.734000e+000
48  5.524000e+000
49  7.184000e+000
50  6.521000e+000
51  8.742000e+000
52  3.869000e+001
53  3.577000e+001
54  1.420000e+001
55  6.635000e+000
56  2.931000e+000
57  1.319000e+000
58  7.042000e-001
59  4.412000e+000
60  2.530000e+000
61  1.062000e+001
62  1.477000e+001
63  1.482000e+001
64  3.064000e+001
65  1.345000e+001
66  5.878000e+000
67  2.655000e+000
68  1.337000e+000
69  7.221000e-001
70  3.269000e-001
71  2.042000e-001
72  2.569000e-001
77  1.031000e+001
78  4.064000e+000
79  1.860000e+000
80  8.763000e-001
81  4.211000e-001
82  2.511000e-001
83  1.534000e+000
84  1.536000e+000
85  1.517000e+000
86  2.347000e+000
87  3.786000e+000
88  1.888000e+001
89  1.168000e+001
90  4.547000e+000
91  2.041000e+000
92  9.481000e-001
93  4.512000e-001
94  1.015000e+000
95  2.417000e+000
96  2.478000e+000
97  1.810000e+000
98  3.908000e+000
99  1.952000e+001
100  3.220000e+001
101  2.132000e+001
102  9.010000e+000
103  3.794000e+000
104  1.891000e+000
105  8.628000e-001
106  5.349000e-001
107  2.298000e+000
108  5.372000e+000
   55 
1  9.509000e+000
2  7.908000e+000
3  3.081000e+001
4  7.488000e+001
5  4.600000e+001
6  1.319000e+001
7  6.473000e+000
9  1.113000e+000
10  7.661000e-001
11  1.096000e+001
12  7.423000e+000
13  1.486000e+001
14  1.116000e+001
15  2.879000e+001
16  6.717000e+001
17  3.046000e+001
18  1.502000e+001
19  4.258000e+000
22  6.246000e-001
23  1.103000e+001
24  1.132000e+001
25  1.099000e+001
26  1.474000e+001
27  2.344000e+001
28  6.082000e+001
29  2.206000e+001
30  9.201000e+000
31  3.432000e+000
32  1.581000e+000
33  7.991000e-001
34  4.626000e-001
35  9.676000e-001
36  1.180000e+000
37  1.459000e+000
38  6.652000e+000
39  1.330000e+001
40  6.024000e+001
41  4.106000e+001
42  1.671000e+001
43  5.933000e+000
44  2.335000e+000
45  1.096000e+000
46  5.844000e-001
47  6.771000e-001
48  3.834000e+000
49  6.933000e+000
50  5.150000e+000
51  7.556000e+000
52  3.750000e+001
53  3.858000e+001
54  1.195000e+001
55  4.539000e+000
56  2.096000e+000
57  1.016000e+000
58  4.726000e-001
59  2.006000e+000
60  2.631000e+000
61  8.214000e+000
62  1.431000e+001
63  1.337000e+001
64  3.215000e+001
65  1.254000e+001
66  4.856000e+000
67  1.977000e+000
68  9.806000e-001
69  5.079000e-001
70  2.750000e-001
71  1.571000e-001
72  1.486000e-001
77  9.721000e+000
78  3.498000e+000
79  1.563000e+000
80  6.752000e-001
81  3.015000e-001
82  1.530000e-001
83  6.344000e-001
84  1.435000e+000
85  1.222000e+000
86  1.864000e+000
87  2.875000e+000
88  1.889000e+001
89  1.092000e+001
90  3.724000e+000
91  1.657000e+000
92  7.053000e-001
93  3.138000e-001
94  2.356000e-001
95  1.945000e+000
96  2.285000e+000
97  2.147000e+000
98  2.440000e+000
99  1.807000e+001
100  3.164000e+001
101  2.026000e+001
102  7.502000e+000
103  2.761000e+000
104  1.305000e+000
105  6.249000e-001
106  3.045000e-001
107  5.441000e-001
108  4.560000e+000
   56 
1  1.057000e+001
2  9.655000e+000
3  2.035000e+001
4  4.657000e+001
5  4.777000e+001
6  3.422000e+001
7  1.681000e+001
9  5.768000e+000
10  3.566000e+000
11  4.587000e+000
12  6.975000e+000
13  1.097000e+001
14  1.148000e+001
15  2.173000e+001
16  3.871000e+001
17  4.357000e+001
18  2.675000e+001
19  1.446000e+001
22  3.109000e+000
23  4.894000e+000
24  7.965000e+000
25  9.221000e+000
26  1.282000e+001
27  1.881000e+001
28  3.952000e+001
29  3.519000e+001
30  1.796000e+001
31  1.099000e+001
32  6.610000e+000
33  4.083000e+000
34  2.642000e+000
35  2.207000e+000
36  1.819000e+000
37  1.550000e+000
38  2.541000e+000
39  7.602000e+000
40  3.276000e+001
41  4.118000e+001
42  2.781000e+001
43  1.526000e+001
44  9.220000e+000
45  5.652000e+000
46  3.482000e+000
47  2.404000e+000
48  2.135000e+000
49  2.963000e+000
50  5.148000e+000
51  6.730000e+000
52  2.067000e+001
53  3.447000e+001
54  1.960000e+001
55  1.231000e+001
56  7.593000e+000
57  4.756000e+000
58  3.002000e+000
59  2.402000e+000
60  2.104000e+000
61  3.440000e+000
62  7.322000e+000
63  1.156000e+001
64  2.481000e+001
65  1.579000e+001
66  1.104000e+001
67  7.237000e+000
68  4.622000e+000
69  2.941000e+000
70  2.160000e+000
71  1.772000e+000
72  1.356000e+000
77  1.101000e+001
78  7.754000e+000
79  5.191000e+000
80  3.473000e+000
81  2.397000e+000
82  1.950000e+000
83  1.600000e+000
84  1.243000e+000
85  1.082000e+000
86  1.006000e+000
87  1.098000e+000
88  5.900000e+000
89  1.139000e+001
90  8.308000e+000
91  5.594000e+000
92  3.737000e+000
93  2.540000e+000
94  2.007000e+000
95  1.751000e+000
96  1.574000e+000
97  1.603000e+000
98  1.817000e+000
99  6.632000e+000
100  2.249000e+001
101  2.148000e+001
102  1.343000e+001
103  8.814000e+000
104  5.544000e+000
105  3.493000e+000
106  2.364000e+000
107  1.939000e+000
108  1.731000e+000
   57 
1  3.969000e+000
2  6.193000e+000
3  3.904000e+001
4  8.969000e+001
5  3.462000e+001
6  3.357000e+000
7  3.502000e+000
9  5.357000e-001
10  9.663000e-001
11  1.884000e+001
12  6.426000e+000
13  1.701000e+001
14  1.098000e+001
15  4.121000e+001
16  7.750000e+001
17  1.312000e+001
18  9.825000e+000
19  6.354000e-001
22  1.695000e+000
23  1.954000e+001
24  1.037000e+001
25  1.004000e+001
26  1.997000e+001
27  3.485000e+001
28  6.305000e+001
29  1.018000e+001
30  1.946000e+000
31  4.374000e-001
32  2.864000e-001
33  2.402000e-001
34  2.108000e-001
35  3.507000e+000
36  3.528000e-001
37  4.480000e+000
38  7.619000e+000
39  2.331000e+001
40  7.740000e+001
41  3.060000e+001
42  4.763000e+000
43  1.481000e+000
44  3.739000e-001
45  2.422000e-001
46  5.552000e-001
47  2.118000e+000
48  8.307000e+000
49  8.015000e+000
50  5.432000e+000
51  8.834000e+000
52  5.786000e+001
53  2.813000e+001
54  1.567000e+000
55  1.187000e+000
56  7.047000e-001
57  2.342000e-001
58  2.167000e-001
59  5.944000e+000
60  2.504000e+000
61  1.084000e+001
62  1.540000e+001
63  2.099000e+001
64  3.488000e+001
65  2.743000e+000
66  9.194000e-001
67  3.312000e-001
68  3.610000e-001
69  2.661000e-001
70  8.613000e-002
71  1.894000e-001
72  3.089000e-001
77  6.045000e+000
78  5.312000e-001
79  1.199000e-001
80  7.693000e-002
81  5.386000e-002
82  2.960000e-001
83  2.448000e+000
84  1.382000e+000
85  1.531000e+000
86  2.169000e+000
87  7.468000e+000
88  2.391000e+001
89  7.287000e+000
90  5.119000e-001
91  1.175000e-001
92  7.111000e-002
93  5.033000e-002
94  2.483000e+000
95  2.602000e+000
96  3.552000e+000
97  1.200000e+000
98  4.979000e+000
99  2.994000e+001
100  3.313000e+001
101  1.362000e+001
102  9.252000e-001
103  2.444000e-001
104  3.948000e-001
105  1.161000e-001
106  3.093000e-001
107  3.512000e+000
108  7.164000e+000
   58 
1  1.235000e+001
2  8.015000e+000
3  2.998000e+001
4  7.409000e+001
5  5.372000e+001
6  1.099000e+001
7  3.693000e+000
9  9.048000e-001
10  6.443000e-001
11  8.440000e+000
12  9.052000e+000
13  1.682000e+001
14  1.240000e+001
15  2.851000e+001
16  6.218000e+001
17  4.117000e+001
18  9.731000e+000
19  3.414000e+000
22  5.112000e-001
23  7.356000e+000
24  1.470000e+001
25  1.095000e+001
26  1.626000e+001
27  2.529000e+001
28  6.236000e+001
29  2.235000e+001
30  7.604000e+000
31  2.589000e+000
32  1.212000e+000
33  6.379000e-001
34  4.258000e-001
35  4.631000e-001
36  9.226000e-001
37  8.464000e-001
38  5.593000e+000
39  1.502000e+001
40  5.907000e+001
41  4.712000e+001
42  1.642000e+001
43  4.305000e+000
44  1.682000e+000
45  8.308000e-001
46  5.013000e-001
47  4.681000e-001
48  2.596000e+000
49  6.697000e+000
50  4.644000e+000
51  8.434000e+000
52  3.712000e+001
53  4.764000e+001
54  8.869000e+000
55  2.501000e+000
56  1.296000e+000
57  7.892000e-001
58  4.530000e-001
59  8.858000e-001
60  3.132000e+000
61  5.203000e+000
62  1.238000e+001
63  1.525000e+001
64  4.057000e+001
65  1.155000e+001
66  3.384000e+000
67  1.475000e+000
68  6.969000e-001
69  4.323000e-001
70  2.943000e-001
71  1.889000e-001
72  1.466000e-001
77  1.011000e+001
78  3.230000e+000
79  1.280000e+000
80  4.787000e-001
81  2.213000e-001
82  1.357000e-001
83  2.299000e-001
84  1.110000e+000
85  1.519000e+000
86  1.724000e+000
87  2.168000e+000
88  1.922000e+001
89  1.284000e+001
90  3.675000e+000
91  1.407000e+000
92  5.155000e-001
93  2.285000e-001
94  1.464000e-001
95  1.015000e+000
96  2.338000e+000
97  2.360000e+000
98  1.665000e+000
99  1.903000e+001
100  3.477000e+001
101  2.122000e+001
102  6.566000e+000
103  2.062000e+000
104  8.818000e-001
105  4.750000e-001
106  2.879000e-001
107  3.012000e-001
108  3.363000e+000
   59 
1  1.248000e+001
2  1.116000e+001
3  2.555000e+001
4  5.806000e+001
5  5.066000e+001
6  2.183000e+001
7  1.397000e+001
9  4.868000e+000
10  2.995000e+000
11  7.862000e+000
12  8.873000e+000
13  1.406000e+001
14  1.242000e+001
15  2.199000e+001
16  5.195000e+001
17  3.870000e+001
18  2.358000e+001
19  1.263000e+001
22  2.709000e+000
23  7.396000e+000
24  1.080000e+001
25  1.181000e+001
26  1.441000e+001
27  1.884000e+001
28  4.940000e+001
29  2.961000e+001
30  1.678000e+001
31  1.047000e+001
32  6.235000e+000
33  3.686000e+000
34  2.420000e+000
35  1.784000e+000
36  1.470000e+000
37  1.309000e+000
38  4.639000e+000
39  9.426000e+000
40  4.381000e+001
41  4.164000e+001
42  2.545000e+001
43  1.420000e+001
44  8.597000e+000
45  5.127000e+000
46  3.048000e+000
47  2.179000e+000
48  2.424000e+000
49  5.291000e+000
50  6.273000e+000
51  8.076000e+000
52  2.593000e+001
53  3.586000e+001
54  1.835000e+001
55  1.179000e+001
56  7.218000e+000
57  4.277000e+000
58  2.614000e+000
59  2.181000e+000
60  2.918000e+000
61  5.584000e+000
62  1.212000e+001
63  1.265000e+001
64  2.633000e+001
65  1.634000e+001
66  1.078000e+001
67  6.510000e+000
68  3.848000e+000
69  2.463000e+000
70  1.724000e+000
71  1.158000e+000
72  8.028000e-001
77  1.107000e+001
78  7.109000e+000
79  4.489000e+000
80  2.771000e+000
81  1.989000e+000
82  1.348000e+000
83  9.828000e-001
84  8.749000e-001
85  1.213000e+000
86  1.481000e+000
87  1.893000e+000
88  1.145000e+001
89  1.241000e+001
90  7.647000e+000
91  4.854000e+000
92  2.967000e+000
93  2.078000e+000
94  1.403000e+000
95  1.135000e+000
96  1.629000e+000
97  2.086000e+000
98  2.132000e+000
99  1.032000e+001
100  2.649000e+001
101  2.285000e+001
102  1.379000e+001
103  8.579000e+000
104  5.079000e+000
105  2.965000e+000
106  2.063000e+000
107  1.411000e+000
108  2.372000e+000
   60 
1  9.584000e+000
2  1.016000e+001
3  2.091000e+001
4  4.698000e+001
5  4.658000e+001
6  2.620000e+001
7  1.576000e+001
9  8.571000e+000
10  6.269000e+000
11  8.080000e+000
12  7.233000e+000
13  1.006000e+001
14  1.015000e+001
15  1.849000e+001
16  4.006000e+001
17  3.589000e+001
18  2.422000e+001
19  1.533000e+001
22  5.846000e+000
23  7.610000e+000
24  7.965000e+000
25  9.083000e+000
26  1.164000e+001
27  1.600000e+001
28  3.837000e+001
29  2.809000e+001
30  1.751000e+001
31  1.280000e+001
32  9.525000e+000
33  7.043000e+000
34  5.158000e+000
35  3.929000e+000
36  2.930000e+000
37  2.289000e+000
38  3.399000e+000
39  5.778000e+000
40  3.024000e+001
41  3.378000e+001
42  2.434000e+001
43  1.542000e+001
44  1.148000e+001
45  8.591000e+000
46  6.294000e+000
47  4.695000e+000
48  3.782000e+000
49  4.120000e+000
50  5.035000e+000
51  5.907000e+000
52  1.902000e+001
53  2.663000e+001
54  1.682000e+001
55  1.299000e+001
56  1.002000e+001
57  7.570000e+000
58  5.560000e+000
59  4.426000e+000
60  3.537000e+000
61  5.183000e+000
62  7.901000e+000
63  9.837000e+000
64  1.840000e+001
65  1.358000e+001
66  1.130000e+001
67  8.804000e+000
68  6.639000e+000
69  4.963000e+000
70  3.629000e+000
71  2.582000e+000
72  1.999000e+000
77  8.395000e+000
78  6.633000e+000
79  5.260000e+000
80  4.065000e+000
81  3.145000e+000
82  2.421000e+000
83  1.915000e+000
84  1.702000e+000
85  1.555000e+000
86  1.441000e+000
87  1.434000e+000
88  5.470000e+000
89  8.509000e+000
90  6.789000e+000
91  5.289000e+000
92  4.135000e+000
93  3.235000e+000
94  2.510000e+000
95  2.067000e+000
96  1.938000e+000
97  1.905000e+000
98  2.056000e+000
99  5.171000e+000
100  1.647000e+001
101  1.768000e+001
102  1.289000e+001
103  1.020000e+001
104  7.808000e+000
105  5.778000e+000
106  4.244000e+000
107  3.113000e+000
108  2.910000e+000
   61 
1  1.016000e+001
2  7.999000e+000
3  3.484000e+001
4  7.659000e+001
5  5.285000e+001
6  8.459000e+000
7  3.242000e+000
9  8.581000e-001
10  6.135000e-001
11  1.146000e+001
12  1.127000e+001
13  1.949000e+001
14  1.258000e+001
15  3.170000e+001
16  6.624000e+001
17  3.740000e+001
18  1.065000e+001
19  2.913000e+000
22  5.248000e-001
23  1.087000e+001
24  1.623000e+001
25  1.158000e+001
26  2.024000e+001
27  2.677000e+001
28  6.244000e+001
29  2.427000e+001
30  5.713000e+000
31  1.727000e+000
32  9.441000e-001
33  6.163000e-001
34  4.352000e-001
35  4.252000e-001
36  7.607000e-001
37  2.005000e+000
38  7.156000e+000
39  2.148000e+001
40  6.082000e+001
41  4.713000e+001
42  1.569000e+001
43  3.122000e+000
44  1.303000e+000
45  7.587000e-001
46  5.235000e-001
47  5.312000e-001
48  4.419000e+000
49  6.918000e+000
50  5.262000e+000
51  1.169000e+001
52  4.172000e+001
53  4.737000e+001
54  6.878000e+000
55  1.746000e+000
56  1.116000e+000
57  7.582000e-001
58  4.966000e-001
59  2.847000e+000
60  3.030000e+000
61  5.536000e+000
62  1.362000e+001
63  2.071000e+001
64  4.217000e+001
65  8.559000e+000
66  2.517000e+000
67  1.132000e+000
68  6.343000e-001
69  4.223000e-001
70  3.047000e-001
71  2.046000e-001
72  1.470000e-001
77  9.442000e+000
78  2.340000e+000
79  9.422000e-001
80  4.500000e-001
81  2.437000e-001
82  1.592000e-001
83  2.182000e-001
84  1.526000e+000
85  1.649000e+000
86  1.598000e+000
87  3.765000e+000
88  2.307000e+001
89  1.237000e+001
90  2.686000e+000
91  9.818000e-001
92  4.597000e-001
93  2.447000e-001
94  1.677000e-001
95  1.616000e+000
96  2.345000e+000
97  2.130000e+000
98  2.085000e+000
99  2.515000e+001
100  3.738000e+001
101  2.127000e+001
102  4.267000e+000
103  1.330000e+000
104  7.193000e-001
105  4.762000e-001
106  3.247000e-001
107  8.965000e-001
108  4.765000e+000
   62 
1  8.974000e+000
2  7.194000e+000
3  3.370000e+001
4  7.609000e+001
5  5.122000e+001
6  7.781000e+000
7  2.428000e+000
9  6.621000e-001
10  5.863000e-001
11  1.041000e+001
12  8.287000e+000
13  1.712000e+001
14  1.215000e+001
15  3.041000e+001
16  6.522000e+001
17  3.639000e+001
18  7.360000e+000
19  2.107000e+000
22  4.573000e-001
23  9.717000e+000
24  1.427000e+001
25  1.034000e+001
26  1.828000e+001
27  2.453000e+001
28  6.148000e+001
29  2.245000e+001
30  5.246000e+000
31  1.495000e+000
32  7.493000e-001
33  4.778000e-001
34  3.691000e-001
35  5.739000e-001
36  9.451000e-001
37  1.605000e+000
38  5.434000e+000
39  1.869000e+001
40  6.011000e+001
41  4.458000e+001
42  1.377000e+001
43  2.474000e+000
44  1.041000e+000
45  5.862000e-001
46  4.147000e-001
47  5.454000e-001
48  4.198000e+000
49  6.412000e+000
50  3.789000e+000
51  8.683000e+000
52  3.844000e+001
53  4.810000e+001
54  5.312000e+000
55  1.382000e+000
56  9.152000e-001
57  6.337000e-001
58  3.643000e-001
59  1.963000e+000
60  2.798000e+000
61  5.216000e+000
62  1.354000e+001
63  1.645000e+001
64  4.077000e+001
65  8.141000e+000
66  2.098000e+000
67  8.764000e-001
68  4.759000e-001
69  3.550000e-001
70  2.399000e-001
71  1.567000e-001
72  1.380000e-001
77  8.225000e+000
78  1.768000e+000
79  6.405000e-001
80  2.532000e-001
81  1.535000e-001
82  1.112000e-001
83  3.682000e-001
84  1.406000e+000
85  1.628000e+000
86  1.616000e+000
87  3.247000e+000
88  2.062000e+001
89  1.129000e+001
90  2.040000e+000
91  6.958000e-001
92  2.625000e-001
93  1.533000e-001
94  1.419000e-001
95  1.712000e+000
96  2.439000e+000
97  2.236000e+000
98  1.715000e+000
99  2.134000e+001
100  3.427000e+001
101  2.066000e+001
102  3.721000e+000
103  1.081000e+000
104  5.224000e-001
105  3.605000e-001
106  2.375000e-001
107  5.554000e-001
108  4.539000e+000
   63 
1  9.967000e+000
2  8.599000e+000
3  2.949000e+001
4  6.926000e+001
5  5.407000e+001
6  1.377000e+001
7  5.143000e+000
9  8.954000e-001
10  6.138000e-001
11  1.082000e+001
12  6.935000e+000
13  1.576000e+001
14  1.183000e+001
15  2.618000e+001
16  6.097000e+001
17  4.013000e+001
18  1.333000e+001
19  3.678000e+000
22  6.330000e-001
23  9.623000e+000
24  1.229000e+001
25  1.183000e+001
26  1.481000e+001
27  2.203000e+001
28  5.892000e+001
29  2.590000e+001
30  9.015000e+000
31  2.940000e+000
32  1.204000e+000
33  6.282000e-001
34  4.087000e-001
35  9.519000e-001
36  5.516000e-001
37  1.690000e+000
38  5.620000e+000
39  1.397000e+001
40  5.404000e+001
41  4.734000e+001
42  1.799000e+001
43  5.440000e+000
44  1.859000e+000
45  8.548000e-001
46  5.206000e-001
47  7.781000e-001
48  3.901000e+000
49  6.082000e+000
50  4.990000e+000
51  7.212000e+000
52  3.238000e+001
53  4.641000e+001
54  1.150000e+001
55  3.788000e+000
56  1.489000e+000
57  6.765000e-001
58  3.853000e-001
59  2.261000e+000
60  2.446000e+000
61  7.552000e+000
62  1.280000e+001
63  1.323000e+001
64  3.489000e+001
65  1.294000e+001
66  4.254000e+000
67  1.501000e+000
68  7.149000e-001
69  3.784000e-001
70  2.049000e-001
71  1.497000e-001
72  1.761000e-001
77  9.632000e+000
78  2.992000e+000
79  1.103000e+000
80  4.330000e-001
81  2.057000e-001
82  1.314000e-001
83  7.423000e-001
84  1.236000e+000
85  1.489000e+000
86  2.038000e+000
87  2.832000e+000
88  1.830000e+001
89  1.128000e+001
90  3.375000e+000
91  1.219000e+000
92  4.682000e-001
93  2.160000e-001
94  3.212000e-001
95  1.726000e+000
96  2.162000e+000
97  1.890000e+000
98  2.919000e+000
99  1.763000e+001
100  3.167000e+001
101  2.116000e+001
102  7.360000e+000
103  2.306000e+000
104  9.779000e-001
105  4.393000e-001
106  2.996000e-001
107  9.794000e-001
108  4.051000e+000
   64 
1  1.278000e+001
2  8.038000e+000
3  3.197000e+001
4  6.811000e+001
5  5.627000e+001
6  1.582000e+001
7  3.892000e+000
9  1.205000e+000
10  7.678000e-001
11  8.280000e+000
12  1.289000e+001
13  1.886000e+001
14  1.300000e+001
15  2.942000e+001
16  5.775000e+001
17  4.598000e+001
18  1.281000e+001
19  4.158000e+000
22  6.457000e-001
23  7.787000e+000
24  1.728000e+001
25  1.150000e+001
26  1.908000e+001
27  2.596000e+001
28  5.705000e+001
29  2.994000e+001
30  8.101000e+000
31  2.624000e+000
32  1.391000e+000
33  8.211000e-001
34  5.350000e-001
35  4.355000e-001
36  7.116000e-001
37  1.139000e+000
38  6.520000e+000
39  1.972000e+001
40  5.300000e+001
41  5.119000e+001
42  2.073000e+001
43  4.513000e+000
44  1.927000e+000
45  1.072000e+000
46  6.558000e-001
47  4.980000e-001
48  2.987000e+000
49  7.039000e+000
50  5.002000e+000
51  1.147000e+001
52  3.722000e+001
53  4.793000e+001
54  1.166000e+001
55  2.645000e+000
56  1.450000e+000
57  1.002000e+000
58  6.422000e-001
59  1.444000e+000
60  3.480000e+000
61  4.002000e+000
62  1.184000e+001
63  2.067000e+001
64  4.132000e+001
65  1.218000e+001
66  3.478000e+000
67  1.720000e+000
68  9.232000e-001
69  5.566000e-001
70  3.812000e-001
71  2.592000e-001
72  1.839000e-001
77  1.128000e+001
78  3.490000e+000
79  1.528000e+000
80  7.207000e-001
81  3.401000e-001
82  2.025000e-001
83  1.751000e-001
84  1.047000e+000
85  1.749000e+000
86  1.690000e+000
87  2.464000e+000
88  2.077000e+001
89  1.457000e+001
90  4.097000e+000
91  1.626000e+000
92  7.545000e-001
93  3.481000e-001
94  2.074000e-001
95  8.139000e-001
96  2.402000e+000
97  2.452000e+000
98  1.806000e+000
99  2.194000e+001
100  3.603000e+001
101  2.409000e+001
102  6.317000e+000
103  2.097000e+000
104  1.082000e+000
105  6.229000e-001
106  3.969000e-001
107  3.157000e-001
108  3.732000e+000
   65 
1  9.801000e+000
2  1.004000e+001
3  2.396000e+001
4  6.233000e+001
5  5.235000e+001
6  2.183000e+001
7  1.225000e+001
9  3.948000e+000
10  2.852000e+000
11  2.721000e+000
12  5.235000e+000
13  1.140000e+001
14  1.277000e+001
15  2.554000e+001
16  5.284000e+001
17  3.916000e+001
18  2.003000e+001
19  1.102000e+001
22  2.690000e+000
23  2.481000e+000
24  7.105000e+000
25  9.304000e+000
26  1.333000e+001
27  2.315000e+001
28  5.271000e+001
29  2.617000e+001
30  1.598000e+001
31  8.956000e+000
32  4.986000e+000
33  3.174000e+000
34  2.462000e+000
35  1.782000e+000
36  1.409000e+000
37  1.061000e+000
38  1.096000e+000
39  6.593000e+000
40  4.899000e+001
41  3.954000e+001
42  2.214000e+001
43  1.275000e+001
44  7.191000e+000
45  4.088000e+000
46  2.885000e+000
47  2.149000e+000
48  1.565000e+000
49  1.359000e+000
50  3.065000e+000
51  5.931000e+000
52  3.071000e+001
53  3.536000e+001
54  1.799000e+001
55  1.014000e+001
56  5.605000e+000
57  3.394000e+000
58  2.602000e+000
59  1.914000e+000
60  1.496000e+000
61  1.822000e+000
62  6.109000e+000
63  1.185000e+001
64  2.962000e+001
65  1.669000e+001
66  1.020000e+001
67  5.926000e+000
68  3.498000e+000
69  2.637000e+000
70  1.898000e+000
71  1.446000e+000
72  1.070000e+000
77  1.080000e+001
78  7.317000e+000
79  4.670000e+000
80  3.093000e+000
81  2.449000e+000
82  1.778000e+000
83  1.391000e+000
84  1.010000e+000
85  7.161000e-001
86  5.802000e-001
87  6.882000e-001
88  6.107000e+000
89  1.156000e+001
90  7.992000e+000
91  5.096000e+000
92  3.263000e+000
93  2.548000e+000
94  1.852000e+000
95  1.439000e+000
96  1.087000e+000
97  9.271000e-001
98  1.166000e+000
99  6.371000e+000
100  2.489000e+001
101  2.224000e+001
102  1.383000e+001
103  7.916000e+000
104  4.407000e+000
105  2.944000e+000
106  2.251000e+000
107  1.623000e+000
108  1.281000e+000
   66 
1  1.020000e+001
2  1.057000e+001
3  2.106000e+001
4  4.582000e+001
5  4.455000e+001
6  2.696000e+001
7  1.986000e+001
9  1.090000e+001
10  8.010000e+000
11  7.430000e+000
12  7.723000e+000
13  1.126000e+001
14  1.185000e+001
15  2.193000e+001
16  3.933000e+001
17  3.397000e+001
18  2.535000e+001
19  1.846000e+001
22  7.365000e+000
23  7.242000e+000
24  7.915000e+000
25  8.607000e+000
26  1.277000e+001
27  1.860000e+001
28  3.893000e+001
29  2.691000e+001
30  2.025000e+001
31  1.532000e+001
32  1.143000e+001
33  8.457000e+000
34  6.326000e+000
35  4.779000e+000
36  3.682000e+000
37  3.098000e+000
38  3.663000e+000
39  7.401000e+000
40  3.211000e+001
41  3.037000e+001
42  2.339000e+001
43  1.824000e+001
44  1.373000e+001
45  1.028000e+001
46  7.734000e+000
47  5.807000e+000
48  4.529000e+000
49  3.986000e+000
50  4.732000e+000
51  6.643000e+000
52  2.297000e+001
53  2.398000e+001
54  1.820000e+001
55  1.464000e+001
56  1.138000e+001
57  8.654000e+000
58  6.599000e+000
59  5.179000e+000
60  4.100000e+000
61  4.611000e+000
62  6.313000e+000
63  1.021000e+001
64  1.995000e+001
65  1.474000e+001
66  1.245000e+001
67  1.009000e+001
68  7.818000e+000
69  6.061000e+000
70  4.565000e+000
71  3.491000e+000
72  2.844000e+000
77  7.543000e+000
78  7.333000e+000
79  6.542000e+000
80  5.424000e+000
81  4.458000e+000
82  3.539000e+000
83  2.907000e+000
84  2.570000e+000
85  2.368000e+000
86  2.111000e+000
87  1.908000e+000
88  3.189000e+000
89  6.723000e+000
90  6.919000e+000
91  6.467000e+000
92  5.523000e+000
93  4.623000e+000
94  3.719000e+000
95  3.104000e+000
96  2.737000e+000
97  2.575000e+000
98  2.561000e+000
99  4.580000e+000
100  1.617000e+001
101  1.766000e+001
102  1.447000e+001
103  1.173000e+001
104  9.132000e+000
105  6.988000e+000
106  5.328000e+000
107  3.995000e+000
108  3.311000e+000
   67 
1  1.023000e+001
2  7.764000e+000
3  2.628000e+001
4  5.459000e+001
5  4.913000e+001
6  2.085000e+001
7  1.231000e+001
9  3.704000e+000
10  2.589000e+000
11  1.119000e+001
12  8.829000e+000
13  1.301000e+001
14  9.926000e+000
15  2.196000e+001
16  4.726000e+001
17  4.099000e+001
18  2.113000e+001
19  9.567000e+000
22  2.348000e+000
23  1.075000e+001
24  1.214000e+001
25  9.795000e+000
26  1.387000e+001
27  1.693000e+001
28  4.830000e+001
29  2.855000e+001
30  1.377000e+001
31  7.516000e+000
32  4.420000e+000
33  2.832000e+000
34  1.821000e+000
35  1.866000e+000
36  1.909000e+000
37  1.668000e+000
38  6.826000e+000
39  1.040000e+001
40  3.875000e+001
41  4.342000e+001
42  2.354000e+001
43  1.099000e+001
44  6.111000e+000
45  3.620000e+000
46  2.412000e+000
47  1.862000e+000
48  3.886000e+000
49  7.294000e+000
50  5.493000e+000
51  7.773000e+000
52  2.301000e+001
53  3.725000e+001
54  1.559000e+001
55  8.965000e+000
56  5.345000e+000
57  3.145000e+000
58  2.011000e+000
59  2.900000e+000
60  3.234000e+000
61  6.264000e+000
62  1.560000e+001
63  1.266000e+001
64  2.596000e+001
65  1.268000e+001
66  7.315000e+000
67  4.080000e+000
68  2.694000e+000
69  1.668000e+000
70  1.091000e+000
71  6.676000e-001
72  4.309000e-001
77  9.472000e+000
78  4.461000e+000
79  2.607000e+000
80  1.690000e+000
81  1.099000e+000
82  6.901000e-001
83  7.901000e-001
84  1.630000e+000
85  1.335000e+000
86  1.565000e+000
87  2.525000e+000
88  1.483000e+001
89  1.165000e+001
90  4.625000e+000
91  2.650000e+000
92  1.694000e+000
93  1.092000e+000
94  7.304000e-001
95  2.123000e+000
96  2.429000e+000
97  2.126000e+000
98  1.874000e+000
99  1.418000e+001
100  2.710000e+001
101  2.012000e+001
102  9.594000e+000
103  5.247000e+000
104  3.204000e+000
105  2.070000e+000
106  1.316000e+000
107  1.035000e+000
108  4.100000e+000
   68 
1  8.531000e+000
2  7.645000e+000
3  3.870000e+001
4  8.291000e+001
5  4.539000e+001
6  5.550000e+000
7  2.831000e+000
9  7.601000e-001
10  6.350000e-001
11  1.361000e+001
12  1.093000e+001
13  1.999000e+001
14  1.244000e+001
15  3.638000e+001
16  7.068000e+001
17  2.855000e+001
18  9.794000e+000
19  2.345000e+000
22  5.150000e-001
23  1.307000e+001
24  1.608000e+001
25  1.138000e+001
26  2.147000e+001
27  3.094000e+001
28  6.543000e+001
29  1.622000e+001
30  4.751000e+000
31  1.484000e+000
32  8.112000e-001
33  5.425000e-001
34  4.186000e-001
35  5.797000e-001
36  9.585000e-001
37  2.518000e+000
38  7.431000e+000
39  2.407000e+001
40  6.986000e+001
41  4.046000e+001
42  1.131000e+001
43  2.477000e+000
44  1.114000e+000
45  6.642000e-001
46  4.771000e-001
47  1.013000e+000
48  5.235000e+000
49  6.888000e+000
50  5.045000e+000
51  1.271000e+001
52  4.834000e+001
53  4.236000e+001
54  4.421000e+000
55  1.477000e+000
56  1.030000e+000
57  7.203000e-001
58  4.227000e-001
59  3.751000e+000
60  2.975000e+000
61  5.186000e+000
62  1.327000e+001
63  2.530000e+001
64  4.160000e+001
65  5.668000e+000
66  2.185000e+000
67  9.365000e-001
68  5.347000e-001
69  4.035000e-001
70  2.823000e-001
71  1.822000e-001
72  1.528000e-001
77  8.577000e+000
78  1.851000e+000
79  7.056000e-001
80  3.093000e-001
81  1.883000e-001
82  1.392000e-001
83  5.295000e-001
84  1.953000e+000
85  1.729000e+000
86  1.441000e+000
87  4.555000e+000
88  2.501000e+001
89  1.095000e+001
90  2.013000e+000
91  7.212000e-001
92  3.118000e-001
93  1.895000e-001
94  1.745000e-001
95  2.395000e+000
96  2.499000e+000
97  2.136000e+000
98  2.168000e+000
99  3.005000e+001
100  3.664000e+001
101  1.875000e+001
102  3.091000e+000
103  1.084000e+000
104  5.852000e-001
105  4.260000e-001
106  2.847000e-001
107  1.512000e+000
108  5.298000e+000
   69 
1  4.343000e+000
2  7.169000e+000
3  4.484000e+001
4  9.137000e+001
5  2.999000e+001
6  2.933000e+000
7  2.219000e+000
9  5.292000e-001
10  4.989000e-001
11  1.550000e+001
12  6.025000e+000
13  1.876000e+001
14  1.213000e+001
15  4.471000e+001
16  7.621000e+001
17  1.107000e+001
18  6.783000e+000
19  9.788000e-001
22  6.793000e-001
23  1.601000e+001
24  1.125000e+001
25  1.059000e+001
26  2.114000e+001
27  3.751000e+001
28  6.021000e+001
29  9.685000e+000
30  2.283000e+000
31  6.994000e-001
32  4.552000e-001
33  3.505000e-001
34  2.929000e-001
35  1.423000e+000
36  4.686000e-001
37  3.130000e+000
38  6.435000e+000
39  2.617000e+001
40  7.867000e+001
41  2.824000e+001
42  4.721000e+000
43  1.265000e+000
44  5.815000e-001
45  3.867000e-001
46  3.359000e-001
47  1.248000e+000
48  6.703000e+000
49  5.952000e+000
50  4.775000e+000
51  1.020000e+001
52  6.539000e+001
53  2.261000e+001
54  1.653000e+000
55  9.288000e-001
56  7.113000e-001
57  3.680000e-001
58  2.563000e-001
59  4.074000e+000
60  2.443000e+000
61  9.520000e+000
62  1.376000e+001
63  2.397000e+001
64  3.499000e+001
65  2.663000e+000
66  1.152000e+000
67  3.830000e-001
68  3.740000e-001
69  2.618000e-001
70  1.391000e-001
71  1.070000e-001
72  2.029000e-001
77  5.355000e+000
78  7.037000e-001
79  2.149000e-001
80  1.370000e-001
81  9.703000e-002
82  1.060000e-001
83  1.317000e+000
84  1.471000e+000
85  1.731000e+000
86  1.867000e+000
87  5.940000e+000
88  2.410000e+001
89  6.583000e+000
90  7.557000e-001
91  2.171000e-001
92  1.342000e-001
93  9.463000e-002
94  8.139000e-001
95  2.640000e+000
96  2.868000e+000
97  1.338000e+000
98  4.010000e+000
99  3.074000e+001
100  3.327000e+001
101  1.366000e+001
102  1.256000e+000
103  4.348000e-001
104  3.827000e-001
105  2.152000e-001
106  2.380000e-001
107  2.542000e+000
108  6.109000e+000
   70 
1  1.295000e+001
2  1.070000e+001
3  1.924000e+001
4  3.662000e+001
5  4.011000e+001
6  3.572000e+001
7  2.912000e+001
9  7.584000e+000
10  4.177000e+000
11  5.442000e+000
12  9.951000e+000
13  1.229000e+001
14  1.271000e+001
15  1.786000e+001
16  3.212000e+001
17  3.628000e+001
18  3.676000e+001
19  2.359000e+001
22  3.357000e+000
23  5.405000e+000
24  1.025000e+001
25  1.075000e+001
26  1.359000e+001
27  1.596000e+001
28  3.168000e+001
29  3.603000e+001
30  2.763000e+001
31  1.438000e+001
32  7.832000e+000
33  4.479000e+000
34  2.700000e+000
35  2.176000e+000
36  1.931000e+000
37  1.864000e+000
38  4.262000e+000
39  8.543000e+000
40  2.465000e+001
41  3.627000e+001
42  3.514000e+001
43  2.375000e+001
44  1.223000e+001
45  6.673000e+000
46  3.849000e+000
47  2.495000e+000
48  2.219000e+000
49  4.684000e+000
50  6.888000e+000
51  8.237000e+000
52  1.643000e+001
53  2.806000e+001
54  2.755000e+001
55  1.615000e+001
56  9.333000e+000
57  5.441000e+000
58  3.261000e+000
59  2.548000e+000
60  2.652000e+000
61  4.611000e+000
62  9.023000e+000
63  1.266000e+001
64  2.194000e+001
65  1.917000e+001
66  1.260000e+001
67  7.895000e+000
68  4.861000e+000
69  3.010000e+000
70  2.096000e+000
71  1.698000e+000
72  1.301000e+000
77  1.272000e+001
78  9.137000e+000
79  5.812000e+000
80  3.660000e+000
81  2.389000e+000
82  1.844000e+000
83  1.512000e+000
84  1.193000e+000
85  1.135000e+000
86  1.285000e+000
87  1.626000e+000
88  5.871000e+000
89  1.232000e+001
90  1.036000e+001
91  6.540000e+000
92  4.020000e+000
93  2.567000e+000
94  1.918000e+000
95  1.729000e+000
96  1.815000e+000
97  2.332000e+000
98  2.487000e+000
99  6.405000e+000
100  1.972000e+001
101  2.443000e+001
102  1.766000e+001
103  1.066000e+001
104  6.239000e+000
105  3.741000e+000
106  2.359000e+000
107  1.902000e+000
108  1.861000e+000
   71 
1  8.603000e+000
2  7.951000e+000
3  3.405000e+001
4  8.219000e+001
5  4.117000e+001
6  9.685000e+000
7  5.215000e+000
9  1.475000e+000
10  1.088000e+000
11  9.633000e+000
12  7.005000e+000
13  1.547000e+001
14  1.169000e+001
15  3.630000e+001
16  6.687000e+001
17  2.577000e+001
18  1.178000e+001
19  4.484000e+000
22  9.813000e-001
23  9.965000e+000
24  1.056000e+001
25  1.017000e+001
26  1.698000e+001
27  3.187000e+001
28  5.847000e+001
29  1.739000e+001
30  7.247000e+000
31  3.351000e+000
32  1.716000e+000
33  1.211000e+000
34  8.376000e-001
35  8.321000e-001
36  8.105000e-001
37  1.299000e+000
38  4.994000e+000
39  1.783000e+001
40  6.641000e+001
41  3.601000e+001
42  1.236000e+001
43  5.391000e+000
44  2.589000e+000
45  1.481000e+000
46  1.053000e+000
47  7.410000e-001
48  3.171000e+000
49  5.700000e+000
50  6.058000e+000
51  7.358000e+000
52  4.688000e+001
53  3.402000e+001
54  8.307000e+000
55  3.800000e+000
56  1.961000e+000
57  1.320000e+000
58  9.667000e-001
59  1.449000e+000
60  2.006000e+000
61  7.893000e+000
62  1.139000e+001
63  1.916000e+001
64  3.299000e+001
65  8.940000e+000
66  4.468000e+000
67  2.136000e+000
68  1.310000e+000
69  9.254000e-001
70  6.716000e-001
71  4.912000e-001
72  3.513000e-001
77  8.007000e+000
78  3.576000e+000
79  1.828000e+000
80  1.194000e+000
81  8.103000e-001
82  5.811000e-001
83  3.944000e-001
84  4.716000e-001
85  9.971000e-001
86  1.538000e+000
87  3.367000e+000
88  1.910000e+001
89  9.862000e+000
90  4.015000e+000
91  1.988000e+000
92  1.234000e+000
93  8.377000e-001
94  6.044000e-001
95  7.423000e-001
96  1.853000e+000
97  2.187000e+000
98  2.527000e+000
99  2.165000e+001
100  3.149000e+001
101  1.757000e+001
102  6.263000e+000
103  2.929000e+000
104  1.517000e+000
105  1.082000e+000
106  7.433000e-001
107  6.247000e-001
108  3.686000e+000
   72 
1  1.209000e+001
2  1.018000e+001
3  2.489000e+001
4  7.125000e+001
5  5.235000e+001
6  1.638000e+001
7  8.088000e+000
9  2.148000e+000
10  1.385000e+000
11  5.014000e+000
12  7.479000e+000
13  1.317000e+001
14  1.247000e+001
15  2.485000e+001
16  6.058000e+001
17  3.860000e+001
18  1.628000e+001
19  7.168000e+000
22  1.269000e+000
23  4.472000e+000
24  1.051000e+001
25  1.116000e+001
26  1.354000e+001
27  2.148000e+001
28  5.739000e+001
29  2.655000e+001
30  1.259000e+001
31  5.950000e+000
32  2.800000e+000
33  1.784000e+000
34  1.145000e+000
35  7.951000e-001
36  6.577000e-001
37  7.312000e-001
38  2.721000e+000
39  9.545000e+000
40  5.519000e+001
41  4.366000e+001
42  1.974000e+001
43  9.356000e+000
44  4.239000e+000
45  2.252000e+000
46  1.393000e+000
47  9.437000e-001
48  8.334000e-001
49  4.585000e+000
50  5.167000e+000
51  6.216000e+000
52  3.135000e+001
53  4.237000e+001
54  1.483000e+001
55  7.007000e+000
56  3.217000e+000
57  1.958000e+000
58  1.235000e+000
59  8.516000e-001
60  1.183000e+000
61  4.797000e+000
62  9.843000e+000
63  1.197000e+001
64  3.314000e+001
65  1.576000e+001
66  7.996000e+000
67  3.645000e+000
68  2.028000e+000
69  1.262000e+000
70  8.375000e-001
71  5.290000e-001
72  3.340000e-001
77  1.079000e+001
78  5.524000e+000
79  2.822000e+000
80  1.759000e+000
81  1.101000e+000
82  6.787000e-001
83  4.050000e-001
84  3.547000e-001
85  7.429000e-001
86  1.303000e+000
87  1.913000e+000
88  1.349000e+001
89  1.251000e+001
90  6.026000e+000
91  3.059000e+000
92  1.844000e+000
93  1.139000e+000
94  7.016000e-001
95  4.737000e-001
96  8.762000e-001
97  1.816000e+000
98  2.217000e+000
99  1.126000e+001
100  2.984000e+001
101  2.243000e+001
102  1.137000e+001
103  5.237000e+000
104  2.452000e+000
105  1.539000e+000
106  9.928000e-001
107  6.220000e-001
108  1.177000e+000
   73 
1  7.873000e+000
2  7.698000e+000
3  3.591000e+001
4  8.245000e+001
5  4.579000e+001
6  5.273000e+000
7  2.330000e+000
9  6.159000e-001
10  5.694000e-001
11  1.331000e+001
12  8.401000e+000
13  1.905000e+001
14  1.221000e+001
15  3.233000e+001
16  7.201000e+001
17  2.867000e+001
18  7.446000e+000
19  1.558000e+000
22  6.044000e-001
23  1.222000e+001
24  1.483000e+001
25  1.118000e+001
26  1.961000e+001
27  2.656000e+001
28  6.560000e+001
29  1.718000e+001
30  4.260000e+000
31  1.102000e+000
32  6.047000e-001
33  4.385000e-001
34  3.569000e-001
35  9.777000e-001
36  6.128000e-001
37  2.704000e+000
38  6.123000e+000
39  2.134000e+001
40  6.825000e+001
41  3.963000e+001
42  1.143000e+001
43  2.000000e+000
44  7.895000e-001
45  5.067000e-001
46  4.028000e-001
47  1.229000e+000
48  5.428000e+000
49  6.306000e+000
50  4.396000e+000
51  1.004000e+001
52  4.597000e+001
53  4.321000e+001
54  3.582000e+000
55  1.167000e+000
56  7.880000e-001
57  4.803000e-001
58  3.100000e-001
59  3.830000e+000
60  2.712000e+000
61  6.557000e+000
62  1.286000e+001
63  1.904000e+001
64  4.263000e+001
65  5.943000e+000
66  1.624000e+000
67  6.040000e-001
68  4.538000e-001
69  3.245000e-001
70  1.962000e-001
71  1.390000e-001
72  1.864000e-001
77  7.484000e+000
78  1.221000e+000
79  4.004000e-001
80  1.978000e-001
81  1.339000e-001
82  1.106000e-001
83  9.582000e-001
84  1.714000e+000
85  1.715000e+000
86  1.723000e+000
87  4.247000e+000
88  2.357000e+001
89  9.574000e+000
90  1.478000e+000
91  4.348000e-001
92  2.000000e-001
93  1.345000e-001
94  4.225000e-001
95  2.539000e+000
96  2.497000e+000
97  1.775000e+000
98  2.761000e+000
99  2.553000e+001
100  3.564000e+001
101  1.848000e+001
102  2.814000e+000
103  7.553000e-001
104  4.726000e-001
105  3.018000e-001
106  2.517000e-001
107  1.919000e+000
108  5.140000e+000
   74 
1  1.159000e+001
2  8.701000e+000
3  2.555000e+001
4  5.566000e+001
5  5.835000e+001
6  2.660000e+001
7  6.565000e+000
9  1.229000e+000
10  8.226000e-001
11  7.700000e+000
12  8.626000e+000
13  1.525000e+001
14  1.254000e+001
15  2.190000e+001
16  5.072000e+001
17  4.790000e+001
18  2.057000e+001
19  5.060000e+000
22  7.288000e-001
23  6.849000e+000
24  1.284000e+001
25  1.136000e+001
26  1.529000e+001
27  1.930000e+001
28  4.680000e+001
29  3.981000e+001
30  1.148000e+001
31  3.655000e+000
32  1.561000e+000
33  9.887000e-001
34  6.463000e-001
35  5.019000e-001
36  6.893000e-001
37  9.422000e-001
38  5.092000e+000
39  1.253000e+001
40  3.907000e+001
41  5.134000e+001
42  3.015000e+001
43  7.057000e+000
44  2.456000e+000
45  1.233000e+000
46  7.740000e-001
47  5.586000e-001
48  2.363000e+000
49  6.137000e+000
50  5.302000e+000
51  7.185000e+000
52  2.487000e+001
53  4.459000e+001
54  2.143000e+001
55  4.947000e+000
56  1.856000e+000
57  1.112000e+000
58  7.156000e-001
59  9.623000e-001
60  2.512000e+000
61  5.611000e+000
62  1.270000e+001
63  1.370000e+001
64  3.088000e+001
65  1.860000e+001
66  5.424000e+000
67  2.057000e+000
68  1.108000e+000
69  7.028000e-001
70  4.872000e-001
71  3.243000e-001
72  2.170000e-001
77  1.110000e+001
78  4.141000e+000
79  1.698000e+000
80  9.546000e-001
81  5.775000e-001
82  3.421000e-001
83  2.275000e-001
84  5.610000e-001
85  1.302000e+000
86  1.803000e+000
87  2.383000e+000
88  1.496000e+001
89  1.432000e+001
90  4.983000e+000
91  1.894000e+000
92  1.008000e+000
93  6.006000e-001
94  3.560000e-001
95  5.487000e-001
96  1.923000e+000
97  2.271000e+000
98  2.187000e+000
99  1.356000e+001
100  2.903000e+001
101  2.742000e+001
102  9.222000e+000
103  3.144000e+000
104  1.335000e+000
105  8.306000e-001
106  5.422000e-001
107  3.633000e-001
108  2.822000e+000
   75 
1  1.011000e+001
2  8.813000e+000
3  2.979000e+001
4  6.756000e+001
5  4.888000e+001
6  1.707000e+001
7  9.913000e+000
9  2.544000e+000
10  1.769000e+000
11  1.273000e+001
12  8.780000e+000
13  1.547000e+001
14  1.132000e+001
15  2.819000e+001
16  5.931000e+001
17  3.520000e+001
18  1.983000e+001
19  7.786000e+000
22  1.516000e+000
23  1.290000e+001
24  1.162000e+001
25  1.118000e+001
26  1.536000e+001
27  2.247000e+001
28  5.702000e+001
29  2.589000e+001
30  1.173000e+001
31  6.484000e+000
32  3.453000e+000
33  1.918000e+000
34  1.268000e+000
35  1.307000e+000
36  1.546000e+000
37  2.186000e+000
38  7.319000e+000
39  1.397000e+001
40  5.352000e+001
41  4.243000e+001
42  2.052000e+001
43  9.654000e+000
44  5.058000e+000
45  2.652000e+000
46  1.638000e+000
47  1.321000e+000
48  4.752000e+000
49  7.275000e+000
50  7.077000e+000
51  8.366000e+000
52  3.416000e+001
53  3.724000e+001
54  1.370000e+001
55  8.126000e+000
56  4.399000e+000
57  2.308000e+000
58  1.425000e+000
59  3.026000e+000
60  3.144000e+000
61  9.138000e+000
62  1.410000e+001
63  1.548000e+001
64  2.919000e+001
65  1.282000e+001
66  7.279000e+000
67  3.866000e+000
68  2.147000e+000
69  1.388000e+000
70  8.684000e-001
71  5.639000e-001
72  3.584000e-001
77  1.017000e+001
78  4.897000e+000
79  2.624000e+000
80  1.558000e+000
81  1.001000e+000
82  6.511000e-001
83  6.889000e-001
84  1.448000e+000
85  1.478000e+000
86  1.960000e+000
87  3.196000e+000
88  1.744000e+001
89  1.193000e+001
90  5.183000e+000
91  2.839000e+000
92  1.642000e+000
93  1.043000e+000
94  7.501000e-001
95  2.073000e+000
96  2.492000e+000
97  2.130000e+000
98  2.972000e+000
99  1.738000e+001
100  3.144000e+001
101  2.136000e+001
102  9.483000e+000
103  5.214000e+000
104  2.823000e+000
105  1.621000e+000
106  1.012000e+000
107  1.026000e+000
108  5.313000e+000
   76 
1  8.248000e+000
2  7.469000e+000
3  2.923000e+001
4  6.485000e+001
5  5.039000e+001
6  1.477000e+001
7  8.565000e+000
9  1.943000e+000
10  1.326000e+000
11  1.297000e+001
12  7.178000e+000
13  1.418000e+001
14  9.965000e+000
15  2.642000e+001
16  5.777000e+001
17  3.627000e+001
18  1.714000e+001
19  6.129000e+000
22  1.226000e+000
23  1.294000e+001
24  1.083000e+001
25  1.029000e+001
26  1.447000e+001
27  2.085000e+001
28  5.631000e+001
29  2.459000e+001
30  9.754000e+000
31  4.898000e+000
32  2.496000e+000
33  1.434000e+000
34  8.639000e-001
35  1.610000e+000
36  1.258000e+000
37  2.151000e+000
38  6.829000e+000
39  1.359000e+001
40  4.841000e+001
41  4.475000e+001
42  1.842000e+001
43  7.518000e+000
44  3.674000e+000
45  1.900000e+000
46  1.171000e+000
47  1.219000e+000
48  4.803000e+000
49  7.022000e+000
50  5.935000e+000
51  7.258000e+000
52  3.006000e+001
53  3.979000e+001
54  1.201000e+001
55  6.507000e+000
56  3.307000e+000
57  1.680000e+000
58  9.725000e-001
59  3.018000e+000
60  2.622000e+000
61  8.388000e+000
62  1.485000e+001
63  1.437000e+001
64  2.853000e+001
65  1.096000e+001
66  5.683000e+000
67  2.780000e+000
68  1.572000e+000
69  9.087000e-001
70  5.560000e-001
71  3.179000e-001
72  2.107000e-001
77  8.788000e+000
78  3.381000e+000
79  1.745000e+000
80  1.040000e+000
81  6.128000e-001
82  3.511000e-001
83  9.480000e-001
84  1.458000e+000
85  1.262000e+000
86  1.924000e+000
87  3.436000e+000
88  1.824000e+001
89  1.025000e+001
90  3.487000e+000
91  1.792000e+000
92  1.056000e+000
93  6.152000e-001
94  5.522000e-001
95  2.421000e+000
96  2.358000e+000
97  1.893000e+000
98  3.004000e+000
99  1.829000e+001
100  2.942000e+001
101  1.908000e+001
102  7.286000e+000
103  3.661000e+000
104  1.933000e+000
105  1.100000e+000
106  6.462000e-001
107  1.187000e+000
108  4.850000e+000
   77 
1  1.134000e+001
2  7.424000e+000
3  2.948000e+001
4  6.534000e+001
5  5.709000e+001
6  1.868000e+001
7  6.062000e+000
9  1.190000e+000
10  7.444000e-001
11  1.086000e+001
12  1.146000e+001
13  1.709000e+001
14  1.242000e+001
15  2.782000e+001
16  5.742000e+001
17  4.657000e+001
18  1.542000e+001
19  4.188000e+000
22  6.146000e-001
23  1.085000e+001
24  1.488000e+001
25  1.089000e+001
26  1.794000e+001
27  2.368000e+001
28  5.666000e+001
29  3.278000e+001
30  8.424000e+000
31  2.591000e+000
32  1.338000e+000
33  7.882000e-001
34  4.746000e-001
35  7.093000e-001
36  1.429000e+000
37  1.989000e+000
38  7.876000e+000
39  1.643000e+001
40  4.910000e+001
41  5.282000e+001
42  2.310000e+001
43  5.304000e+000
44  1.968000e+000
45  1.039000e+000
46  6.260000e-001
47  5.303000e-001
48  3.994000e+000
49  8.472000e+000
50  6.482000e+000
51  9.684000e+000
52  3.191000e+001
53  4.865000e+001
54  1.354000e+001
55  3.074000e+000
56  1.674000e+000
57  1.092000e+000
58  6.996000e-001
59  2.180000e+000
60  3.617000e+000
61  6.726000e+000
62  1.515000e+001
63  1.725000e+001
64  3.636000e+001
65  1.338000e+001
66  3.839000e+000
67  1.656000e+000
68  9.323000e-001
69  6.215000e-001
70  4.426000e-001
71  3.080000e-001
72  2.102000e-001
77  1.116000e+001
78  3.570000e+000
79  1.509000e+000
80  7.858000e-001
81  3.799000e-001
82  1.904000e-001
83  2.291000e-001
84  1.373000e+000
85  1.622000e+000
86  1.794000e+000
87  3.234000e+000
88  1.971000e+001
89  1.451000e+001
90  4.242000e+000
91  1.623000e+000
92  8.271000e-001
93  3.983000e-001
94  2.074000e-001
95  1.592000e+000
96  2.882000e+000
97  2.582000e+000
98  2.186000e+000
99  1.946000e+001
100  3.489000e+001
101  2.549000e+001
102  7.056000e+000
103  2.123000e+000
104  1.094000e+000
105  6.789000e-001
106  4.196000e-001
107  3.768000e-001
108  4.604000e+000
   78 
1  8.220000e+000
2  6.942000e+000
3  2.834000e+001
4  6.191000e+001
5  5.291000e+001
6  1.585000e+001
7  8.966000e+000
9  1.599000e+000
10  1.072000e+000
11  1.279000e+001
12  8.132000e+000
13  1.393000e+001
14  9.655000e+000
15  2.543000e+001
16  5.537000e+001
17  4.024000e+001
18  1.831000e+001
19  5.395000e+000
22  1.029000e+000
23  1.280000e+001
24  1.193000e+001
25  9.699000e+000
26  1.470000e+001
27  1.928000e+001
28  5.586000e+001
29  2.694000e+001
30  1.030000e+001
31  4.236000e+000
32  2.126000e+000
33  1.132000e+000
34  6.328000e-001
35  1.810000e+000
36  1.378000e+000
37  2.234000e+000
38  7.228000e+000
39  1.283000e+001
40  4.654000e+001
41  4.675000e+001
42  2.002000e+001
43  7.183000e+000
44  3.038000e+000
45  1.539000e+000
46  9.178000e-001
47  1.081000e+000
48  4.693000e+000
49  7.872000e+000
50  5.202000e+000
51  7.989000e+000
52  2.775000e+001
53  4.169000e+001
54  1.290000e+001
55  5.936000e+000
56  2.856000e+000
57  1.422000e+000
58  7.198000e-001
59  3.134000e+000
60  2.618000e+000
61  7.761000e+000
62  1.572000e+001
63  1.373000e+001
64  2.912000e+001
65  1.151000e+001
66  5.319000e+000
67  2.398000e+000
68  1.328000e+000
69  7.086000e-001
70  3.654000e-001
71  2.136000e-001
72  1.754000e-001
77  9.647000e+000
78  3.373000e+000
79  1.681000e+000
80  8.441000e-001
81  4.251000e-001
82  2.243000e-001
83  1.055000e+000
84  1.631000e+000
85  1.173000e+000
86  1.719000e+000
87  3.475000e+000
88  1.825000e+001
89  1.116000e+001
90  3.457000e+000
91  1.714000e+000
92  8.521000e-001
93  4.243000e-001
94  4.550000e-001
95  2.767000e+000
96  2.449000e+000
97  1.983000e+000
98  2.418000e+000
99  1.771000e+001
100  3.008000e+001
101  2.027000e+001
102  7.057000e+000
103  3.018000e+000
104  1.657000e+000
105  8.357000e-001
106  4.330000e-001
107  8.218000e-001
108  5.050000e+000
   79 
1  4.161000e+000
2  6.655000e+000
3  4.159000e+001
4  9.120000e+001
5  3.340000e+001
6  3.187000e+000
7  1.923000e+000
9  6.082000e-001
10  8.887000e-001
11  1.634000e+001
12  5.656000e+000
13  1.806000e+001
14  1.198000e+001
15  4.076000e+001
16  7.871000e+001
17  1.288000e+001
18  7.114000e+000
19  6.482000e-001
22  1.243000e+000
23  1.660000e+001
24  1.095000e+001
25  1.044000e+001
26  2.073000e+001
27  3.475000e+001
28  6.311000e+001
29  9.912000e+000
30  1.839000e+000
31  5.246000e-001
32  3.605000e-001
33  3.028000e-001
34  2.604000e-001
35  2.031000e+000
36  1.751000e-001
37  3.804000e+000
38  6.563000e+000
39  2.406000e+001
40  7.796000e+001
41  3.045000e+001
42  4.867000e+000
43  9.203000e-001
44  4.333000e-001
45  3.162000e-001
46  4.651000e-001
47  1.528000e+000
48  7.435000e+000
49  6.448000e+000
50  5.384000e+000
51  8.465000e+000
52  6.080000e+001
53  2.723000e+001
54  1.322000e+000
55  9.250000e-001
56  5.779000e-001
57  2.575000e-001
58  3.321000e-001
59  4.617000e+000
60  2.475000e+000
61  1.139000e+001
62  1.339000e+001
63  2.042000e+001
64  3.686000e+001
65  2.820000e+000
66  6.207000e-001
67  4.125000e-001
68  2.794000e-001
69  1.733000e-001
70  1.057000e-001
71  1.316000e-001
72  2.975000e-001
77  5.262000e+000
78  3.378000e-001
79  1.436000e-001
80  1.004000e-001
81  7.165000e-002
82  4.795000e-001
83  1.685000e+000
84  1.233000e+000
85  1.824000e+000
86  2.019000e+000
87  6.351000e+000
88  2.381000e+001
89  6.483000e+000
90  3.865000e-001
91  1.398000e-001
92  9.571000e-002
93  6.925000e-002
94  1.855000e+000
95  2.360000e+000
96  2.986000e+000
97  8.370000e-001
98  5.056000e+000
99  2.960000e+001
100  3.361000e+001
101  1.380000e+001
102  8.129000e-001
103  3.658000e-001
104  2.998000e-001
105  1.576000e-001
106  3.301000e-001
107  3.286000e+000
108  6.047000e+000
   80 
1  8.497000e+000
2  7.894000e+000
3  3.744000e+001
4  8.155000e+001
5  4.659000e+001
6  6.772000e+000
7  3.661000e+000
9  7.901000e-001
10  5.926000e-001
11  1.383000e+001
12  1.025000e+001
13  1.965000e+001
14  1.235000e+001
15  3.486000e+001
16  7.110000e+001
17  2.925000e+001
18  1.029000e+001
19  2.512000e+000
22  4.799000e-001
23  1.381000e+001
24  1.491000e+001
25  1.130000e+001
26  2.097000e+001
27  2.961000e+001
28  6.482000e+001
29  1.850000e+001
30  4.984000e+000
31  1.532000e+000
32  8.457000e-001
33  5.497000e-001
34  3.964000e-001
35  6.132000e-001
36  1.102000e+000
37  2.623000e+000
38  8.006000e+000
39  2.291000e+001
40  6.657000e+001
41  4.276000e+001
42  1.216000e+001
43  2.810000e+000
44  1.217000e+000
45  6.937000e-001
46  4.685000e-001
47  8.395000e-001
48  5.594000e+000
49  7.154000e+000
50  6.061000e+000
51  1.183000e+001
52  4.666000e+001
53  4.210000e+001
54  5.421000e+000
55  1.605000e+000
56  1.130000e+000
57  7.594000e-001
58  4.852000e-001
59  3.606000e+000
60  3.134000e+000
61  7.214000e+000
62  1.517000e+001
63  2.188000e+001
64  3.975000e+001
65  6.730000e+000
66  2.258000e+000
67  1.025000e+000
68  5.990000e-001
69  4.331000e-001
70  3.221000e-001
71  2.106000e-001
72  1.426000e-001
77  8.397000e+000
78  2.039000e+000
79  8.521000e-001
80  4.113000e-001
81  2.168000e-001
82  1.386000e-001
83  5.304000e-001
84  1.714000e+000
85  1.746000e+000
86  1.789000e+000
87  4.827000e+000
88  2.402000e+001
89  1.095000e+001
90  2.282000e+000
91  8.875000e-001
92  4.229000e-001
93  2.187000e-001
94  1.644000e-001
95  2.314000e+000
96  2.771000e+000
97  2.100000e+000
98  2.624000e+000
99  2.767000e+001
100  3.687000e+001
101  1.961000e+001
102  3.621000e+000
103  1.183000e+000
104  6.535000e-001
105  4.561000e-001
106  3.079000e-001
107  1.479000e+000
108  5.573000e+000
   81 
1  5.734000e+000
2  6.608000e+000
3  3.947000e+001
4  8.812000e+001
5  3.583000e+001
6  6.119000e+000
7  2.283000e+000
9  6.373000e-001
10  1.081000e+000
11  1.693000e+001
12  5.620000e+000
13  1.760000e+001
14  1.134000e+001
15  3.871000e+001
16  7.618000e+001
17  1.759000e+001
18  8.973000e+000
19  9.918000e-001
22  1.372000e+000
23  1.792000e+001
24  1.013000e+001
25  1.030000e+001
26  1.851000e+001
27  3.149000e+001
28  6.361000e+001
29  1.411000e+001
30  3.027000e+000
31  8.053000e-001
32  4.061000e-001
33  3.181000e-001
34  2.754000e-001
35  2.339000e+000
36  2.003000e-001
37  4.098000e+000
38  6.727000e+000
39  2.193000e+001
40  7.241000e+001
41  3.517000e+001
42  7.826000e+000
43  1.585000e+000
44  5.230000e-001
45  3.392000e-001
46  4.902000e-001
47  1.684000e+000
48  7.778000e+000
49  6.768000e+000
50  6.025000e+000
51  8.023000e+000
52  5.586000e+001
53  2.979000e+001
54  3.804000e+000
55  1.380000e+000
56  6.688000e-001
57  2.772000e-001
58  3.295000e-001
59  4.789000e+000
60  2.474000e+000
61  1.285000e+001
62  1.258000e+001
63  1.886000e+001
64  3.504000e+001
65  6.002000e+000
66  1.134000e+000
67  5.277000e-001
68  3.145000e-001
69  2.018000e-001
70  1.133000e-001
71  1.427000e-001
72  3.283000e-001
77  6.477000e+000
78  8.558000e-001
79  2.297000e-001
80  1.156000e-001
81  7.912000e-002
82  5.069000e-001
83  1.914000e+000
84  1.175000e+000
85  1.776000e+000
86  2.156000e+000
87  6.252000e+000
88  2.229000e+001
89  8.050000e+000
90  9.833000e-001
91  2.402000e-001
92  1.127000e-001
93  7.605000e-002
94  2.058000e+000
95  2.351000e+000
96  2.842000e+000
97  1.091000e+000
98  5.246000e+000
99  2.651000e+001
100  3.380000e+001
101  1.593000e+001
102  2.244000e+000
103  5.841000e-001
104  3.580000e-001
105  1.680000e-001
106  3.425000e-001
107  3.385000e+000
108  6.969000e+000
   82 
1  1.751000e+001
2  1.722000e+001
3  1.830000e+001
4  1.978000e+001
5  2.349000e+001
6  2.249000e+001
7  2.205000e+001
9  1.985000e+001
10  1.849000e+001
11  1.739000e+001
12  1.629000e+001
13  1.543000e+001
14  1.511000e+001
15  1.446000e+001
16  1.728000e+001
17  1.765000e+001
18  1.897000e+001
19  1.910000e+001
22  1.662000e+001
23  1.572000e+001
24  1.487000e+001
25  1.411000e+001
26  1.422000e+001
27  1.337000e+001
28  1.521000e+001
29  1.566000e+001
30  1.640000e+001
31  1.643000e+001
32  1.607000e+001
33  1.540000e+001
34  1.462000e+001
35  1.382000e+001
36  1.294000e+001
37  1.201000e+001
38  1.124000e+001
39  1.059000e+001
40  1.060000e+001
41  1.186000e+001
42  1.259000e+001
43  1.332000e+001
44  1.362000e+001
45  1.362000e+001
46  1.338000e+001
47  1.296000e+001
48  1.242000e+001
49  1.177000e+001
50  1.156000e+001
51  1.063000e+001
52  1.047000e+001
53  1.073000e+001
54  1.114000e+001
55  1.145000e+001
56  1.166000e+001
57  1.170000e+001
58  1.155000e+001
59  1.124000e+001
60  1.078000e+001
61  1.041000e+001
62  1.078000e+001
63  1.034000e+001
64  9.801000e+000
65  9.825000e+000
66  9.893000e+000
67  9.912000e+000
68  9.820000e+000
69  9.604000e+000
70  9.269000e+000
71  8.843000e+000
72  8.351000e+000
77  6.155000e+000
78  5.823000e+000
79  5.572000e+000
80  5.381000e+000
81  5.234000e+000
82  5.102000e+000
83  4.967000e+000
84  4.810000e+000
85  4.627000e+000
86  4.428000e+000
87  4.216000e+000
88  3.998000e+000
89  3.819000e+000
90  3.709000e+000
91  3.676000e+000
92  3.699000e+000
93  3.763000e+000
94  3.838000e+000
95  3.901000e+000
96  3.935000e+000
97  3.928000e+000
98  4.036000e+000
99  3.852000e+000
100  3.994000e+000
101  4.363000e+000
102  4.969000e+000
103  5.627000e+000
104  6.200000e+000
105  6.619000e+000
106  6.865000e+000
107  6.942000e+000
108  6.885000e+000
   83 
1  5.198000e+000
2  7.360000e+000
3  4.245000e+001
4  8.949000e+001
5  3.394000e+001
6  3.346000e+000
7  1.988000e+000
9  5.878000e-001
10  5.410000e-001
11  1.362000e+001
12  6.927000e+000
13  1.868000e+001
14  1.228000e+001
15  4.180000e+001
16  7.515000e+001
17  1.512000e+001
18  6.286000e+000
19  1.293000e+000
22  5.874000e-001
23  1.354000e+001
24  1.277000e+001
25  1.072000e+001
26  2.105000e+001
27  3.560000e+001
28  6.135000e+001
29  1.014000e+001
30  3.198000e+000
31  8.838000e-001
32  5.414000e-001
33  4.118000e-001
34  3.341000e-001
35  1.003000e+000
36  5.692000e-001
37  2.666000e+000
38  5.591000e+000
39  2.533000e+001
40  7.807000e+001
41  2.906000e+001
42  5.956000e+000
43  1.684000e+000
44  6.984000e-001
45  4.600000e-001
46  3.806000e-001
47  1.076000e+000
48  5.619000e+000
49  5.777000e+000
50  3.705000e+000
51  1.055000e+001
52  5.992000e+001
53  2.901000e+001
54  2.087000e+000
55  9.717000e-001
56  7.657000e-001
57  4.324000e-001
58  2.930000e-001
59  3.483000e+000
60  2.535000e+000
61  6.354000e+000
62  1.310000e+001
63  2.506000e+001
64  3.719000e+001
65  2.911000e+000
66  1.538000e+000
67  4.637000e-001
68  4.155000e-001
69  2.972000e-001
70  1.700000e-001
71  1.285000e-001
72  2.083000e-001
77  6.086000e+000
78  9.060000e-001
79  2.617000e-001
80  1.642000e-001
81  1.168000e-001
82  1.032000e-001
83  8.870000e-001
84  1.705000e+000
85  1.734000e+000
86  1.460000e+000
87  4.960000e+000
88  2.453000e+001
89  7.003000e+000
90  1.040000e+000
91  2.703000e-001
92  1.633000e-001
93  1.159000e-001
94  3.525000e-001
95  2.541000e+000
96  2.586000e+000
97  1.816000e+000
98  2.664000e+000
99  3.010000e+001
100  3.373000e+001
101  1.443000e+001
102  1.757000e+000
103  5.397000e-001
104  4.286000e-001
105  2.616000e-001
106  2.551000e-001
107  1.844000e+000
108  5.331000e+000
   84 
1  5.447000e+000
2  6.957000e+000
3  3.994000e+001
4  9.050000e+001
5  3.568000e+001
6  3.694000e+000
7  2.897000e+000
9  4.933000e-001
10  6.014000e-001
11  1.641000e+001
12  6.910000e+000
13  1.864000e+001
14  1.189000e+001
15  3.995000e+001
16  7.697000e+001
17  1.659000e+001
18  8.369000e+000
19  1.042000e+000
22  8.388000e-001
23  1.644000e+001
24  1.201000e+001
25  1.070000e+001
26  2.075000e+001
27  3.394000e+001
28  6.435000e+001
29  1.077000e+001
30  2.938000e+000
31  7.284000e-001
32  4.230000e-001
33  3.230000e-001
34  2.699000e-001
35  1.869000e+000
36  5.267000e-001
37  3.443000e+000
38  7.350000e+000
39  2.362000e+001
40  7.779000e+001
41  3.150000e+001
42  6.829000e+000
43  1.485000e+000
44  5.730000e-001
45  3.587000e-001
46  3.314000e-001
47  1.539000e+000
48  7.057000e+000
49  6.915000e+000
50  5.360000e+000
51  9.669000e+000
52  5.755000e+001
53  3.132000e+001
54  2.048000e+000
55  1.076000e+000
56  7.475000e-001
57  3.679000e-001
58  2.374000e-001
59  4.766000e+000
60  2.544000e+000
61  1.052000e+001
62  1.432000e+001
63  2.098000e+001
64  3.785000e+001
65  3.467000e+000
66  1.240000e+000
67  3.970000e-001
68  3.979000e-001
69  2.792000e-001
70  1.363000e-001
71  1.082000e-001
72  2.017000e-001
77  6.524000e+000
78  8.385000e-001
79  2.197000e-001
80  1.271000e-001
81  8.950000e-002
82  1.122000e-001
83  1.595000e+000
84  1.459000e+000
85  1.752000e+000
86  2.129000e+000
87  5.769000e+000
88  2.458000e+001
89  7.547000e+000
90  9.291000e-001
91  2.284000e-001
92  1.240000e-001
93  8.677000e-002
94  1.153000e+000
95  2.579000e+000
96  2.919000e+000
97  1.592000e+000
98  4.167000e+000
99  3.003000e+001
100  3.423000e+001
101  1.509000e+001
102  1.625000e+000
103  4.445000e-001
104  3.983000e-001
105  2.073000e-001
106  2.329000e-001
107  2.660000e+000
108  6.439000e+000
   85 
1  9.033000e+000
2  1.060000e+001
3  2.802000e+001
4  5.034000e+001
5  4.479000e+001
6  2.434000e+001
7  1.663000e+001
9  5.799000e+000
10  3.475000e+000
11  1.401000e+001
12  7.111000e+000
13  1.423000e+001
14  1.060000e+001
15  2.085000e+001
16  4.597000e+001
17  3.568000e+001
18  2.639000e+001
19  1.428000e+001
22  3.690000e+000
23  1.251000e+001
24  1.012000e+001
25  1.228000e+001
26  1.402000e+001
27  1.670000e+001
28  4.427000e+001
29  2.720000e+001
30  1.847000e+001
31  1.178000e+001
32  7.131000e+000
33  4.230000e+000
34  2.510000e+000
35  2.768000e+000
36  1.250000e+000
37  2.590000e+000
38  7.037000e+000
39  1.004000e+001
40  3.660000e+001
41  3.859000e+001
42  2.619000e+001
43  1.599000e+001
44  9.779000e+000
45  5.850000e+000
46  3.562000e+000
47  3.211000e+000
48  5.106000e+000
49  6.170000e+000
50  6.469000e+000
51  7.815000e+000
52  2.247000e+001
53  3.146000e+001
54  1.922000e+001
55  1.308000e+001
56  7.959000e+000
57  4.566000e+000
58  2.716000e+000
59  5.070000e+000
60  2.646000e+000
61  8.692000e+000
62  1.527000e+001
63  1.211000e+001
64  2.138000e+001
65  1.427000e+001
66  1.010000e+001
67  6.520000e+000
68  3.854000e+000
69  2.260000e+000
70  1.358000e+000
71  8.509000e-001
72  6.343000e-001
77  9.227000e+000
78  6.027000e+000
79  3.963000e+000
80  2.401000e+000
81  1.469000e+000
82  9.383000e-001
83  1.735000e+000
84  1.578000e+000
85  1.433000e+000
86  2.256000e+000
87  2.940000e+000
88  1.380000e+001
89  9.905000e+000
90  6.283000e+000
91  4.218000e+000
92  2.535000e+000
93  1.567000e+000
94  1.611000e+000
95  2.351000e+000
96  2.200000e+000
97  1.685000e+000
98  3.654000e+000
99  1.359000e+001
100  2.348000e+001
101  1.952000e+001
102  1.308000e+001
103  8.718000e+000
104  5.271000e+000
105  3.001000e+000
106  1.963000e+000
107  2.791000e+000
108  4.298000e+000
   86 
1  1.007000e+001
2  1.017000e+001
3  1.816000e+001
4  3.274000e+001
5  3.810000e+001
6  3.491000e+001
7  3.007000e+001
9  9.263000e+000
10  5.657000e+000
11  5.181000e+000
12  6.779000e+000
13  9.121000e+000
14  1.106000e+001
15  1.467000e+001
16  2.556000e+001
17  3.401000e+001
18  3.514000e+001
19  2.442000e+001
22  4.971000e+000
23  4.506000e+000
24  7.236000e+000
25  8.577000e+000
26  1.160000e+001
27  1.419000e+001
28  2.696000e+001
29  3.156000e+001
30  2.777000e+001
31  1.592000e+001
32  9.992000e+000
33  6.401000e+000
34  4.240000e+000
35  2.812000e+000
36  2.113000e+000
37  1.809000e+000
38  1.753000e+000
39  4.031000e+000
40  1.885000e+001
41  2.908000e+001
42  3.398000e+001
43  2.479000e+001
44  1.394000e+001
45  8.646000e+000
46  5.559000e+000
47  3.661000e+000
48  2.557000e+000
49  2.848000e+000
50  4.154000e+000
51  5.316000e+000
52  1.196000e+001
53  2.524000e+001
54  2.564000e+001
55  1.632000e+001
56  1.071000e+001
57  7.033000e+000
58  4.659000e+000
59  3.084000e+000
60  2.427000e+000
61  2.921000e+000
62  6.167000e+000
63  8.860000e+000
64  1.749000e+001
65  1.790000e+001
66  1.321000e+001
67  9.308000e+000
68  6.297000e+000
69  4.272000e+000
70  2.803000e+000
71  2.051000e+000
72  1.642000e+000
77  9.487000e+000
78  7.581000e+000
79  5.448000e+000
80  3.854000e+000
81  2.771000e+000
82  2.024000e+000
83  1.701000e+000
84  1.373000e+000
85  1.136000e+000
86  1.060000e+000
87  1.130000e+000
88  3.280000e+000
89  8.824000e+000
90  8.909000e+000
91  6.086000e+000
92  4.220000e+000
93  2.995000e+000
94  2.138000e+000
95  1.782000e+000
96  1.531000e+000
97  1.454000e+000
98  1.621000e+000
99  3.501000e+000
100  1.380000e+001
101  1.996000e+001
102  1.648000e+001
103  1.150000e+001
104  7.813000e+000
105  5.149000e+000
106  3.391000e+000
107  2.306000e+000
108  1.866000e+000
   87 
1  7.119000e+000
2  7.852000e+000
3  4.162000e+001
4  9.125000e+001
5  3.522000e+001
6  4.818000e+000
7  3.442000e+000
9  6.469000e-001
10  5.582000e-001
11  1.559000e+001
12  9.203000e+000
13  2.000000e+001
14  1.212000e+001
15  4.331000e+001
16  7.555000e+001
17  1.715000e+001
18  9.840000e+000
19  1.991000e+000
22  4.449000e-001
23  1.568000e+001
24  1.411000e+001
25  1.123000e+001
26  2.157000e+001
27  3.546000e+001
28  6.391000e+001
29  1.352000e+001
30  4.060000e+000
31  1.317000e+000
32  6.942000e-001
33  4.406000e-001
34  3.365000e-001
35  9.164000e-001
36  1.056000e+000
37  2.985000e+000
38  8.168000e+000
39  2.517000e+001
40  7.838000e+001
41  3.261000e+001
42  8.773000e+000
43  2.327000e+000
44  1.034000e+000
45  5.626000e-001
46  3.848000e-001
47  1.092000e+000
48  6.222000e+000
49  7.156000e+000
50  6.002000e+000
51  1.202000e+001
52  6.122000e+001
53  2.915000e+001
54  3.783000e+000
55  1.411000e+000
56  1.010000e+000
57  6.831000e-001
58  3.682000e-001
59  4.272000e+000
60  2.832000e+000
61  8.924000e+000
62  1.481000e+001
63  2.529000e+001
64  3.726000e+001
65  4.681000e+000
66  1.985000e+000
67  8.375000e-001
68  4.783000e-001
69  3.807000e-001
70  2.586000e-001
71  1.537000e-001
72  1.254000e-001
77  7.945000e+000
78  1.715000e+000
79  6.521000e-001
80  2.619000e-001
81  1.505000e-001
82  1.058000e-001
83  8.164000e-001
84  1.777000e+000
85  1.692000e+000
86  1.912000e+000
87  5.245000e+000
88  2.500000e+001
89  1.004000e+001
90  1.880000e+000
91  6.692000e-001
92  2.640000e-001
93  1.509000e-001
94  2.731000e-001
95  2.719000e+000
96  2.752000e+000
97  2.035000e+000
98  3.124000e+000
99  3.149000e+001
100  3.612000e+001
101  1.711000e+001
102  2.760000e+000
103  9.779000e-001
104  5.083000e-001
105  3.865000e-001
106  2.388000e-001
107  2.055000e+000
108  6.120000e+000
   88 
1  9.135000e+000
2  7.764000e+000
3  3.776000e+001
4  8.031000e+001
5  4.888000e+001
6  5.416000e+000
7  3.144000e+000
9  5.971000e-001
10  5.793000e-001
11  1.289000e+001
12  1.177000e+001
13  1.987000e+001
14  1.221000e+001
15  3.471000e+001
16  6.992000e+001
17  3.149000e+001
18  9.786000e+000
19  2.141000e+000
22  4.761000e-001
23  1.252000e+001
24  1.705000e+001
25  1.095000e+001
26  2.175000e+001
27  2.837000e+001
28  6.554000e+001
29  1.851000e+001
30  4.972000e+000
31  1.327000e+000
32  6.325000e-001
33  4.349000e-001
34  3.448000e-001
35  7.341000e-001
36  9.862000e-001
37  2.521000e+000
38  8.163000e+000
39  2.304000e+001
40  6.748000e+001
41  4.227000e+001
42  1.247000e+001
43  2.399000e+000
44  9.530000e-001
45  5.195000e-001
46  3.867000e-001
47  1.088000e+000
48  5.222000e+000
49  7.255000e+000
50  4.598000e+000
51  1.308000e+001
52  4.538000e+001
53  4.538000e+001
54  4.159000e+000
55  1.304000e+000
56  9.790000e-001
57  5.914000e-001
58  3.145000e-001
59  3.875000e+000
60  3.000000e+000
61  5.300000e+000
62  1.556000e+001
63  2.229000e+001
64  4.283000e+001
65  5.429000e+000
66  2.251000e+000
67  7.547000e-001
68  4.475000e-001
69  3.394000e-001
70  2.211000e-001
71  1.367000e-001
72  1.506000e-001
77  9.005000e+000
78  1.760000e+000
79  4.901000e-001
80  2.116000e-001
81  1.413000e-001
82  1.054000e-001
83  6.687000e-001
84  2.067000e+000
85  1.726000e+000
86  1.546000e+000
87  3.841000e+000
88  2.478000e+001
89  1.195000e+001
90  1.920000e+000
91  5.034000e-001
92  2.127000e-001
93  1.416000e-001
94  1.814000e-001
95  2.610000e+000
96  2.530000e+000
97  2.290000e+000
98  1.878000e+000
99  2.832000e+001
100  3.763000e+001
101  1.996000e+001
102  2.970000e+000
103  8.763000e-001
104  4.671000e-001
105  3.384000e-001
106  2.345000e-001
107  1.326000e+000
108  5.352000e+000
   89 
1  1.290000e+001
2  8.505000e+000
3  3.135000e+001
4  7.013000e+001
5  5.500000e+001
6  1.537000e+001
7  5.196000e+000
9  1.476000e+000
10  8.972000e-001
11  7.448000e+000
12  1.215000e+001
13  1.813000e+001
14  1.319000e+001
15  3.067000e+001
16  5.931000e+001
17  4.301000e+001
18  1.341000e+001
19  4.868000e+000
22  7.361000e-001
23  7.126000e+000
24  1.607000e+001
25  1.155000e+001
26  1.862000e+001
27  2.706000e+001
28  5.968000e+001
29  2.639000e+001
30  8.971000e+000
31  3.124000e+000
32  1.705000e+000
33  1.011000e+000
34  5.941000e-001
35  4.586000e-001
36  6.558000e-001
37  1.039000e+000
38  6.683000e+000
39  1.838000e+001
40  5.407000e+001
41  5.118000e+001
42  1.929000e+001
43  5.509000e+000
44  2.370000e+000
45  1.316000e+000
46  7.729000e-001
47  4.934000e-001
48  2.133000e+000
49  7.162000e+000
50  5.957000e+000
51  1.069000e+001
52  3.789000e+001
53  4.643000e+001
54  1.179000e+001
55  3.263000e+000
56  1.791000e+000
57  1.185000e+000
58  7.738000e-001
59  8.992000e-001
60  3.293000e+000
61  5.161000e+000
62  1.344000e+001
63  1.970000e+001
64  3.907000e+001
65  1.213000e+001
66  4.073000e+000
67  2.064000e+000
68  1.157000e+000
69  6.729000e-001
70  4.389000e-001
71  2.949000e-001
72  2.016000e-001
77  1.139000e+001
78  4.162000e+000
79  1.954000e+000
80  1.038000e+000
81  5.013000e-001
82  2.524000e-001
83  1.662000e-001
84  6.232000e-001
85  1.554000e+000
86  1.753000e+000
87  2.373000e+000
88  1.930000e+001
89  1.483000e+001
90  4.902000e+000
91  2.076000e+000
92  1.083000e+000
93  5.202000e-001
94  2.595000e-001
95  4.839000e-001
96  2.149000e+000
97  2.567000e+000
98  2.080000e+000
99  2.109000e+001
100  3.641000e+001
101  2.279000e+001
102  7.306000e+000
103  2.585000e+000
104  1.392000e+000
105  7.963000e-001
106  4.765000e-001
107  3.145000e-001
108  2.737000e+000
   90 
1  7.116000e+000
2  7.713000e+000
3  3.878000e+001
4  8.962000e+001
5  3.984000e+001
6  4.601000e+000
7  3.731000e+000
9  5.105000e-001
10  5.402000e-001
11  1.557000e+001
12  9.411000e+000
13  1.970000e+001
14  1.194000e+001
15  3.863000e+001
16  7.677000e+001
17  2.118000e+001
18  1.002000e+001
19  1.678000e+000
22  5.499000e-001
23  1.566000e+001
24  1.413000e+001
25  1.137000e+001
26  2.122000e+001
27  3.307000e+001
28  6.633000e+001
29  1.375000e+001
30  4.159000e+000
31  1.107000e+000
32  5.383000e-001
33  3.693000e-001
34  2.945000e-001
35  1.369000e+000
36  9.059000e-001
37  3.177000e+000
38  8.338000e+000
39  2.316000e+001
40  7.690000e+001
41  3.513000e+001
42  9.578000e+000
43  2.178000e+000
44  8.195000e-001
45  4.412000e-001
46  3.486000e-001
47  1.264000e+000
48  6.366000e+000
49  7.560000e+000
50  5.522000e+000
51  1.146000e+001
52  5.424000e+001
53  3.666000e+001
54  3.535000e+000
55  1.298000e+000
56  9.522000e-001
57  5.357000e-001
58  2.736000e-001
59  4.637000e+000
60  2.750000e+000
61  9.316000e+000
62  1.531000e+001
63  2.234000e+001
64  3.955000e+001
65  4.531000e+000
66  1.878000e+000
67  6.183000e-001
68  4.473000e-001
69  3.320000e-001
70  1.910000e-001
71  1.216000e-001
72  1.478000e-001
77  8.453000e+000
78  1.458000e+000
79  4.050000e-001
80  1.737000e-001
81  1.165000e-001
82  8.957000e-002
83  1.136000e+000
84  1.746000e+000
85  1.698000e+000
86  1.995000e+000
87  4.936000e+000
88  2.542000e+001
89  1.006000e+001
90  1.614000e+000
91  4.196000e-001
92  1.737000e-001
93  1.158000e-001
94  4.754000e-001
95  2.754000e+000
96  2.780000e+000
97  2.090000e+000
98  3.204000e+000
99  3.047000e+001
100  3.660000e+001
101  1.772000e+001
102  2.573000e+000
103  7.269000e-001
104  4.429000e-001
105  3.052000e-001
106  2.104000e-001
107  2.026000e+000
108  6.239000e+000
   91 
1  9.159000e+000
2  7.536000e+000
3  3.305000e+001
4  8.289000e+001
5  4.104000e+001
6  9.625000e+000
7  5.230000e+000
9  1.437000e+000
10  9.553000e-001
11  1.059000e+001
12  8.462000e+000
13  1.592000e+001
14  1.164000e+001
15  3.648000e+001
16  6.751000e+001
17  2.547000e+001
18  1.210000e+001
19  4.292000e+000
22  8.463000e-001
23  1.124000e+001
24  1.170000e+001
25  1.001000e+001
26  1.744000e+001
27  3.198000e+001
28  5.879000e+001
29  1.761000e+001
30  6.895000e+000
31  2.826000e+000
32  1.529000e+000
33  1.018000e+000
34  7.078000e-001
35  8.113000e-001
36  1.026000e+000
37  1.831000e+000
38  6.199000e+000
39  1.941000e+001
40  6.555000e+001
41  3.650000e+001
42  1.251000e+001
43  5.031000e+000
44  2.250000e+000
45  1.376000e+000
46  8.832000e-001
47  6.753000e-001
48  3.770000e+000
49  6.769000e+000
50  6.448000e+000
51  8.411000e+000
52  4.560000e+001
53  3.525000e+001
54  8.249000e+000
55  3.325000e+000
56  1.734000e+000
57  1.256000e+000
58  8.587000e-001
59  1.752000e+000
60  2.651000e+000
61  7.755000e+000
62  1.252000e+001
63  2.045000e+001
64  3.279000e+001
65  8.821000e+000
66  3.978000e+000
67  1.828000e+000
68  1.184000e+000
69  7.953000e-001
70  5.724000e-001
71  4.067000e-001
72  3.087000e-001
77  8.590000e+000
78  3.504000e+000
79  1.699000e+000
80  1.087000e+000
81  7.089000e-001
82  4.315000e-001
83  3.018000e-001
84  6.795000e-001
85  1.299000e+000
86  1.550000e+000
87  3.801000e+000
88  2.010000e+001
89  1.057000e+001
90  3.877000e+000
91  1.777000e+000
92  1.118000e+000
93  7.188000e-001
94  4.589000e-001
95  1.023000e+000
96  2.455000e+000
97  2.453000e+000
98  2.562000e+000
99  2.299000e+001
100  3.198000e+001
101  1.789000e+001
102  5.832000e+000
103  2.396000e+000
104  1.359000e+000
105  8.898000e-001
106  6.305000e-001
107  5.215000e-001
108  4.344000e+000
   92 
1  9.959000e+000
2  9.722000e+000
3  1.999000e+001
4  4.291000e+001
5  4.347000e+001
6  3.067000e+001
7  1.948000e+001
9  9.567000e+000
10  6.757000e+000
11  6.457000e+000
12  7.289000e+000
13  1.026000e+001
14  1.139000e+001
15  2.234000e+001
16  3.571000e+001
17  3.694000e+001
18  2.547000e+001
19  1.736000e+001
22  6.143000e+000
23  6.502000e+000
24  7.638000e+000
25  8.400000e+000
26  1.245000e+001
27  1.862000e+001
28  3.772000e+001
29  2.812000e+001
30  1.886000e+001
31  1.396000e+001
32  1.003000e+001
33  7.156000e+000
34  5.171000e+000
35  3.880000e+000
36  2.987000e+000
37  2.605000e+000
38  3.341000e+000
39  7.679000e+000
40  3.138000e+001
41  3.296000e+001
42  2.306000e+001
43  1.703000e+001
44  1.239000e+001
45  8.930000e+000
46  6.501000e+000
47  4.724000e+000
48  3.550000e+000
49  3.682000e+000
50  4.751000e+000
51  6.365000e+000
52  2.173000e+001
53  2.658000e+001
54  1.749000e+001
55  1.376000e+001
56  1.026000e+001
57  7.493000e+000
58  5.515000e+000
59  4.260000e+000
60  3.331000e+000
61  4.170000e+000
62  5.998000e+000
63  1.034000e+001
64  2.017000e+001
65  1.484000e+001
66  1.189000e+001
67  9.193000e+000
68  6.845000e+000
69  5.123000e+000
70  3.738000e+000
71  2.845000e+000
72  2.360000e+000
77  8.387000e+000
78  7.476000e+000
79  6.212000e+000
80  4.877000e+000
81  3.834000e+000
82  2.956000e+000
83  2.417000e+000
84  2.187000e+000
85  1.966000e+000
86  1.735000e+000
87  1.627000e+000
88  3.588000e+000
89  7.845000e+000
90  7.350000e+000
91  6.261000e+000
92  5.010000e+000
93  3.992000e+000
94  3.109000e+000
95  2.622000e+000
96  2.370000e+000
97  2.272000e+000
98  2.306000e+000
99  5.133000e+000
100  1.654000e+001
101  1.832000e+001
102  1.378000e+001
103  1.062000e+001
104  7.909000e+000
105  5.850000e+000
106  4.300000e+000
107  3.195000e+000
108  2.764000e+000
   93 
1  1.170000e+001
2  1.190000e+001
3  2.842000e+001
4  4.850000e+001
5  3.703000e+001
6  1.862000e+001
7  1.568000e+001
9  9.486000e+000
10  7.630000e+000
11  1.739000e+001
12  1.061000e+001
13  1.546000e+001
14  1.107000e+001
15  1.983000e+001
16  4.183000e+001
17  2.791000e+001
18  2.155000e+001
19  1.399000e+001
22  7.808000e+000
23  1.584000e+001
24  1.318000e+001
25  1.317000e+001
26  1.477000e+001
27  1.600000e+001
28  4.028000e+001
29  2.078000e+001
30  1.533000e+001
31  1.197000e+001
32  9.576000e+000
33  7.686000e+000
34  6.190000e+000
35  6.159000e+000
36  4.211000e+000
37  5.064000e+000
38  8.638000e+000
39  1.027000e+001
40  3.463000e+001
41  2.986000e+001
42  1.931000e+001
43  1.369000e+001
44  1.077000e+001
45  8.616000e+000
46  7.018000e+000
47  6.658000e+000
48  7.873000e+000
49  8.575000e+000
50  7.783000e+000
51  9.418000e+000
52  2.188000e+001
53  2.564000e+001
54  1.381000e+001
55  1.139000e+001
56  8.996000e+000
57  6.982000e+000
58  5.693000e+000
59  7.632000e+000
60  5.275000e+000
61  9.312000e+000
62  1.663000e+001
63  1.310000e+001
64  2.098000e+001
65  1.067000e+001
66  8.230000e+000
67  6.465000e+000
68  5.233000e+000
69  4.144000e+000
70  3.244000e+000
71  2.663000e+000
72  2.249000e+000
77  7.693000e+000
78  4.778000e+000
79  3.746000e+000
80  2.972000e+000
81  2.392000e+000
82  2.023000e+000
83  2.641000e+000
84  2.524000e+000
85  2.103000e+000
86  2.462000e+000
87  2.913000e+000
88  1.312000e+001
89  8.383000e+000
90  4.681000e+000
91  3.641000e+000
92  2.872000e+000
93  2.344000e+000
94  2.383000e+000
95  3.310000e+000
96  2.890000e+000
97  2.296000e+000
98  3.076000e+000
99  1.283000e+001
100  2.021000e+001
101  1.535000e+001
102  9.732000e+000
103  7.609000e+000
104  6.101000e+000
105  4.842000e+000
106  3.991000e+000
107  4.555000e+000
108  6.004000e+000
   94 
1  8.797000e+000
2  9.311000e+000
3  1.903000e+001
4  4.471000e+001
5  4.092000e+001
6  2.477000e+001
7  1.974000e+001
9  1.167000e+001
10  8.897000e+000
11  7.418000e+000
12  6.766000e+000
13  8.912000e+000
14  1.028000e+001
15  2.011000e+001
16  3.874000e+001
17  2.915000e+001
18  2.317000e+001
19  1.817000e+001
22  8.125000e+000
23  6.768000e+000
24  7.130000e+000
25  7.291000e+000
26  1.013000e+001
27  1.791000e+001
28  3.590000e+001
29  2.321000e+001
30  1.950000e+001
31  1.544000e+001
32  1.206000e+001
33  9.304000e+000
34  7.238000e+000
35  5.548000e+000
36  4.255000e+000
37  3.462000e+000
38  3.163000e+000
39  5.233000e+000
40  2.905000e+001
41  2.635000e+001
42  2.041000e+001
43  1.700000e+001
44  1.361000e+001
45  1.073000e+001
46  8.427000e+000
47  6.571000e+000
48  5.016000e+000
49  3.991000e+000
50  3.855000e+000
51  4.748000e+000
52  2.054000e+001
53  1.956000e+001
54  1.686000e+001
55  1.408000e+001
56  1.153000e+001
57  9.177000e+000
58  7.286000e+000
59  5.710000e+000
60  4.475000e+000
61  3.949000e+000
62  4.854000e+000
63  7.640000e+000
64  1.675000e+001
65  1.332000e+001
66  1.192000e+001
67  1.020000e+001
68  8.326000e+000
69  6.742000e+000
70  5.284000e+000
71  4.105000e+000
72  3.356000e+000
77  4.991000e+000
78  5.717000e+000
79  5.654000e+000
80  5.098000e+000
81  4.483000e+000
82  3.758000e+000
83  3.188000e+000
84  2.832000e+000
85  2.643000e+000
86  2.382000e+000
87  2.113000e+000
88  2.327000e+000
89  4.118000e+000
90  5.098000e+000
91  5.397000e+000
92  5.053000e+000
93  4.553000e+000
94  3.870000e+000
95  3.287000e+000
96  2.900000e+000
97  2.727000e+000
98  2.633000e+000
99  3.418000e+000
100  1.129000e+001
101  1.401000e+001
102  1.286000e+001
103  1.121000e+001
104  9.243000e+000
105  7.430000e+000
106  5.920000e+000
107  4.587000e+000
108  3.679000e+000
   95 
1  3.991000e+000
2  6.867000e+000
3  4.421000e+001
4  9.191000e+001
5  3.255000e+001
6  4.085000e+000
7  3.226000e+000
9  6.136000e-001
10  1.198000e+000
11  2.022000e+001
12  7.258000e+000
13  1.941000e+001
14  1.180000e+001
15  4.517000e+001
16  7.925000e+001
17  1.089000e+001
18  1.050000e+001
19  6.885000e-001
22  1.767000e+000
23  2.104000e+001
24  1.090000e+001
25  1.081000e+001
26  2.243000e+001
27  3.768000e+001
28  6.284000e+001
29  1.171000e+001
30  1.828000e+000
31  5.177000e-001
32  3.506000e-001
33  2.859000e-001
34  2.485000e-001
35  3.193000e+000
36  3.589000e-001
37  4.938000e+000
38  8.616000e+000
39  2.727000e+001
40  7.856000e+001
41  3.262000e+001
42  4.947000e+000
43  1.585000e+000
44  4.483000e-001
45  3.009000e-001
46  5.286000e-001
47  2.549000e+000
48  8.990000e+000
49  7.719000e+000
50  6.403000e+000
51  1.107000e+001
52  6.496000e+001
53  2.427000e+001
54  1.830000e+000
55  1.343000e+000
56  8.344000e-001
57  2.796000e-001
58  2.492000e-001
59  6.852000e+000
60  2.643000e+000
61  1.221000e+001
62  1.487000e+001
63  2.460000e+001
64  3.563000e+001
65  2.960000e+000
66  8.749000e-001
67  4.349000e-001
68  4.265000e-001
69  3.119000e-001
70  1.081000e-001
71  1.798000e-001
72  4.206000e-001
77  5.979000e+000
78  5.563000e-001
79  1.524000e-001
80  1.032000e-001
81  7.410000e-002
82  3.682000e-001
83  2.549000e+000
84  1.451000e+000
85  1.726000e+000
86  2.338000e+000
87  7.939000e+000
88  2.456000e+001
89  8.303000e+000
90  5.281000e-001
91  1.520000e-001
92  1.002000e-001
93  7.198000e-002
94  2.495000e+000
95  2.849000e+000
96  3.460000e+000
97  1.053000e+000
98  5.556000e+000
99  3.276000e+001
100  3.595000e+001
101  1.498000e+001
102  9.429000e-001
103  3.409000e-001
104  4.722000e-001
105  1.593000e-001
106  3.364000e-001
107  4.296000e+000
108  7.750000e+000
   96 
1  1.019000e+001
2  9.047000e+000
3  3.198000e+001
4  7.514000e+001
5  5.105000e+001
6  1.238000e+001
7  5.538000e+000
9  8.846000e-001
10  7.080000e-001
11  1.367000e+001
12  8.706000e+000
13  1.841000e+001
14  1.221000e+001
15  2.953000e+001
16  6.698000e+001
17  3.532000e+001
18  1.470000e+001
19  3.957000e+000
22  7.114000e-001
23  1.302000e+001
24  1.352000e+001
25  1.274000e+001
26  1.676000e+001
27  2.515000e+001
28  6.269000e+001
29  2.390000e+001
30  8.662000e+000
31  2.864000e+000
32  1.211000e+000
33  6.625000e-001
34  4.382000e-001
35  1.226000e+000
36  8.145000e-001
37  2.493000e+000
38  7.750000e+000
39  1.682000e+001
40  6.010000e+001
41  4.662000e+001
42  1.727000e+001
43  5.464000e+000
44  1.823000e+000
45  8.617000e-001
46  5.297000e-001
47  1.206000e+000
48  5.372000e+000
49  6.998000e+000
50  6.468000e+000
51  9.310000e+000
52  3.873000e+001
53  4.427000e+001
54  1.062000e+001
55  3.876000e+000
56  1.562000e+000
57  7.483000e-001
58  4.132000e-001
59  3.749000e+000
60  2.828000e+000
61  9.371000e+000
62  1.424000e+001
63  1.611000e+001
64  3.652000e+001
65  1.200000e+001
66  4.204000e+000
67  1.495000e+000
68  7.993000e-001
69  4.500000e-001
70  2.587000e-001
71  1.597000e-001
72  1.756000e-001
77  1.052000e+001
78  3.346000e+000
79  1.227000e+000
80  5.233000e-001
81  2.472000e-001
82  1.472000e-001
83  1.096000e+000
84  1.581000e+000
85  1.637000e+000
86  2.179000e+000
87  3.593000e+000
88  2.079000e+001
89  1.236000e+001
90  3.880000e+000
91  1.359000e+000
92  5.643000e-001
93  2.582000e-001
94  5.014000e-001
95  2.433000e+000
96  2.440000e+000
97  1.934000e+000
98  3.451000e+000
99  2.176000e+001
100  3.496000e+001
101  2.172000e+001
102  7.134000e+000
103  2.272000e+000
104  1.043000e+000
105  5.001000e-001
106  3.055000e-001
107  1.749000e+000
108  5.563000e+000
   97 
1  5.786000e+000
2  7.217000e+000
3  4.033000e+001
4  8.597000e+001
5  4.219000e+001
6  3.708000e+000
7  4.042000e+000
9  4.610000e-001
10  5.700000e-001
11  1.708000e+001
12  9.410000e+000
13  1.945000e+001
14  1.210000e+001
15  3.785000e+001
16  7.636000e+001
17  2.153000e+001
18  1.021000e+001
19  1.206000e+000
22  8.724000e-001
23  1.691000e+001
24  1.383000e+001
25  1.110000e+001
26  2.238000e+001
27  3.137000e+001
28  6.749000e+001
29  1.351000e+001
30  3.283000e+000
31  7.721000e-001
32  4.309000e-001
33  3.173000e-001
34  2.604000e-001
35  2.118000e+000
36  7.821000e-001
37  3.783000e+000
38  8.638000e+000
39  2.402000e+001
40  7.401000e+001
41  3.720000e+001
42  8.796000e+000
43  1.910000e+000
44  6.575000e-001
45  3.618000e-001
46  3.466000e-001
47  1.906000e+000
48  7.041000e+000
49  7.913000e+000
50  5.385000e+000
51  1.190000e+001
52  5.387000e+001
53  3.636000e+001
54  2.614000e+000
55  1.212000e+000
56  9.274000e-001
57  4.486000e-001
58  2.284000e-001
59  5.677000e+000
60  2.771000e+000
61  8.673000e+000
62  1.721000e+001
63  2.168000e+001
64  3.972000e+001
65  3.615000e+000
66  1.519000e+000
67  4.409000e-001
68  4.736000e-001
69  3.374000e-001
70  1.599000e-001
71  1.225000e-001
72  1.987000e-001
77  7.478000e+000
78  1.025000e+000
79  2.602000e-001
80  1.323000e-001
81  9.107000e-002
82  8.492000e-002
83  1.748000e+000
84  1.709000e+000
85  1.706000e+000
86  2.056000e+000
87  5.915000e+000
88  2.539000e+001
89  9.524000e+000
90  1.050000e+000
91  2.618000e-001
92  1.308000e-001
93  8.964000e-002
94  1.082000e+000
95  2.943000e+000
96  3.286000e+000
97  1.774000e+000
98  3.702000e+000
99  2.982000e+001
100  3.767000e+001
101  1.739000e+001
102  1.724000e+000
103  4.882000e-001
104  4.454000e-001
105  2.475000e-001
106  2.195000e-001
107  2.810000e+000
108  6.382000e+000
   98 
1  8.053000e+000
2  6.192000e+000
3  3.579000e+001
4  8.681000e+001
5  3.940000e+001
6  5.870000e+000
7  3.642000e+000
9  7.503000e-001
10  4.880000e-001
11  1.245000e+001
12  8.368000e+000
13  1.615000e+001
14  1.146000e+001
15  3.836000e+001
16  7.133000e+001
17  2.265000e+001
18  9.157000e+000
19  2.435000e+000
22  4.034000e-001
23  1.312000e+001
24  1.237000e+001
25  9.738000e+000
26  1.842000e+001
27  3.249000e+001
28  6.302000e+001
29  1.346000e+001
30  4.697000e+000
31  1.603000e+000
32  7.920000e-001
33  4.223000e-001
34  2.850000e-001
35  9.482000e-001
36  1.377000e+000
37  2.049000e+000
38  6.886000e+000
39  2.035000e+001
40  7.207000e+001
41  3.348000e+001
42  1.007000e+001
43  2.701000e+000
44  1.212000e+000
45  6.007000e-001
46  3.643000e-001
47  4.825000e-001
48  5.067000e+000
49  7.616000e+000
50  5.149000e+000
51  8.623000e+000
52  4.906000e+001
53  3.647000e+001
54  4.406000e+000
55  1.589000e+000
56  1.043000e+000
57  7.229000e-001
58  4.070000e-001
59  2.271000e+000
60  2.999000e+000
61  8.032000e+000
62  1.453000e+001
63  1.976000e+001
64  3.582000e+001
65  5.876000e+000
66  2.249000e+000
67  1.035000e+000
68  4.964000e-001
69  3.544000e-001
70  2.602000e-001
71  1.720000e-001
72  1.220000e-001
77  7.829000e+000
78  2.089000e+000
79  8.782000e-001
80  3.338000e-001
81  1.501000e-001
82  8.756000e-002
83  4.332000e-001
84  1.530000e+000
85  1.365000e+000
86  1.709000e+000
87  4.261000e+000
88  2.269000e+001
89  9.407000e+000
90  2.248000e+000
91  9.088000e-001
92  3.393000e-001
93  1.478000e-001
94  1.249000e-001
95  2.100000e+000
96  2.703000e+000
97  2.398000e+000
98  2.412000e+000
99  2.585000e+001
100  3.302000e+001
101  1.684000e+001
102  3.486000e+000
103  1.257000e+000
104  5.660000e-001
105  3.563000e-001
106  2.218000e-001
107  4.714000e-001
108  5.763000e+000
   99 
1  1.204000e+001
2  8.830000e+000
3  2.873000e+001
4  6.552000e+001
5  5.553000e+001
6  1.714000e+001
7  6.031000e+000
9  1.855000e+000
10  1.217000e+000
11  4.390000e+000
12  8.535000e+000
13  1.470000e+001
14  1.321000e+001
15  2.879000e+001
16  5.425000e+001
17  4.320000e+001
18  1.374000e+001
19  5.493000e+000
22  1.134000e+000
23  3.970000e+000
24  1.247000e+001
25  1.031000e+001
26  1.612000e+001
27  2.629000e+001
28  5.515000e+001
29  2.591000e+001
30  1.029000e+001
31  4.126000e+000
32  2.250000e+000
33  1.446000e+000
34  9.838000e-001
35  6.547000e-001
36  5.096000e-001
37  6.187000e-001
38  2.716000e+000
39  1.430000e+001
40  5.173000e+001
41  4.791000e+001
42  1.863000e+001
43  6.966000e+000
44  2.971000e+000
45  1.843000e+000
46  1.174000e+000
47  7.820000e-001
48  6.790000e-001
49  4.719000e+000
50  5.005000e+000
51  7.172000e+000
52  3.514000e+001
53  4.295000e+001
54  1.343000e+001
55  4.605000e+000
56  2.330000e+000
57  1.514000e+000
58  1.064000e+000
59  7.266000e-001
60  1.134000e+000
61  3.785000e+000
62  9.768000e+000
63  1.733000e+001
64  3.524000e+001
65  1.367000e+001
66  5.406000e+000
67  2.571000e+000
68  1.608000e+000
69  1.058000e+000
70  6.731000e-001
71  4.396000e-001
72  2.886000e-001
77  1.032000e+001
78  4.527000e+000
79  2.349000e+000
80  1.471000e+000
81  9.365000e-001
82  5.351000e-001
83  3.065000e-001
84  2.635000e-001
85  6.804000e-001
86  1.269000e+000
87  1.747000e+000
88  1.486000e+001
89  1.322000e+001
90  5.411000e+000
91  2.545000e+000
92  1.568000e+000
93  9.889000e-001
94  5.632000e-001
95  3.664000e-001
96  8.138000e-001
97  1.985000e+000
98  2.156000e+000
99  1.531000e+001
100  3.217000e+001
101  2.135000e+001
102  8.742000e+000
103  3.449000e+000
104  1.967000e+000
105  1.236000e+000
106  8.046000e-001
107  5.051000e-001
108  7.392000e-001
   100 
1  5.539000e+000
2  7.361000e+000
3  3.336000e+001
4  6.941000e+001
5  3.940000e+001
6  1.509000e+001
7  9.103000e+000
9  2.672000e+000
10  1.970000e+000
11  1.768000e+001
12  6.369000e+000
13  1.531000e+001
14  9.510000e+000
15  3.078000e+001
16  6.403000e+001
17  2.285000e+001
18  1.889000e+001
19  6.368000e+000
22  2.548000e+000
23  1.801000e+001
24  9.570000e+000
25  1.039000e+001
26  1.558000e+001
27  2.304000e+001
28  5.537000e+001
29  2.067000e+001
30  9.481000e+000
31  5.169000e+000
32  2.902000e+000
33  1.720000e+000
34  1.067000e+000
35  3.451000e+000
36  5.991000e-001
37  4.100000e+000
38  7.596000e+000
39  1.614000e+001
40  5.422000e+001
41  3.855000e+001
42  1.540000e+001
43  7.975000e+000
44  4.047000e+000
45  2.351000e+000
46  1.698000e+000
47  2.581000e+000
48  7.187000e+000
49  7.542000e+000
50  6.268000e+000
51  7.790000e+000
52  4.095000e+001
53  2.755000e+001
54  1.130000e+001
55  6.774000e+000
56  3.662000e+000
57  1.932000e+000
58  1.223000e+000
59  5.883000e+000
60  2.348000e+000
61  1.199000e+001
62  1.453000e+001
63  1.588000e+001
64  2.667000e+001
65  9.572000e+000
66  4.810000e+000
67  2.896000e+000
68  1.637000e+000
69  9.858000e-001
70  5.068000e-001
71  3.907000e-001
72  4.087000e-001
77  8.003000e+000
78  2.846000e+000
79  1.614000e+000
80  9.193000e-001
81  5.161000e-001
82  4.851000e-001
83  2.336000e+000
84  1.404000e+000
85  1.427000e+000
86  2.387000e+000
87  5.357000e+000
88  1.878000e+001
89  9.103000e+000
90  2.876000e+000
91  1.624000e+000
92  9.159000e-001
93  5.149000e-001
94  2.322000e+000
95  2.476000e+000
96  2.857000e+000
97  1.394000e+000
98  4.879000e+000
99  2.092000e+001
100  2.979000e+001
101  1.694000e+001
102  6.181000e+000
103  3.466000e+000
104  2.067000e+000
105  1.112000e+000
106  8.615000e-001
107  3.405000e+000
108  6.370000e+000
   101 
1  9.399000e+000
2  1.023000e+001
3  2.533000e+001
4  5.190000e+001
5  4.919000e+001
6  2.577000e+001
7  1.443000e+001
9  3.421000e+000
10  1.742000e+000
11  9.845000e+000
12  5.547000e+000
13  1.226000e+001
14  1.055000e+001
15  1.982000e+001
16  4.732000e+001
17  3.922000e+001
18  2.485000e+001
19  1.199000e+001
22  1.694000e+000
23  8.406000e+000
24  9.025000e+000
25  1.169000e+001
26  1.233000e+001
27  1.600000e+001
28  4.494000e+001
29  3.003000e+001
30  1.830000e+001
31  9.712000e+000
32  4.636000e+000
33  2.360000e+000
34  1.218000e+000
35  1.347000e+000
36  8.040000e-001
37  1.219000e+000
38  4.900000e+000
39  8.326000e+000
40  3.745000e+001
41  4.218000e+001
42  2.639000e+001
43  1.468000e+001
44  7.190000e+000
45  3.469000e+000
46  1.763000e+000
47  1.504000e+000
48  3.088000e+000
49  5.015000e+000
50  5.046000e+000
51  6.173000e+000
52  2.124000e+001
53  3.449000e+001
54  2.127000e+001
55  1.183000e+001
56  5.695000e+000
57  2.704000e+000
58  1.354000e+000
59  2.289000e+000
60  2.041000e+000
61  6.575000e+000
62  1.278000e+001
63  9.893000e+000
64  2.214000e+001
65  1.713000e+001
66  1.034000e+001
67  5.306000e+000
68  2.625000e+000
69  1.328000e+000
70  6.390000e-001
71  3.324000e-001
72  2.870000e-001
77  9.600000e+000
78  5.858000e+000
79  3.215000e+000
80  1.694000e+000
81  8.280000e-001
82  4.339000e-001
83  8.984000e-001
84  1.157000e+000
85  1.199000e+000
86  1.874000e+000
87  2.204000e+000
88  1.288000e+001
89  1.027000e+001
90  6.255000e+000
91  3.478000e+000
92  1.817000e+000
93  8.936000e-001
94  6.633000e-001
95  1.685000e+000
96  1.805000e+000
97  1.693000e+000
98  2.723000e+000
99  1.146000e+001
100  2.263000e+001
101  2.093000e+001
102  1.361000e+001
103  7.384000e+000
104  3.602000e+000
105  1.756000e+000
106  9.552000e-001
107  9.936000e-001
108  3.427000e+000
   102 
1  8.282000e+000
2  9.141000e+000
3  3.085000e+001
4  6.315000e+001
5  4.099000e+001
6  1.933000e+001
7  1.083000e+001
9  3.566000e+000
10  2.367000e+000
11  1.382000e+001
12  5.555000e+000
13  1.504000e+001
14  1.072000e+001
15  2.545000e+001
16  5.721000e+001
17  2.865000e+001
18  1.947000e+001
19  9.262000e+000
22  2.491000e+000
23  1.313000e+001
24  9.720000e+000
25  1.145000e+001
26  1.441000e+001
27  2.067000e+001
28  4.912000e+001
29  2.412000e+001
30  1.346000e+001
31  7.497000e+000
32  4.174000e+000
33  2.461000e+000
34  1.491000e+000
35  2.087000e+000
36  5.828000e-001
37  2.914000e+000
38  5.486000e+000
39  1.365000e+001
40  4.732000e+001
41  3.840000e+001
42  1.989000e+001
43  1.084000e+001
44  5.939000e+000
45  3.403000e+000
46  2.217000e+000
47  2.175000e+000
48  5.477000e+000
49  5.801000e+000
50  6.266000e+000
51  6.327000e+000
52  3.449000e+001
53  2.962000e+001
54  1.495000e+001
55  8.588000e+000
56  4.709000e+000
57  2.628000e+000
58  1.705000e+000
59  4.006000e+000
60  2.417000e+000
61  1.064000e+001
62  1.154000e+001
63  1.348000e+001
64  2.596000e+001
65  1.271000e+001
66  6.921000e+000
67  4.001000e+000
68  2.256000e+000
69  1.263000e+000
70  7.445000e-001
71  4.944000e-001
72  4.532000e-001
77  8.228000e+000
78  3.985000e+000
79  2.253000e+000
80  1.266000e+000
81  7.177000e-001
82  7.011000e-001
83  1.488000e+000
84  1.300000e+000
85  1.569000e+000
86  2.150000e+000
87  3.761000e+000
88  1.588000e+001
89  9.309000e+000
90  4.277000e+000
91  2.405000e+000
92  1.332000e+000
93  7.629000e-001
94  1.617000e+000
95  2.045000e+000
96  2.107000e+000
97  1.291000e+000
98  4.474000e+000
99  1.668000e+001
100  2.594000e+001
101  1.844000e+001
102  9.533000e+000
103  5.378000e+000
104  2.958000e+000
105  1.700000e+000
106  1.183000e+000
107  2.985000e+000
108  4.638000e+000
   103 
1  9.347000e+000
2  9.844000e+000
3  2.825000e+001
4  5.877000e+001
5  4.213000e+001
6  2.040000e+001
7  1.226000e+001
9  5.066000e+000
10  3.293000e+000
11  1.251000e+001
12  6.127000e+000
13  1.367000e+001
14  1.052000e+001
15  2.298000e+001
16  5.140000e+001
17  3.196000e+001
18  2.039000e+001
19  1.080000e+001
22  3.193000e+000
23  1.133000e+001
24  9.623000e+000
25  1.136000e+001
26  1.318000e+001
27  1.889000e+001
28  4.654000e+001
29  2.493000e+001
30  1.455000e+001
31  9.121000e+000
32  5.847000e+000
33  3.712000e+000
34  2.381000e+000
35  2.340000e+000
36  1.337000e+000
37  1.971000e+000
38  5.176000e+000
39  1.044000e+001
40  4.356000e+001
41  3.738000e+001
42  2.118000e+001
43  1.212000e+001
44  7.692000e+000
45  4.943000e+000
46  3.229000e+000
47  2.675000e+000
48  4.600000e+000
49  5.601000e+000
50  5.830000e+000
51  6.123000e+000
52  2.910000e+001
53  3.032000e+001
54  1.558000e+001
55  9.907000e+000
56  6.349000e+000
57  3.907000e+000
58  2.524000e+000
59  3.677000e+000
60  2.695000e+000
61  8.205000e+000
62  1.182000e+001
63  1.208000e+001
64  2.446000e+001
65  1.315000e+001
66  8.232000e+000
67  5.360000e+000
68  3.345000e+000
69  2.073000e+000
70  1.361000e+000
71  8.907000e-001
72  6.477000e-001
77  8.365000e+000
78  4.676000e+000
79  2.990000e+000
80  1.899000e+000
81  1.257000e+000
82  8.688000e-001
83  1.170000e+000
84  1.358000e+000
85  1.412000e+000
86  2.031000e+000
87  2.708000e+000
88  1.412000e+001
89  9.426000e+000
90  4.963000e+000
91  3.122000e+000
92  1.985000e+000
93  1.310000e+000
94  1.179000e+000
95  2.030000e+000
96  1.960000e+000
97  1.727000e+000
98  3.041000e+000
99  1.368000e+001
100  2.415000e+001
101  1.851000e+001
102  1.051000e+001
103  6.769000e+000
104  4.295000e+000
105  2.649000e+000
106  1.734000e+000
107  2.270000e+000
108  4.344000e+000
   104 
1  7.466000e+000
2  8.509000e+000
3  3.220000e+001
4  6.913000e+001
5  4.541000e+001
6  1.547000e+001
7  7.697000e+000
9  1.782000e+000
10  1.225000e+000
11  1.468000e+001
12  6.098000e+000
13  1.626000e+001
14  1.107000e+001
15  2.816000e+001
16  6.345000e+001
17  2.969000e+001
18  1.699000e+001
19  5.743000e+000
22  1.580000e+000
23  1.381000e+001
24  1.082000e+001
25  1.157000e+001
26  1.581000e+001
27  2.315000e+001
28  5.600000e+001
29  2.299000e+001
30  1.009000e+001
31  4.586000e+000
32  2.127000e+000
33  1.129000e+000
34  6.576000e-001
35  1.949000e+000
36  3.095000e-001
37  3.142000e+000
38  6.672000e+000
39  1.603000e+001
40  5.416000e+001
41  4.190000e+001
42  1.727000e+001
43  7.372000e+000
44  3.283000e+000
45  1.604000e+000
46  1.042000e+000
47  1.743000e+000
48  5.767000e+000
49  6.487000e+000
50  6.238000e+000
51  7.452000e+000
52  3.720000e+001
53  3.541000e+001
54  1.235000e+001
55  5.951000e+000
56  2.709000e+000
57  1.246000e+000
58  7.850000e-001
59  4.281000e+000
60  2.294000e+000
61  1.063000e+001
62  1.399000e+001
63  1.472000e+001
64  2.965000e+001
65  1.158000e+001
66  5.071000e+000
67  2.465000e+000
68  1.178000e+000
69  5.907000e-001
70  3.134000e-001
71  2.223000e-001
72  2.991000e-001
77  8.663000e+000
78  3.090000e+000
79  1.423000e+000
80  6.789000e-001
81  3.381000e-001
82  4.460000e-001
83  1.624000e+000
84  1.252000e+000
85  1.604000e+000
86  2.297000e+000
87  4.400000e+000
88  1.835000e+001
89  9.842000e+000
90  3.372000e+000
91  1.545000e+000
92  7.214000e-001
93  3.607000e-001
94  1.619000e+000
95  2.141000e+000
96  2.368000e+000
97  1.255000e+000
98  4.820000e+000
99  1.977000e+001
100  3.004000e+001
101  1.877000e+001
102  7.411000e+000
103  3.455000e+000
104  1.570000e+000
105  7.707000e-001
106  5.853000e-001
107  2.973000e+000
108  4.640000e+000
   105 
1  1.001000e+001
2  9.882000e+000
3  3.018000e+001
4  6.317000e+001
5  4.538000e+001
6  2.103000e+001
7  1.124000e+001
9  3.178000e+000
10  2.136000e+000
11  1.318000e+001
12  7.358000e+000
13  1.648000e+001
14  1.198000e+001
15  2.538000e+001
16  5.785000e+001
17  3.265000e+001
18  2.140000e+001
19  9.985000e+000
22  2.176000e+000
23  1.223000e+001
24  1.146000e+001
25  1.260000e+001
26  1.557000e+001
27  2.124000e+001
28  5.030000e+001
29  2.731000e+001
30  1.492000e+001
31  7.718000e+000
32  4.026000e+000
33  2.200000e+000
34  1.271000e+000
35  1.625000e+000
36  5.564000e-001
37  2.893000e+000
38  6.075000e+000
39  1.423000e+001
40  4.833000e+001
41  4.148000e+001
42  2.268000e+001
43  1.157000e+001
44  5.934000e+000
45  3.183000e+000
46  1.913000e+000
47  2.041000e+000
48  5.136000e+000
49  6.012000e+000
50  6.724000e+000
51  7.567000e+000
52  3.432000e+001
53  3.389000e+001
54  1.655000e+001
55  8.807000e+000
56  4.514000e+000
57  2.369000e+000
58  1.418000e+000
59  4.301000e+000
60  2.537000e+000
61  9.622000e+000
62  1.114000e+001
63  1.466000e+001
64  2.896000e+001
65  1.453000e+001
66  7.558000e+000
67  4.046000e+000
68  2.121000e+000
69  1.128000e+000
70  6.408000e-001
71  4.106000e-001
72  4.452000e-001
77  1.000000e+001
78  4.784000e+000
79  2.471000e+000
80  1.292000e+000
81  6.943000e-001
82  6.260000e-001
83  1.485000e+000
84  1.225000e+000
85  1.657000e+000
86  2.045000e+000
87  3.674000e+000
88  1.642000e+001
89  1.122000e+001
90  5.236000e+000
91  2.702000e+000
92  1.390000e+000
93  7.543000e-001
94  1.404000e+000
95  2.082000e+000
96  1.986000e+000
97  1.354000e+000
98  4.225000e+000
99  1.728000e+001
100  2.775000e+001
101  2.113000e+001
102  1.088000e+001
103  5.712000e+000
104  2.909000e+000
105  1.574000e+000
106  1.006000e+000
107  2.976000e+000
108  4.340000e+000
   106 
1  1.162000e+001
2  1.091000e+001
3  1.810000e+001
4  3.340000e+001
5  4.099000e+001
6  3.735000e+001
7  2.265000e+001
9  9.154000e+000
10  6.333000e+000
11  6.331000e+000
12  8.169000e+000
13  9.910000e+000
14  1.087000e+001
15  1.377000e+001
16  2.726000e+001
17  3.665000e+001
18  3.377000e+001
19  1.944000e+001
22  5.795000e+000
23  5.486000e+000
24  8.749000e+000
25  9.465000e+000
26  1.200000e+001
27  1.288000e+001
28  2.938000e+001
29  3.213000e+001
30  2.227000e+001
31  1.511000e+001
32  1.033000e+001
33  7.100000e+000
34  4.969000e+000
35  3.466000e+000
36  2.773000e+000
37  2.363000e+000
38  2.436000e+000
39  4.928000e+000
40  1.905000e+001
41  3.146000e+001
42  3.237000e+001
43  1.991000e+001
44  1.337000e+001
45  9.065000e+000
46  6.309000e+000
47  4.350000e+000
48  3.261000e+000
49  3.823000e+000
50  5.105000e+000
51  6.023000e+000
52  1.074000e+001
53  2.594000e+001
54  2.245000e+001
55  1.589000e+001
56  1.101000e+001
57  7.566000e+000
58  5.261000e+000
59  3.636000e+000
60  3.196000e+000
61  3.745000e+000
62  7.400000e+000
63  9.936000e+000
64  1.644000e+001
65  1.679000e+001
66  1.273000e+001
67  9.082000e+000
68  6.355000e+000
69  4.349000e+000
70  3.083000e+000
71  2.439000e+000
72  1.805000e+000
77  9.015000e+000
78  7.275000e+000
79  5.384000e+000
80  3.902000e+000
81  2.815000e+000
82  2.296000e+000
83  1.807000e+000
84  1.406000e+000
85  1.288000e+000
86  1.271000e+000
87  1.372000e+000
88  3.653000e+000
89  9.486000e+000
90  7.837000e+000
91  5.711000e+000
92  4.100000e+000
93  2.929000e+000
94  2.359000e+000
95  1.900000e+000
96  1.650000e+000
97  1.731000e+000
98  1.911000e+000
99  3.528000e+000
100  1.307000e+001
101  1.933000e+001
102  1.593000e+001
103  1.130000e+001
104  7.781000e+000
105  5.396000e+000
106  3.655000e+000
107  2.726000e+000
108  2.298000e+000
   107 
1  7.099000e+000
2  7.994000e+000
3  3.877000e+001
4  8.546000e+001
5  4.399000e+001
6  3.896000e+000
7  3.160000e+000
9  5.584000e-001
10  5.484000e-001
11  1.561000e+001
12  1.030000e+001
13  2.013000e+001
14  1.215000e+001
15  3.503000e+001
16  7.709000e+001
17  2.376000e+001
18  9.670000e+000
19  1.300000e+000
22  7.178000e-001
23  1.455000e+001
24  1.624000e+001
25  1.146000e+001
26  2.180000e+001
27  2.809000e+001
28  6.890000e+001
29  1.530000e+001
30  3.706000e+000
31  8.705000e-001
32  5.315000e-001
33  4.043000e-001
34  3.309000e-001
35  1.360000e+000
36  6.514000e-001
37  3.533000e+000
38  8.241000e+000
39  2.368000e+001
40  7.284000e+001
41  3.769000e+001
42  1.085000e+001
43  1.733000e+000
44  6.961000e-001
45  4.583000e-001
46  3.719000e-001
47  1.871000e+000
48  6.182000e+000
49  7.267000e+000
50  4.832000e+000
51  1.266000e+001
52  5.283000e+001
53  3.835000e+001
54  2.907000e+000
55  1.177000e+000
56  8.549000e-001
57  4.636000e-001
58  2.864000e-001
59  5.202000e+000
60  2.692000e+000
61  7.038000e+000
62  1.656000e+001
63  2.059000e+001
64  4.319000e+001
65  4.177000e+000
66  1.545000e+000
67  4.981000e-001
68  4.460000e-001
69  3.225000e-001
70  1.766000e-001
71  1.272000e-001
72  2.001000e-001
77  7.892000e+000
78  1.028000e+000
79  3.047000e-001
80  1.730000e-001
81  1.268000e-001
82  1.101000e-001
83  1.478000e+000
84  1.867000e+000
85  1.797000e+000
86  1.863000e+000
87  4.914000e+000
88  2.557000e+001
89  1.033000e+001
90  1.082000e+000
91  3.062000e-001
92  1.727000e-001
93  1.264000e-001
94  7.394000e-001
95  2.850000e+000
96  2.859000e+000
97  1.737000e+000
98  3.361000e+000
99  2.812000e+001
100  3.871000e+001
101  1.878000e+001
102  1.883000e+000
103  5.668000e-001
104  4.584000e-001
105  2.805000e-001
106  2.522000e-001
107  2.778000e+000
108  5.584000e+000
   108 
1  4.711000e+000
2  6.707000e+000
3  3.307000e+001
4  7.015000e+001
5  4.013000e+001
6  1.351000e+001
7  8.148000e+000
9  2.286000e+000
10  2.202000e+000
11  1.794000e+001
12  5.675000e+000
13  1.508000e+001
14  8.922000e+000
15  3.066000e+001
16  6.520000e+001
17  2.227000e+001
18  1.746000e+001
19  5.462000e+000
22  2.725000e+000
23  1.855000e+001
24  9.261000e+000
25  9.968000e+000
26  1.538000e+001
27  2.381000e+001
28  5.567000e+001
29  1.958000e+001
30  8.214000e+000
31  4.396000e+000
32  2.379000e+000
33  1.403000e+000
34  8.640000e-001
35  3.706000e+000
36  3.937000e-001
37  4.437000e+000
38  7.154000e+000
39  1.719000e+001
40  5.448000e+001
41  3.851000e+001
42  1.346000e+001
43  6.726000e+000
44  3.346000e+000
45  1.873000e+000
46  1.569000e+000
47  2.466000e+000
48  7.775000e+000
49  7.516000e+000
50  6.184000e+000
51  7.272000e+000
52  4.003000e+001
53  2.884000e+001
54  9.877000e+000
55  5.942000e+000
56  3.068000e+000
57  1.567000e+000
58  1.067000e+000
59  5.844000e+000
60  2.217000e+000
61  1.205000e+001
62  1.422000e+001
63  1.648000e+001
64  2.633000e+001
65  8.535000e+000
66  4.023000e+000
67  2.424000e+000
68  1.332000e+000
69  7.190000e-001
70  3.978000e-001
71  3.571000e-001
72  4.638000e-001
77  7.369000e+000
78  2.283000e+000
79  1.255000e+000
80  6.908000e-001
81  3.836000e-001
82  8.008000e-001
83  2.375000e+000
84  1.260000e+000
85  1.455000e+000
86  2.283000e+000
87  6.318000e+000
88  1.874000e+001
89  8.438000e+000
90  2.297000e+000
91  1.250000e+000
92  6.790000e-001
93  3.817000e-001
94  3.000000e+000
95  2.364000e+000
96  2.908000e+000
97  9.321000e-001
98  5.435000e+000
99  2.167000e+001
100  2.950000e+001
101  1.585000e+001
102  5.037000e+000
103  2.885000e+000
104  1.529000e+000
105  8.303000e-001
106  7.741000e-001
107  3.872000e+000
108  6.181000e+000
   109 
1  5.975000e+000
2  7.210000e+000
3  3.858000e+001
4  8.572000e+001
5  4.116000e+001
6  3.698000e+000
7  2.564000e+000
9  4.965000e-001
10  5.071000e-001
11  1.425000e+001
12  7.345000e+000
13  1.853000e+001
14  1.204000e+001
15  3.657000e+001
16  7.386000e+001
17  2.259000e+001
18  7.358000e+000
19  1.237000e+000
22  5.266000e-001
23  1.391000e+001
24  1.303000e+001
25  1.081000e+001
26  2.048000e+001
27  3.011000e+001
28  6.623000e+001
29  1.213000e+001
30  3.257000e+000
31  8.676000e-001
32  4.933000e-001
33  3.579000e-001
34  2.909000e-001
35  1.221000e+000
36  6.777000e-001
37  2.742000e+000
38  6.749000e+000
39  2.251000e+001
40  7.329000e+001
41  3.474000e+001
42  8.204000e+000
43  1.536000e+000
44  6.637000e-001
45  4.145000e-001
46  3.251000e-001
47  1.085000e+000
48  5.935000e+000
49  6.626000e+000
50  4.573000e+000
51  9.795000e+000
52  5.175000e+001
53  3.711000e+001
54  2.295000e+000
55  9.945000e-001
56  7.548000e-001
57  4.471000e-001
58  2.587000e-001
59  3.822000e+000
60  2.620000e+000
61  7.967000e+000
62  1.530000e+001
63  1.937000e+001
64  3.977000e+001
65  3.875000e+000
66  1.371000e+000
67  4.897000e-001
68  3.815000e-001
69  2.805000e-001
70  1.670000e-001
71  1.094000e-001
72  1.432000e-001
77  6.579000e+000
78  9.675000e-001
79  3.113000e-001
80  1.548000e-001
81  1.075000e-001
82  8.469000e-002
83  1.037000e+000
84  1.493000e+000
85  1.725000e+000
86  1.856000e+000
87  4.984000e+000
88  2.444000e+001
89  7.691000e+000
90  1.071000e+000
91  3.287000e-001
92  1.534000e-001
93  1.060000e-001
94  5.345000e-001
95  2.520000e+000
96  2.763000e+000
97  1.671000e+000
98  3.285000e+000
99  2.780000e+001
100  3.518000e+001
101  1.586000e+001
102  1.873000e+000
103  5.695000e-001
104  3.857000e-001
105  2.624000e-001
106  1.971000e-001
107  1.935000e+000
108  5.396000e+000
   110 
1  2.854000e+000
2  7.052000e+000
3  5.086000e+001
4  9.009000e+001
5  2.654000e+001
6  2.394000e+000
7  1.252000e+000
9  6.747000e-001
10  8.122000e-001
11  1.713000e+001
12  5.349000e+000
13  2.014000e+001
14  1.194000e+001
15  4.873000e+001
16  7.597000e+001
17  6.700000e+000
18  5.548000e+000
19  7.265000e-001
22  1.078000e+000
23  1.817000e+001
24  1.031000e+001
25  1.067000e+001
26  2.216000e+001
27  4.009000e+001
28  5.806000e+001
29  8.984000e+000
30  9.949000e-001
31  6.183000e-001
32  4.368000e-001
33  3.617000e-001
34  3.009000e-001
35  1.316000e+000
36  1.783000e-001
37  3.888000e+000
38  6.887000e+000
39  2.985000e+001
40  7.801000e+001
41  2.770000e+001
42  2.544000e+000
43  8.182000e-001
44  5.254000e-001
45  3.873000e-001
46  5.658000e-001
47  1.530000e+000
48  7.521000e+000
49  5.136000e+000
50  5.196000e+000
51  1.184000e+001
52  7.179000e+001
53  1.559000e+001
54  9.645000e-001
55  8.791000e-001
56  5.796000e-001
57  3.035000e-001
58  4.257000e-001
59  4.653000e+000
60  2.522000e+000
61  8.526000e+000
62  1.160000e+001
63  3.020000e+001
64  3.263000e+001
65  2.272000e+000
66  4.823000e-001
67  4.720000e-001
68  3.203000e-001
69  1.788000e-001
70  1.281000e-001
71  1.548000e-001
72  3.706000e-001
77  3.401000e+000
78  2.621000e-001
79  1.734000e-001
80  1.220000e-001
81  8.854000e-002
82  4.054000e-001
83  1.943000e+000
84  1.229000e+000
85  1.670000e+000
86  2.039000e+000
87  7.267000e+000
88  2.364000e+001
89  5.679000e+000
90  2.816000e-001
91  1.740000e-001
92  1.208000e-001
93  9.215000e-002
94  1.739000e+000
95  2.758000e+000
96  2.709000e+000
97  2.923000e-001
98  5.428000e+000
99  3.297000e+001
100  3.305000e+001
101  1.210000e+001
102  5.661000e-001
103  4.695000e-001
104  2.966000e-001
105  2.025000e-001
106  3.663000e-001
107  3.826000e+000
108  6.244000e+000
   111 
1  1.330000e+001
2  8.234000e+000
3  2.283000e+001
4  4.405000e+001
5  4.435000e+001
6  3.278000e+001
7  1.685000e+001
9  5.455000e+000
10  3.799000e+000
11  1.123000e+001
12  1.335000e+001
13  1.357000e+001
14  1.094000e+001
15  1.859000e+001
16  3.791000e+001
17  4.305000e+001
18  2.966000e+001
19  1.331000e+001
22  3.478000e+000
23  1.154000e+001
24  1.504000e+001
25  1.007000e+001
26  1.430000e+001
27  1.488000e+001
28  3.913000e+001
29  3.547000e+001
30  1.767000e+001
31  9.699000e+000
32  6.214000e+000
33  4.064000e+000
34  2.930000e+000
35  3.000000e+000
36  3.047000e+000
37  2.806000e+000
38  7.739000e+000
39  1.030000e+001
40  3.022000e+001
41  3.938000e+001
42  3.275000e+001
43  1.481000e+001
44  8.411000e+000
45  5.326000e+000
46  3.662000e+000
47  3.091000e+000
48  4.666000e+000
49  9.042000e+000
50  7.352000e+000
51  8.830000e+000
52  1.903000e+001
53  3.148000e+001
54  2.204000e+001
55  1.103000e+001
56  7.211000e+000
57  4.613000e+000
58  3.069000e+000
59  3.953000e+000
60  4.951000e+000
61  5.954000e+000
62  1.471000e+001
63  1.445000e+001
64  2.396000e+001
65  1.496000e+001
66  8.530000e+000
67  5.292000e+000
68  3.568000e+000
69  2.656000e+000
70  1.823000e+000
71  1.301000e+000
72  9.544000e-001
77  1.104000e+001
78  5.853000e+000
79  3.355000e+000
80  2.362000e+000
81  1.649000e+000
82  1.204000e+000
83  1.038000e+000
84  1.891000e+000
85  2.000000e+000
86  1.743000e+000
87  2.293000e+000
88  1.195000e+001
89  1.423000e+001
90  6.515000e+000
91  3.463000e+000
92  2.392000e+000
93  1.637000e+000
94  1.213000e+000
95  2.434000e+000
96  3.329000e+000
97  2.695000e+000
98  2.153000e+000
99  1.133000e+001
100  2.481000e+001
101  2.365000e+001
102  1.236000e+001
103  6.675000e+000
104  4.321000e+000
105  2.972000e+000
106  2.143000e+000
107  1.689000e+000
108  4.506000e+000
   112 
1  1.300000e+001
2  1.040000e+001
3  2.156000e+001
4  4.655000e+001
5  5.425000e+001
6  3.679000e+001
7  1.361000e+001
9  2.709000e+000
10  1.764000e+000
11  2.369000e+000
12  7.189000e+000
13  1.242000e+001
14  1.365000e+001
15  2.078000e+001
16  4.198000e+001
17  4.765000e+001
18  2.770000e+001
19  9.783000e+000
22  1.613000e+000
23  1.648000e+000
24  9.861000e+000
25  1.071000e+001
26  1.390000e+001
27  1.971000e+001
28  4.249000e+001
29  3.957000e+001
30  1.685000e+001
31  7.066000e+000
32  3.327000e+000
33  2.198000e+000
34  1.437000e+000
35  9.826000e-001
36  6.703000e-001
37  5.843000e-001
38  1.115000e+000
39  8.140000e+000
40  3.569000e+001
41  4.529000e+001
42  3.465000e+001
43  1.285000e+001
44  5.128000e+000
45  2.755000e+000
46  1.747000e+000
47  1.187000e+000
48  7.813000e-001
49  2.250000e+000
50  5.050000e+000
51  6.289000e+000
52  2.184000e+001
53  4.029000e+001
54  2.476000e+001
55  9.128000e+000
56  3.821000e+000
57  2.398000e+000
58  1.552000e+000
59  1.071000e+000
60  8.296000e-001
61  2.268000e+000
62  7.105000e+000
63  1.211000e+001
64  2.976000e+001
65  2.079000e+001
66  9.445000e+000
67  4.221000e+000
68  2.480000e+000
69  1.582000e+000
70  1.073000e+000
71  6.781000e-001
72  4.278000e-001
77  1.268000e+001
78  6.739000e+000
79  3.490000e+000
80  2.269000e+000
81  1.463000e+000
82  9.462000e-001
83  5.596000e-001
84  3.500000e-001
85  4.350000e-001
86  8.950000e-001
87  1.386000e+000
88  6.900000e+000
89  1.497000e+001
90  8.645000e+000
91  4.026000e+000
92  2.420000e+000
93  1.545000e+000
94  1.001000e+000
95  6.071000e-001
96  5.571000e-001
97  1.258000e+000
98  2.022000e+000
99  6.668000e+000
100  2.656000e+001
101  2.610000e+001
102  1.410000e+001
103  6.095000e+000
104  2.963000e+000
105  1.917000e+000
106  1.275000e+000
107  8.061000e-001
108  5.534000e-001
   113 
1  8.906000e+000
2  6.745000e+000
3  3.692000e+001
4  8.843000e+001
5  3.746000e+001
6  6.262000e+000
7  3.670000e+000
9  8.237000e-001
10  5.226000e-001
11  1.176000e+001
12  8.326000e+000
13  1.683000e+001
14  1.188000e+001
15  3.937000e+001
16  7.312000e+001
17  2.081000e+001
18  8.995000e+000
19  2.709000e+000
22  4.094000e-001
23  1.220000e+001
24  1.250000e+001
25  1.035000e+001
26  1.835000e+001
27  3.298000e+001
28  6.282000e+001
29  1.393000e+001
30  5.175000e+000
31  1.868000e+000
32  9.310000e-001
33  4.873000e-001
34  3.155000e-001
35  6.648000e-001
36  1.245000e+000
37  1.693000e+000
38  6.940000e+000
39  1.975000e+001
40  7.593000e+001
41  3.168000e+001
42  1.047000e+001
43  3.004000e+000
44  1.341000e+000
45  6.743000e-001
46  3.916000e-001
47  4.163000e-001
48  4.377000e+000
49  7.396000e+000
50  5.288000e+000
51  8.806000e+000
52  5.507000e+001
53  3.208000e+001
54  4.890000e+000
55  1.781000e+000
56  1.115000e+000
57  7.707000e-001
58  4.367000e-001
59  2.029000e+000
60  2.983000e+000
61  7.960000e+000
62  1.444000e+001
63  1.921000e+001
64  3.727000e+001
65  6.615000e+000
66  2.497000e+000
67  1.181000e+000
68  5.660000e-001
69  3.780000e-001
70  2.710000e-001
71  1.757000e-001
72  1.193000e-001
77  8.350000e+000
78  2.405000e+000
79  1.031000e+000
80  4.014000e-001
81  1.773000e-001
82  1.006000e-001
83  3.027000e-001
84  1.390000e+000
85  1.389000e+000
86  1.739000e+000
87  3.679000e+000
88  2.313000e+001
89  9.499000e+000
90  2.601000e+000
91  1.086000e+000
92  4.178000e-001
93  1.785000e-001
94  1.183000e-001
95  1.666000e+000
96  2.583000e+000
97  2.501000e+000
98  2.350000e+000
99  2.567000e+001
100  3.368000e+001
101  1.748000e+001
102  4.119000e+000
103  1.491000e+000
104  6.751000e-001
105  3.919000e-001
106  2.461000e-001
107  4.358000e-001
108  5.373000e+000
   114 
1  9.209000e+000
2  7.322000e+000
3  3.490000e+001
4  7.689000e+001
5  5.003000e+001
6  7.345000e+000
7  2.388000e+000
9  7.122000e-001
10  6.065000e-001
11  1.048000e+001
12  9.012000e+000
13  1.816000e+001
14  1.232000e+001
15  3.181000e+001
16  6.481000e+001
17  3.589000e+001
18  7.060000e+000
19  2.202000e+000
22  4.789000e-001
23  9.752000e+000
24  1.521000e+001
25  1.026000e+001
26  1.961000e+001
27  2.590000e+001
28  6.194000e+001
29  2.057000e+001
30  5.189000e+000
31  1.572000e+000
32  7.911000e-001
33  5.138000e-001
34  3.950000e-001
35  5.193000e-001
36  8.722000e-001
37  1.683000e+000
38  5.601000e+000
39  2.055000e+001
40  6.194000e+001
41  4.337000e+001
42  1.308000e+001
43  2.507000e+000
44  1.105000e+000
45  6.308000e-001
46  4.478000e-001
47  5.512000e-001
48  4.215000e+000
49  6.455000e+000
50  3.680000e+000
51  9.983000e+000
52  4.058000e+001
53  4.730000e+001
54  4.779000e+000
55  1.401000e+000
56  9.347000e-001
57  6.564000e-001
58  3.896000e-001
59  2.209000e+000
60  2.921000e+000
61  4.546000e+000
62  1.289000e+001
63  1.923000e+001
64  4.166000e+001
65  7.233000e+000
66  2.130000e+000
67  9.197000e-001
68  4.956000e-001
69  3.706000e-001
70  2.575000e-001
71  1.702000e-001
72  1.453000e-001
77  8.027000e+000
78  1.807000e+000
79  6.604000e-001
80  2.684000e-001
81  1.700000e-001
82  1.233000e-001
83  3.116000e-001
84  1.488000e+000
85  1.639000e+000
86  1.517000e+000
87  3.301000e+000
88  2.232000e+001
89  1.057000e+001
90  2.075000e+000
91  7.190000e-001
92  2.766000e-001
93  1.699000e-001
94  1.447000e-001
95  1.724000e+000
96  2.394000e+000
97  2.295000e+000
98  1.549000e+000
99  2.384000e+001
100  3.491000e+001
101  1.970000e+001
102  3.487000e+000
103  1.113000e+000
104  5.464000e-001
105  3.852000e-001
106  2.563000e-001
107  5.432000e-001
108  4.637000e+000
   115 
1  9.540000e+000
2  7.088000e+000
3  2.889000e+001
4  6.362000e+001
5  5.655000e+001
6  1.579000e+001
7  6.465000e+000
9  9.430000e-001
10  6.585000e-001
11  1.203000e+001
12  9.132000e+000
13  1.501000e+001
14  1.096000e+001
15  2.676000e+001
16  5.717000e+001
17  4.375000e+001
18  1.532000e+001
19  3.669000e+000
22  5.753000e-001
23  1.231000e+001
24  1.275000e+001
25  1.017000e+001
26  1.557000e+001
27  2.102000e+001
28  5.642000e+001
29  3.047000e+001
30  8.122000e+000
31  2.668000e+000
32  1.260000e+000
33  6.697000e-001
34  4.043000e-001
35  1.250000e+000
36  1.477000e+000
37  2.124000e+000
38  7.550000e+000
39  1.425000e+001
40  4.794000e+001
41  5.121000e+001
42  1.983000e+001
43  5.089000e+000
44  1.858000e+000
45  8.796000e-001
46  5.211000e-001
47  6.883000e-001
48  4.586000e+000
49  8.154000e+000
50  5.529000e+000
51  8.262000e+000
52  2.907000e+001
53  4.709000e+001
54  1.220000e+001
55  3.781000e+000
56  1.779000e+000
57  9.459000e-001
58  4.719000e-001
59  2.651000e+000
60  3.028000e+000
61  7.553000e+000
62  1.571000e+001
63  1.450000e+001
64  3.306000e+001
65  1.195000e+001
66  4.235000e+000
67  1.618000e+000
68  8.499000e-001
69  5.114000e-001
70  3.120000e-001
71  1.881000e-001
72  1.443000e-001
77  1.015000e+001
78  3.066000e+000
79  1.329000e+000
80  6.115000e-001
81  2.781000e-001
82  1.441000e-001
83  6.495000e-001
84  1.688000e+000
85  1.347000e+000
86  1.804000e+000
87  3.428000e+000
88  1.901000e+001
89  1.255000e+001
90  3.274000e+000
91  1.382000e+000
92  6.278000e-001
93  2.812000e-001
94  2.135000e-001
95  2.461000e+000
96  2.643000e+000
97  2.224000e+000
98  2.448000e+000
99  1.845000e+001
100  3.226000e+001
101  2.228000e+001
102  6.454000e+000
103  2.129000e+000
104  1.038000e+000
105  5.846000e-001
106  2.849000e-001
107  6.344000e-001
108  5.037000e+000
   116 
1  1.118000e+001
2  7.819000e+000
3  2.942000e+001
4  6.787000e+001
5  5.180000e+001
6  1.860000e+001
7  4.348000e+000
9  1.159000e+000
10  7.822000e-001
11  7.485000e+000
12  8.818000e+000
13  1.587000e+001
14  1.293000e+001
15  2.544000e+001
16  5.818000e+001
17  4.205000e+001
18  1.322000e+001
19  3.706000e+000
22  7.041000e-001
23  7.003000e+000
24  1.350000e+001
25  1.029000e+001
26  1.745000e+001
27  2.203000e+001
28  5.120000e+001
29  3.323000e+001
30  8.663000e+000
31  2.632000e+000
32  1.338000e+000
33  8.689000e-001
34  6.179000e-001
35  4.697000e-001
36  5.686000e-001
37  9.945000e-001
38  4.005000e+000
39  1.699000e+001
40  4.778000e+001
41  4.677000e+001
42  2.319000e+001
43  5.207000e+000
44  1.832000e+000
45  1.113000e+000
46  7.234000e-001
47  5.389000e-001
48  2.626000e+000
49  5.799000e+000
50  4.070000e+000
51  8.172000e+000
52  3.216000e+001
53  4.471000e+001
54  1.439000e+001
55  3.100000e+000
56  1.420000e+000
57  9.871000e-001
58  6.862000e-001
59  9.356000e-001
60  2.589000e+000
61  3.834000e+000
62  1.070000e+001
63  1.606000e+001
64  3.426000e+001
65  1.633000e+001
66  4.029000e+000
67  1.564000e+000
68  9.441000e-001
69  6.385000e-001
70  4.475000e-001
71  3.176000e-001
72  2.209000e-001
77  9.655000e+000
78  3.048000e+000
79  1.323000e+000
80  7.820000e-001
81  4.757000e-001
82  2.792000e-001
83  1.917000e-001
84  4.866000e-001
85  1.411000e+000
86  1.592000e+000
87  2.650000e+000
88  1.571000e+001
89  1.433000e+001
90  3.734000e+000
91  1.430000e+000
92  8.223000e-001
93  4.952000e-001
94  2.884000e-001
95  4.678000e-001
96  2.105000e+000
97  2.283000e+000
98  1.719000e+000
99  1.638000e+001
100  2.989000e+001
101  2.541000e+001
102  7.167000e+000
103  2.108000e+000
104  1.117000e+000
105  7.136000e-001
106  4.900000e-001
107  3.471000e-001
108  2.916000e+000
   117 
1  6.519000e+000
2  7.096000e+000
3  3.872000e+001
4  8.407000e+001
5  4.520000e+001
6  3.835000e+000
7  4.341000e+000
9  4.692000e-001
10  5.557000e-001
11  1.665000e+001
12  1.002000e+001
13  1.914000e+001
14  1.203000e+001
15  3.606000e+001
16  7.631000e+001
17  2.358000e+001
18  1.050000e+001
19  1.245000e+000
22  9.386000e-001
23  1.633000e+001
24  1.453000e+001
25  1.088000e+001
26  2.228000e+001
27  2.828000e+001
28  6.905000e+001
29  1.496000e+001
30  3.804000e+000
31  7.456000e-001
32  4.077000e-001
33  3.160000e-001
34  2.661000e-001
35  2.324000e+000
36  7.764000e-001
37  3.801000e+000
38  8.725000e+000
39  2.292000e+001
40  7.247000e+001
41  3.825000e+001
42  1.022000e+001
43  2.136000e+000
44  6.149000e-001
45  3.452000e-001
46  3.838000e-001
47  1.941000e+000
48  6.953000e+000
49  8.255000e+000
50  4.744000e+000
51  1.213000e+001
52  5.078000e+001
53  3.948000e+001
54  2.773000e+000
55  1.262000e+000
56  9.597000e-001
57  4.138000e-001
58  2.312000e-001
59  5.703000e+000
60  2.826000e+000
61  7.828000e+000
62  1.817000e+001
63  1.947000e+001
64  4.181000e+001
65  3.775000e+000
66  1.691000e+000
67  3.942000e-001
68  4.965000e-001
69  3.451000e-001
70  1.440000e-001
71  1.367000e-001
72  2.436000e-001
77  8.077000e+000
78  1.054000e+000
79  2.226000e-001
80  1.234000e-001
81  8.807000e-002
82  9.565000e-002
83  1.842000e+000
84  1.806000e+000
85  1.694000e+000
86  1.977000e+000
87  5.248000e+000
88  2.528000e+001
89  1.039000e+001
90  1.116000e+000
91  2.226000e-001
92  1.208000e-001
93  8.613000e-002
94  1.026000e+000
95  3.101000e+000
96  3.166000e+000
97  2.059000e+000
98  3.329000e+000
99  2.757000e+001
100  3.863000e+001
101  1.885000e+001
102  1.896000e+000
103  4.283000e-001
104  4.694000e-001
105  2.222000e-001
106  2.499000e-001
107  2.549000e+000
108  6.413000e+000
   118 
1  1.041000e+001
2  7.395000e+000
3  3.355000e+001
4  7.413000e+001
5  5.303000e+001
6  8.482000e+000
7  2.615000e+000
9  6.614000e-001
10  5.992000e-001
11  9.866000e+000
12  9.732000e+000
13  1.811000e+001
14  1.224000e+001
15  3.004000e+001
16  6.404000e+001
17  3.889000e+001
18  7.383000e+000
19  2.389000e+000
22  4.643000e-001
23  9.087000e+000
24  1.596000e+001
25  1.013000e+001
26  1.919000e+001
27  2.398000e+001
28  6.099000e+001
29  2.402000e+001
30  5.689000e+000
31  1.676000e+000
32  7.421000e-001
33  4.711000e-001
34  3.687000e-001
35  5.690000e-001
36  9.204000e-001
37  1.541000e+000
38  5.930000e+000
39  1.964000e+001
40  5.970000e+001
41  4.465000e+001
42  1.540000e+001
43  2.636000e+000
44  1.090000e+000
45  5.772000e-001
46  4.136000e-001
47  6.063000e-001
48  3.958000e+000
49  6.740000e+000
50  3.813000e+000
51  1.001000e+001
52  3.739000e+001
53  5.003000e+001
54  5.587000e+000
55  1.472000e+000
56  9.082000e-001
57  6.184000e-001
58  3.443000e-001
59  2.066000e+000
60  3.132000e+000
61  4.402000e+000
62  1.333000e+001
63  1.720000e+001
64  4.246000e+001
65  8.726000e+000
66  2.301000e+000
67  9.114000e-001
68  4.725000e-001
69  3.511000e-001
70  2.392000e-001
71  1.527000e-001
72  1.492000e-001
77  8.855000e+000
78  2.035000e+000
79  6.251000e-001
80  2.387000e-001
81  1.507000e-001
82  1.107000e-001
83  3.934000e-001
84  1.567000e+000
85  1.627000e+000
86  1.582000e+000
87  2.862000e+000
88  2.057000e+001
89  1.270000e+001
90  2.364000e+000
91  7.008000e-001
92  2.462000e-001
93  1.502000e-001
94  1.450000e-001
95  1.839000e+000
96  2.415000e+000
97  2.337000e+000
98  1.417000e+000
99  2.173000e+001
100  3.512000e+001
101  2.168000e+001
102  3.995000e+000
103  1.126000e+000
104  5.060000e-001
105  3.532000e-001
106  2.408000e-001
107  4.217000e-001
108  4.652000e+000
   119 
1  8.672000e+000
2  9.216000e+000
3  2.786000e+001
4  5.706000e+001
5  4.300000e+001
6  1.937000e+001
7  1.297000e+001
9  4.830000e+000
10  3.096000e+000
11  1.291000e+001
12  6.523000e+000
13  1.335000e+001
14  9.906000e+000
15  2.197000e+001
16  5.151000e+001
17  3.142000e+001
18  2.077000e+001
19  1.085000e+001
22  3.172000e+000
23  1.151000e+001
24  1.033000e+001
25  1.118000e+001
26  1.325000e+001
27  1.751000e+001
28  4.774000e+001
29  2.353000e+001
30  1.457000e+001
31  8.875000e+000
32  5.487000e+000
33  3.514000e+000
34  2.326000e+000
35  2.555000e+000
36  1.359000e+000
37  2.107000e+000
38  6.080000e+000
39  1.027000e+001
40  4.288000e+001
41  3.682000e+001
42  2.062000e+001
43  1.216000e+001
44  7.382000e+000
45  4.582000e+000
46  3.084000e+000
47  2.735000e+000
48  4.656000e+000
49  6.047000e+000
50  5.221000e+000
51  7.046000e+000
52  2.638000e+001
53  3.126000e+001
54  1.543000e+001
55  9.846000e+000
56  6.067000e+000
57  3.670000e+000
58  2.448000e+000
59  3.908000e+000
60  2.673000e+000
61  8.108000e+000
62  1.420000e+001
63  1.152000e+001
64  2.398000e+001
65  1.237000e+001
66  7.644000e+000
67  4.713000e+000
68  3.036000e+000
69  1.935000e+000
70  1.225000e+000
71  7.995000e-001
72  6.155000e-001
77  8.401000e+000
78  4.357000e+000
79  2.751000e+000
80  1.769000e+000
81  1.145000e+000
82  7.595000e-001
83  1.390000e+000
84  1.474000e+000
85  1.353000e+000
86  1.964000e+000
87  2.570000e+000
88  1.498000e+001
89  9.105000e+000
90  4.491000e+000
91  2.837000e+000
92  1.807000e+000
93  1.164000e+000
94  1.097000e+000
95  2.263000e+000
96  2.141000e+000
97  1.760000e+000
98  2.784000e+000
99  1.439000e+001
100  2.422000e+001
101  1.801000e+001
102  1.005000e+001
103  6.189000e+000
104  3.843000e+000
105  2.468000e+000
106  1.681000e+000
107  1.992000e+000
108  4.259000e+000
   120 
1  1.099000e+001
2  1.008000e+001
3  2.404000e+001
4  4.729000e+001
5  5.006000e+001
6  3.354000e+001
7  1.234000e+001
9  4.218000e+000
10  2.631000e+000
11  7.472000e+000
12  7.178000e+000
13  1.274000e+001
14  1.159000e+001
15  1.955000e+001
16  3.955000e+001
17  4.553000e+001
18  2.667000e+001
19  1.080000e+001
22  2.339000e+000
23  6.158000e+000
24  9.975000e+000
25  1.110000e+001
26  1.349000e+001
27  1.746000e+001
28  3.969000e+001
29  3.649000e+001
30  1.685000e+001
31  8.683000e+000
32  5.331000e+000
33  3.219000e+000
34  1.938000e+000
35  1.366000e+000
36  1.165000e+000
37  8.979000e-001
38  3.359000e+000
39  8.482000e+000
40  3.319000e+001
41  4.325000e+001
42  3.181000e+001
43  1.269000e+001
44  7.133000e+000
45  4.385000e+000
46  2.675000e+000
47  1.668000e+000
48  2.239000e+000
49  4.742000e+000
50  4.894000e+000
51  6.265000e+000
52  1.989000e+001
53  3.708000e+001
54  2.257000e+001
55  9.859000e+000
56  5.940000e+000
57  3.585000e+000
58  2.123000e+000
59  1.706000e+000
60  2.319000e+000
61  5.065000e+000
62  1.023000e+001
63  1.152000e+001
64  2.618000e+001
65  1.664000e+001
66  8.955000e+000
67  5.540000e+000
68  3.341000e+000
69  1.965000e+000
70  1.288000e+000
71  8.639000e-001
72  5.944000e-001
77  9.704000e+000
78  5.583000e+000
79  3.345000e+000
80  2.065000e+000
81  1.322000e+000
82  9.619000e-001
83  6.674000e-001
84  6.638000e-001
85  9.199000e-001
86  1.497000e+000
87  1.964000e+000
88  1.102000e+001
89  1.213000e+001
90  6.303000e+000
91  3.543000e+000
92  2.185000e+000
93  1.389000e+000
94  1.010000e+000
95  8.716000e-001
96  1.440000e+000
97  1.731000e+000
98  2.141000e+000
99  1.040000e+001
100  2.339000e+001
101  2.310000e+001
102  1.179000e+001
103  6.966000e+000
104  4.268000e+000
105  2.512000e+000
106  1.499000e+000
107  1.116000e+000
108  2.140000e+000
   121 
1  1.078000e+001
2  7.630000e+000
3  3.203000e+001
4  7.754000e+001
5  5.103000e+001
6  8.471000e+000
7  3.004000e+000
9  7.449000e-001
10  5.977000e-001
11  9.781000e+000
12  8.536000e+000
13  1.721000e+001
14  1.211000e+001
15  3.036000e+001
16  6.539000e+001
17  3.679000e+001
18  8.320000e+000
19  2.690000e+000
22  4.744000e-001
23  8.643000e+000
24  1.462000e+001
25  1.081000e+001
26  1.713000e+001
27  2.632000e+001
28  6.407000e+001
29  1.919000e+001
30  6.385000e+000
31  2.004000e+000
32  9.337000e-001
33  5.314000e-001
34  3.805000e-001
35  5.005000e-001
36  8.545000e-001
37  1.148000e+000
38  5.532000e+000
39  1.701000e+001
40  6.297000e+001
41  4.398000e+001
42  1.408000e+001
43  3.338000e+000
44  1.289000e+000
45  6.727000e-001
46  4.482000e-001
47  4.845000e-001
48  3.434000e+000
49  6.486000e+000
50  4.167000e+000
51  8.694000e+000
52  3.987000e+001
53  4.678000e+001
54  6.588000e+000
55  1.882000e+000
56  1.070000e+000
57  6.680000e-001
58  3.784000e-001
59  1.478000e+000
60  2.989000e+000
61  5.142000e+000
62  1.233000e+001
63  1.704000e+001
64  4.129000e+001
65  9.162000e+000
66  2.664000e+000
67  1.096000e+000
68  5.447000e-001
69  3.577000e-001
70  2.440000e-001
71  1.584000e-001
72  1.360000e-001
77  9.127000e+000
78  2.434000e+000
79  8.717000e-001
80  3.151000e-001
81  1.702000e-001
82  1.165000e-001
83  2.867000e-001
84  1.248000e+000
85  1.527000e+000
86  1.672000e+000
87  2.628000e+000
88  2.119000e+001
89  1.112000e+001
90  2.798000e+000
91  9.605000e-001
92  3.356000e-001
93  1.733000e-001
94  1.365000e-001
95  1.321000e+000
96  2.278000e+000
97  2.263000e+000
98  1.594000e+000
99  2.187000e+001
100  3.484000e+001
101  1.960000e+001
102  5.084000e+000
103  1.503000e+000
104  6.436000e-001
105  3.894000e-001
106  2.503000e-001
107  3.342000e-001
108  4.080000e+000
   122 
1  7.978000e+000
2  5.955000e+000
3  3.284000e+001
4  7.835000e+001
5  4.687000e+001
6  7.025000e+000
7  4.410000e+000
9  7.011000e-001
10  5.372000e-001
11  1.478000e+001
12  9.206000e+000
13  1.579000e+001
14  1.069000e+001
15  3.323000e+001
16  6.703000e+001
17  3.094000e+001
18  1.084000e+001
19  2.352000e+000
22  5.514000e-001
23  1.576000e+001
24  1.281000e+001
25  9.517000e+000
26  1.780000e+001
27  2.721000e+001
28  6.331000e+001
29  1.806000e+001
30  4.684000e+000
31  1.390000e+000
32  6.859000e-001
33  3.743000e-001
34  2.567000e-001
35  1.959000e+000
36  1.555000e+000
37  3.014000e+000
38  7.779000e+000
39  1.821000e+001
40  6.254000e+001
41  4.275000e+001
42  1.135000e+001
43  2.771000e+000
44  1.152000e+000
45  5.522000e-001
46  3.822000e-001
47  9.536000e-001
48  6.251000e+000
49  8.836000e+000
50  5.552000e+000
51  8.779000e+000
52  3.993000e+001
53  4.287000e+001
54  5.191000e+000
55  1.513000e+000
56  1.146000e+000
57  7.485000e-001
58  3.990000e-001
59  3.562000e+000
60  3.280000e+000
61  7.643000e+000
62  1.566000e+001
63  1.860000e+001
64  3.572000e+001
65  6.484000e+000
66  2.127000e+000
67  9.417000e-001
68  5.057000e-001
69  4.011000e-001
70  2.972000e-001
71  2.060000e-001
72  1.809000e-001
77  8.317000e+000
78  1.944000e+000
79  7.783000e-001
80  3.048000e-001
81  1.331000e-001
82  7.807000e-002
83  9.692000e-001
84  1.856000e+000
85  1.470000e+000
86  1.766000e+000
87  5.083000e+000
88  2.262000e+001
89  1.044000e+001
90  2.088000e+000
91  8.155000e-001
92  3.191000e-001
93  1.340000e-001
94  4.683000e-001
95  3.003000e+000
96  3.303000e+000
97  2.276000e+000
98  2.662000e+000
99  2.413000e+001
100  3.339000e+001
101  1.820000e+001
102  3.373000e+000
103  1.076000e+000
104  5.156000e-001
105  3.693000e-001
106  2.165000e-001
107  1.118000e+000
108  6.665000e+000
   123 
1  1.155000e+001
2  8.587000e+000
3  2.481000e+001
4  5.805000e+001
5  4.068000e+001
6  1.853000e+001
7  1.319000e+001
9  5.509000e+000
10  3.958000e+000
11  1.149000e+001
12  1.063000e+001
13  1.322000e+001
14  1.017000e+001
15  2.222000e+001
16  5.137000e+001
17  2.979000e+001
18  2.197000e+001
19  1.169000e+001
22  3.501000e+000
23  1.181000e+001
24  1.268000e+001
25  1.042000e+001
26  1.328000e+001
27  1.694000e+001
28  4.708000e+001
29  2.425000e+001
30  1.419000e+001
31  8.999000e+000
32  5.986000e+000
33  4.062000e+000
34  2.915000e+000
35  3.092000e+000
36  2.748000e+000
37  2.896000e+000
38  6.619000e+000
39  1.057000e+001
40  4.256000e+001
41  3.464000e+001
42  2.072000e+001
43  1.262000e+001
44  7.965000e+000
45  5.254000e+000
46  3.596000e+000
47  2.902000e+000
48  4.478000e+000
49  7.687000e+000
50  7.340000e+000
51  8.122000e+000
52  2.715000e+001
53  2.712000e+001
54  1.482000e+001
55  1.006000e+001
56  6.763000e+000
57  4.629000e+000
58  3.113000e+000
59  3.694000e+000
60  4.086000e+000
61  7.420000e+000
62  1.176000e+001
63  1.394000e+001
64  2.336000e+001
65  1.271000e+001
66  8.232000e+000
67  5.287000e+000
68  3.517000e+000
69  2.669000e+000
70  2.020000e+000
71  1.448000e+000
72  1.153000e+000
77  1.029000e+001
78  5.893000e+000
79  3.539000e+000
80  2.402000e+000
81  1.864000e+000
82  1.353000e+000
83  1.129000e+000
84  1.340000e+000
85  1.764000e+000
86  1.729000e+000
87  2.238000e+000
88  1.282000e+001
89  1.165000e+001
90  6.268000e+000
91  3.645000e+000
92  2.429000e+000
93  1.859000e+000
94  1.365000e+000
95  1.809000e+000
96  3.012000e+000
97  2.767000e+000
98  2.466000e+000
99  1.171000e+001
100  2.516000e+001
101  1.939000e+001
102  1.044000e+001
103  6.163000e+000
104  3.944000e+000
105  2.750000e+000
106  2.154000e+000
107  1.726000e+000
108  4.036000e+000
   124 
1  1.007000e+001
2  9.846000e+000
3  2.611000e+001
4  5.884000e+001
5  4.799000e+001
6  2.115000e+001
7  1.197000e+001
9  3.508000e+000
10  2.035000e+000
11  1.080000e+001
12  6.269000e+000
13  1.352000e+001
14  1.099000e+001
15  2.193000e+001
16  5.137000e+001
17  3.748000e+001
18  2.070000e+001
19  1.011000e+001
22  2.062000e+000
23  9.250000e+000
24  1.017000e+001
25  1.181000e+001
26  1.310000e+001
27  1.819000e+001
28  4.879000e+001
29  2.722000e+001
30  1.515000e+001
31  8.279000e+000
32  4.370000e+000
33  2.472000e+000
34  1.477000e+000
35  1.585000e+000
36  9.683000e-001
37  1.382000e+000
38  5.021000e+000
39  9.762000e+000
40  4.467000e+001
41  4.087000e+001
42  2.280000e+001
43  1.206000e+001
44  6.376000e+000
45  3.422000e+000
46  2.066000e+000
47  1.821000e+000
48  3.702000e+000
49  5.339000e+000
50  5.106000e+000
51  6.502000e+000
52  2.582000e+001
53  3.665000e+001
54  1.710000e+001
55  9.589000e+000
56  5.084000e+000
57  2.671000e+000
58  1.585000e+000
59  2.758000e+000
60  2.387000e+000
61  6.671000e+000
62  1.229000e+001
63  1.122000e+001
64  2.655000e+001
65  1.525000e+001
66  8.471000e+000
67  4.545000e+000
68  2.473000e+000
69  1.432000e+000
70  8.121000e-001
71  4.800000e-001
72  3.705000e-001
77  9.398000e+000
78  4.914000e+000
79  2.659000e+000
80  1.530000e+000
81  8.793000e-001
82  5.125000e-001
83  9.201000e-001
84  1.279000e+000
85  1.339000e+000
86  1.894000e+000
87  2.485000e+000
88  1.461000e+001
89  1.040000e+001
90  5.240000e+000
91  2.851000e+000
92  1.630000e+000
93  9.217000e-001
94  7.191000e-001
95  1.817000e+000
96  1.974000e+000
97  1.830000e+000
98  2.607000e+000
99  1.344000e+001
100  2.538000e+001
101  2.042000e+001
102  1.147000e+001
103  6.151000e+000
104  3.260000e+000
105  1.835000e+000
106  1.136000e+000
107  1.382000e+000
108  3.550000e+000
   125 
1  4.838000e+000
2  7.208000e+000
3  4.084000e+001
4  8.766000e+001
5  3.789000e+001
6  3.037000e+000
7  2.847000e+000
9  4.977000e-001
10  5.198000e-001
11  1.585000e+001
12  7.506000e+000
13  1.904000e+001
14  1.219000e+001
15  3.866000e+001
16  7.611000e+001
17  1.811000e+001
18  7.988000e+000
19  9.518000e-001
22  7.782000e-001
23  1.538000e+001
24  1.292000e+001
25  1.090000e+001
26  2.180000e+001
27  3.252000e+001
28  6.526000e+001
29  1.058000e+001
30  2.584000e+000
31  6.540000e-001
32  4.210000e-001
33  3.244000e-001
34  2.682000e-001
35  1.713000e+000
36  5.002000e-001
37  3.384000e+000
38  7.478000e+000
39  2.420000e+001
40  7.629000e+001
41  3.266000e+001
42  6.437000e+000
43  1.379000e+000
44  5.576000e-001
45  3.591000e-001
46  3.198000e-001
47  1.578000e+000
48  6.645000e+000
49  6.734000e+000
50  4.813000e+000
51  1.084000e+001
52  5.724000e+001
53  3.163000e+001
54  1.690000e+000
55  9.880000e-001
56  7.243000e-001
57  3.554000e-001
58  2.330000e-001
59  4.841000e+000
60  2.563000e+000
61  8.562000e+000
62  1.609000e+001
63  2.107000e+001
64  3.870000e+001
65  2.852000e+000
66  1.173000e+000
67  3.695000e-001
68  3.846000e-001
69  2.705000e-001
70  1.323000e-001
71  1.017000e-001
72  1.995000e-001
77  6.024000e+000
78  7.046000e-001
79  2.048000e-001
80  1.267000e-001
81  8.952000e-002
82  1.016000e-001
83  1.520000e+000
84  1.506000e+000
85  1.753000e+000
86  2.005000e+000
87  5.775000e+000
88  2.499000e+001
89  7.282000e+000
90  7.379000e-001
91  2.056000e-001
92  1.245000e-001
93  8.751000e-002
94  1.024000e+000
95  2.618000e+000
96  3.101000e+000
97  1.428000e+000
98  3.949000e+000
99  3.004000e+001
100  3.505000e+001
101  1.480000e+001
102  1.261000e+000
103  4.061000e-001
104  3.904000e-001
105  2.046000e-001
106  2.322000e-001
107  2.668000e+000
108  5.699000e+000
   126 
1  5.442000e+000
2  7.808000e+000
3  4.205000e+001
4  8.923000e+001
5  3.783000e+001
6  3.541000e+000
7  3.533000e+000
9  4.920000e-001
10  5.377000e-001
11  1.699000e+001
12  9.150000e+000
13  2.015000e+001
14  1.225000e+001
15  4.096000e+001
16  7.761000e+001
17  1.714000e+001
18  9.830000e+000
19  1.221000e+000
22  7.715000e-001
23  1.682000e+001
24  1.400000e+001
25  1.134000e+001
26  2.273000e+001
27  3.476000e+001
28  6.498000e+001
29  1.252000e+001
30  3.081000e+000
31  7.877000e-001
32  4.624000e-001
33  3.498000e-001
34  2.884000e-001
35  1.685000e+000
36  7.007000e-001
37  3.645000e+000
38  8.807000e+000
39  2.586000e+001
40  7.754000e+001
41  3.398000e+001
42  7.096000e+000
43  1.813000e+000
44  6.534000e-001
45  3.916000e-001
46  3.433000e-001
47  1.885000e+000
48  6.808000e+000
49  7.383000e+000
50  5.605000e+000
51  1.243000e+001
52  5.719000e+001
53  3.341000e+001
54  2.534000e+000
55  1.176000e+000
56  8.716000e-001
57  4.301000e-001
58  2.532000e-001
59  5.495000e+000
60  2.639000e+000
61  9.327000e+000
62  1.586000e+001
63  2.429000e+001
64  3.842000e+001
65  3.228000e+000
66  1.570000e+000
67  4.306000e-001
68  4.516000e-001
69  3.165000e-001
70  1.570000e-001
71  1.155000e-001
72  2.037000e-001
77  7.205000e+000
78  1.000000e+000
79  2.544000e-001
80  1.457000e-001
81  1.029000e-001
82  9.957000e-002
83  1.574000e+000
84  1.770000e+000
85  1.810000e+000
86  1.884000e+000
87  5.945000e+000
88  2.576000e+001
89  9.285000e+000
90  1.014000e+000
91  2.531000e-001
92  1.449000e-001
93  1.022000e-001
94  8.988000e-001
95  2.957000e+000
96  3.001000e+000
97  1.753000e+000
98  3.631000e+000
99  3.259000e+001
100  3.658000e+001
101  1.624000e+001
102  1.660000e+000
103  4.876000e-001
104  4.464000e-001
105  2.456000e-001
106  2.410000e-001
107  2.920000e+000
108  5.997000e+000
   127 
1  9.765000e+000
2  7.358000e+000
3  3.447000e+001
4  7.693000e+001
5  5.126000e+001
6  7.191000e+000
7  2.900000e+000
9  5.652000e-001
10  4.873000e-001
11  1.034000e+001
12  1.012000e+001
13  1.833000e+001
14  1.229000e+001
15  3.053000e+001
16  6.793000e+001
17  3.540000e+001
18  7.832000e+000
19  2.239000e+000
22  3.944000e-001
23  1.001000e+001
24  1.570000e+001
25  9.988000e+000
26  2.029000e+001
27  2.481000e+001
28  6.247000e+001
29  2.222000e+001
30  5.284000e+000
31  1.443000e+000
32  6.059000e-001
33  3.859000e-001
34  2.972000e-001
35  6.074000e-001
36  9.634000e-001
37  1.682000e+000
38  7.010000e+000
39  2.015000e+001
40  6.303000e+001
41  4.237000e+001
42  1.437000e+001
43  2.438000e+000
44  9.562000e-001
45  4.807000e-001
46  3.476000e-001
47  5.287000e-001
48  4.175000e+000
49  7.100000e+000
50  4.132000e+000
51  1.078000e+001
52  3.934000e+001
53  4.864000e+001
54  4.623000e+000
55  1.272000e+000
56  8.585000e-001
57  5.494000e-001
58  2.944000e-001
59  2.357000e+000
60  3.042000e+000
61  5.393000e+000
62  1.558000e+001
63  1.704000e+001
64  4.176000e+001
65  7.503000e+000
66  2.171000e+000
67  7.690000e-001
68  3.885000e-001
69  2.952000e-001
70  1.957000e-001
71  1.183000e-001
72  1.161000e-001
77  8.638000e+000
78  1.853000e+000
79  5.030000e-001
80  1.938000e-001
81  1.219000e-001
82  8.868000e-002
83  4.193000e-001
84  1.513000e+000
85  1.551000e+000
86  1.660000e+000
87  3.091000e+000
88  2.055000e+001
89  1.333000e+001
90  2.137000e+000
91  5.531000e-001
92  1.968000e-001
93  1.209000e-001
94  1.266000e-001
95  1.907000e+000
96  2.413000e+000
97  2.309000e+000
98  1.566000e+000
99  2.203000e+001
100  3.625000e+001
101  2.149000e+001
102  3.438000e+000
103  9.488000e-001
104  4.154000e-001
105  3.085000e-001
106  1.988000e-001
107  3.862000e-001
108  4.792000e+000
   128 
1  1.109000e+001
2  1.101000e+001
3  1.786000e+001
4  3.506000e+001
5  3.900000e+001
6  3.044000e+001
7  2.038000e+001
9  1.251000e+001
10  9.766000e+000
11  8.895000e+000
12  8.940000e+000
13  9.904000e+000
14  1.054000e+001
15  1.385000e+001
16  2.795000e+001
17  3.369000e+001
18  2.610000e+001
19  1.910000e+001
22  9.275000e+000
23  8.597000e+000
24  8.845000e+000
25  9.211000e+000
26  1.117000e+001
27  1.262000e+001
28  2.912000e+001
29  2.560000e+001
30  1.967000e+001
31  1.628000e+001
32  1.294000e+001
33  1.029000e+001
34  8.007000e+000
35  6.331000e+000
36  5.054000e+000
37  4.013000e+000
38  4.069000e+000
39  4.944000e+000
40  1.671000e+001
41  2.703000e+001
42  2.358000e+001
43  1.839000e+001
44  1.501000e+001
45  1.203000e+001
46  9.497000e+000
47  7.407000e+000
48  5.991000e+000
49  5.253000e+000
50  5.486000e+000
51  6.099000e+000
52  1.053000e+001
53  1.975000e+001
54  1.720000e+001
55  1.537000e+001
56  1.271000e+001
57  1.037000e+001
58  8.209000e+000
59  6.583000e+000
60  5.429000e+000
61  5.344000e+000
62  6.901000e+000
63  8.579000e+000
64  1.324000e+001
65  1.328000e+001
66  1.206000e+001
67  1.039000e+001
68  8.558000e+000
69  6.852000e+000
70  5.485000e+000
71  4.232000e+000
72  3.241000e+000
77  6.180000e+000
78  6.268000e+000
79  5.868000e+000
80  5.051000e+000
81  4.196000e+000
82  3.504000e+000
83  2.856000e+000
84  2.429000e+000
85  2.201000e+000
86  2.061000e+000
87  1.909000e+000
88  2.724000e+000
89  5.635000e+000
90  5.949000e+000
91  5.653000e+000
92  4.989000e+000
93  4.231000e+000
94  3.576000e+000
95  2.981000e+000
96  2.590000e+000
97  2.396000e+000
98  2.370000e+000
99  3.204000e+000
100  8.727000e+000
101  1.338000e+001
102  1.339000e+001
103  1.161000e+001
104  9.771000e+000
105  7.932000e+000
106  6.243000e+000
107  4.953000e+000
108  4.046000e+000
   129 
1  4.952000e+000
2  7.854000e+000
3  4.255000e+001
4  8.831000e+001
5  3.875000e+001
6  2.810000e+000
7  2.567000e+000
9  7.073000e-001
10  4.639000e-001
11  1.679000e+001
12  1.004000e+001
13  2.052000e+001
14  1.256000e+001
15  3.933000e+001
16  7.969000e+001
17  1.619000e+001
18  9.623000e+000
19  9.478000e-001
22  1.069000e+000
23  1.582000e+001
24  1.545000e+001
25  1.168000e+001
26  2.321000e+001
27  3.307000e+001
28  6.649000e+001
29  1.205000e+001
30  2.454000e+000
31  7.425000e-001
32  5.258000e-001
33  4.243000e-001
34  3.542000e-001
35  1.440000e+000
36  3.692000e-001
37  3.902000e+000
38  8.395000e+000
39  2.654000e+001
40  7.824000e+001
41  3.445000e+001
42  6.095000e+000
43  1.302000e+000
44  6.311000e-001
45  4.612000e-001
46  4.836000e-001
47  2.328000e+000
48  6.247000e+000
49  6.699000e+000
50  4.901000e+000
51  1.355000e+001
52  6.124000e+001
53  3.044000e+001
54  2.024000e+000
55  1.129000e+000
56  7.292000e-001
57  3.675000e-001
58  3.623000e-001
59  5.793000e+000
60  2.528000e+000
61  6.346000e+000
62  1.491000e+001
63  2.736000e+001
64  3.983000e+001
65  2.975000e+000
66  1.088000e+000
67  4.872000e-001
68  3.882000e-001
69  2.738000e-001
70  1.647000e-001
71  1.588000e-001
72  2.683000e-001
77  6.679000e+000
78  5.819000e-001
79  2.367000e-001
80  1.689000e-001
81  1.239000e-001
82  2.131000e-001
83  1.854000e+000
84  1.882000e+000
85  1.727000e+000
86  1.629000e+000
87  6.048000e+000
88  2.624000e+001
89  9.015000e+000
90  5.261000e-001
91  2.376000e-001
92  1.683000e-001
93  1.238000e-001
94  1.281000e+000
95  2.761000e+000
96  2.820000e+000
97  1.207000e+000
98  3.989000e+000
99  3.310000e+001
100  3.756000e+001
101  1.543000e+001
102  1.073000e+000
103  4.935000e-001
104  4.398000e-001
105  2.553000e-001
106  3.394000e-001
107  3.778000e+000
108  5.212000e+000
   130 
1  1.288000e+001
2  9.115000e+000
3  2.323000e+001
4  4.732000e+001
5  5.205000e+001
6  3.547000e+001
7  1.241000e+001
9  2.614000e+000
10  1.568000e+000
11  5.756000e+000
12  9.639000e+000
13  1.315000e+001
14  1.250000e+001
15  1.988000e+001
16  4.006000e+001
17  4.900000e+001
18  2.885000e+001
19  9.420000e+000
22  1.374000e+000
23  5.415000e+000
24  1.220000e+001
25  1.081000e+001
26  1.411000e+001
27  1.695000e+001
28  4.159000e+001
29  4.005000e+001
30  1.707000e+001
31  6.870000e+000
32  3.318000e+000
33  1.961000e+000
34  1.208000e+000
35  8.312000e-001
36  9.730000e-001
37  1.076000e+000
38  4.897000e+000
39  9.885000e+000
40  3.252000e+001
41  4.614000e+001
42  3.553000e+001
43  1.197000e+001
44  4.931000e+000
45  2.656000e+000
46  1.528000e+000
47  9.649000e-001
48  1.269000e+000
49  6.127000e+000
50  5.851000e+000
51  7.674000e+000
52  2.036000e+001
53  3.711000e+001
54  2.633000e+001
55  8.977000e+000
56  4.110000e+000
57  2.393000e+000
58  1.378000e+000
59  9.814000e-001
60  2.365000e+000
61  4.687000e+000
62  1.343000e+001
63  1.262000e+001
64  2.640000e+001
65  1.897000e+001
66  8.445000e+000
67  3.923000e+000
68  2.232000e+000
69  1.314000e+000
70  7.823000e-001
71  4.506000e-001
72  2.635000e-001
77  1.174000e+001
78  5.837000e+000
79  2.953000e+000
80  1.744000e+000
81  1.033000e+000
82  5.775000e-001
83  3.578000e-001
84  7.233000e-001
85  1.248000e+000
86  1.482000e+000
87  1.975000e+000
88  1.102000e+001
89  1.487000e+001
90  6.773000e+000
91  3.160000e+000
92  1.823000e+000
93  1.065000e+000
94  5.956000e-001
95  7.139000e-001
96  1.845000e+000
97  2.214000e+000
98  1.947000e+000
99  1.018000e+001
100  2.633000e+001
101  2.600000e+001
102  1.279000e+001
103  5.406000e+000
104  2.781000e+000
105  1.642000e+000
106  9.740000e-001
107  5.832000e-001
108  1.671000e+000
   131 
1  1.001000e+001
2  8.320000e+000
3  3.175000e+001
4  7.310000e+001
5  5.336000e+001
6  1.071000e+001
7  3.663000e+000
9  6.817000e-001
10  5.471000e-001
11  1.136000e+001
12  8.353000e+000
13  1.781000e+001
14  1.236000e+001
15  2.814000e+001
16  6.431000e+001
17  3.861000e+001
18  1.067000e+001
19  2.596000e+000
22  5.477000e-001
23  9.998000e+000
24  1.436000e+001
25  1.176000e+001
26  1.710000e+001
27  2.358000e+001
28  6.073000e+001
29  2.492000e+001
30  7.150000e+000
31  1.972000e+000
32  8.356000e-001
33  4.837000e-001
34  3.490000e-001
35  8.345000e-001
36  5.679000e-001
37  1.990000e+000
38  5.998000e+000
39  1.720000e+001
40  5.786000e+001
41  4.696000e+001
42  1.668000e+001
43  3.790000e+000
44  1.241000e+000
45  6.157000e-001
46  4.223000e-001
47  8.464000e-001
48  4.327000e+000
49  6.300000e+000
50  4.518000e+000
51  9.159000e+000
52  3.586000e+001
53  4.864000e+001
54  8.463000e+000
55  2.342000e+000
56  1.012000e+000
57  5.091000e-001
58  3.149000e-001
59  2.833000e+000
60  2.767000e+000
61  6.205000e+000
62  1.288000e+001
63  1.600000e+001
64  3.973000e+001
65  1.078000e+001
66  2.984000e+000
67  9.897000e-001
68  5.304000e-001
69  3.138000e-001
70  1.860000e-001
71  1.402000e-001
72  1.730000e-001
77  9.519000e+000
78  2.323000e+000
79  7.507000e-001
80  2.886000e-001
81  1.544000e-001
82  1.124000e-001
83  7.002000e-001
84  1.503000e+000
85  1.595000e+000
86  1.837000e+000
87  3.113000e+000
88  2.055000e+001
89  1.172000e+001
90  2.779000e+000
91  8.546000e-001
92  3.116000e-001
93  1.597000e-001
94  2.639000e-001
95  1.990000e+000
96  2.290000e+000
97  1.972000e+000
98  2.554000e+000
99  2.072000e+001
100  3.360000e+001
101  2.179000e+001
102  5.550000e+000
103  1.511000e+000
104  6.664000e-001
105  3.231000e-001
106  2.549000e-001
107  1.094000e+000
108  4.518000e+000
   132 
1  1.191000e+001
2  7.750000e+000
3  3.012000e+001
4  7.198000e+001
5  5.357000e+001
6  1.256000e+001
7  5.059000e+000
9  1.434000e+000
10  8.982000e-001
11  7.223000e+000
12  9.642000e+000
13  1.574000e+001
14  1.258000e+001
15  3.043000e+001
16  6.042000e+001
17  3.994000e+001
18  1.183000e+001
19  4.464000e+000
22  7.499000e-001
23  7.061000e+000
24  1.357000e+001
25  1.043000e+001
26  1.672000e+001
27  2.654000e+001
28  6.063000e+001
29  2.261000e+001
30  8.262000e+000
31  3.045000e+000
32  1.694000e+000
33  1.023000e+000
34  6.084000e-001
35  5.032000e-001
36  7.545000e-001
37  1.062000e+000
38  5.575000e+000
39  1.546000e+001
40  5.814000e+001
41  4.667000e+001
42  1.583000e+001
43  5.290000e+000
44  2.299000e+000
45  1.298000e+000
46  7.835000e-001
47  5.022000e-001
48  1.850000e+000
49  6.788000e+000
50  5.748000e+000
51  8.161000e+000
52  3.776000e+001
53  4.453000e+001
54  1.024000e+001
55  3.183000e+000
56  1.794000e+000
57  1.157000e+000
58  7.716000e-001
59  7.010000e-001
60  2.584000e+000
61  5.857000e+000
62  1.314000e+001
63  1.703000e+001
64  3.665000e+001
65  1.162000e+001
66  4.104000e+000
67  2.008000e+000
68  1.147000e+000
69  6.847000e-001
70  4.401000e-001
71  2.946000e-001
72  2.052000e-001
77  1.024000e+001
78  3.885000e+000
79  1.893000e+000
80  1.049000e+000
81  5.404000e-001
82  2.686000e-001
83  1.735000e-001
84  5.466000e-001
85  1.243000e+000
86  1.555000e+000
87  2.421000e+000
88  1.839000e+001
89  1.288000e+001
90  4.388000e+000
91  1.996000e+000
92  1.096000e+000
93  5.641000e-001
94  2.781000e-001
95  4.707000e-001
96  1.924000e+000
97  2.525000e+000
98  2.127000e+000
99  1.928000e+001
100  3.401000e+001
101  2.018000e+001
102  7.280000e+000
103  2.597000e+000
104  1.414000e+000
105  8.318000e-001
106  4.890000e-001
107  3.179000e-001
108  2.294000e+000
   133 
1  1.252000e+001
2  1.259000e+001
3  1.785000e+001
4  3.369000e+001
5  3.728000e+001
6  2.632000e+001
7  2.160000e+001
9  1.596000e+001
10  1.347000e+001
11  1.252000e+001
12  1.106000e+001
13  1.157000e+001
14  1.142000e+001
15  1.398000e+001
16  3.051000e+001
17  2.766000e+001
18  2.431000e+001
19  2.046000e+001
22  1.283000e+001
23  1.160000e+001
24  1.069000e+001
25  1.023000e+001
26  1.140000e+001
27  1.243000e+001
28  2.643000e+001
29  2.239000e+001
30  2.021000e+001
31  1.848000e+001
32  1.603000e+001
33  1.374000e+001
34  1.160000e+001
35  9.709000e+000
36  8.110000e+000
37  6.778000e+000
38  6.141000e+000
39  6.050000e+000
40  1.138000e+001
41  2.195000e+001
42  2.067000e+001
43  1.904000e+001
44  1.700000e+001
45  1.486000e+001
46  1.276000e+001
47  1.076000e+001
48  9.101000e+000
49  7.985000e+000
50  7.424000e+000
51  7.021000e+000
52  9.699000e+000
53  1.445000e+001
54  1.607000e+001
55  1.560000e+001
56  1.423000e+001
57  1.269000e+001
58  1.105000e+001
59  9.555000e+000
60  8.137000e+000
61  7.849000e+000
62  8.614000e+000
63  8.212000e+000
64  1.029000e+001
65  1.144000e+001
66  1.164000e+001
67  1.126000e+001
68  1.040000e+001
69  9.244000e+000
70  8.033000e+000
71  6.943000e+000
72  5.867000e+000
77  4.450000e+000
78  5.149000e+000
79  5.580000e+000
80  5.600000e+000
81  5.283000e+000
82  4.903000e+000
83  4.470000e+000
84  3.970000e+000
85  3.471000e+000
86  3.105000e+000
87  2.841000e+000
88  2.886000e+000
89  3.756000e+000
90  4.488000e+000
91  5.028000e+000
92  5.217000e+000
93  5.084000e+000
94  4.846000e+000
95  4.511000e+000
96  4.100000e+000
97  3.659000e+000
98  3.444000e+000
99  3.535000e+000
100  6.061000e+000
101  9.303000e+000
102  1.092000e+001
103  1.119000e+001
104  1.083000e+001
105  9.983000e+000
106  8.787000e+000
107  7.583000e+000
108  6.608000e+000
   134 
1  4.543000e+000
2  7.696000e+000
3  4.342000e+001
4  8.982000e+001
5  3.660000e+001
6  2.742000e+000
7  2.278000e+000
9  6.992000e-001
10  5.903000e-001
11  1.738000e+001
12  9.654000e+000
13  2.048000e+001
14  1.249000e+001
15  4.070000e+001
16  7.990000e+001
17  1.449000e+001
18  9.406000e+000
19  8.966000e-001
22  1.123000e+000
23  1.659000e+001
24  1.481000e+001
25  1.172000e+001
26  2.314000e+001
27  3.464000e+001
28  6.514000e+001
29  1.184000e+001
30  2.037000e+000
31  7.203000e-001
32  5.137000e-001
33  4.154000e-001
34  3.465000e-001
35  1.410000e+000
36  3.553000e-001
37  3.978000e+000
38  8.379000e+000
39  2.732000e+001
40  7.898000e+001
41  3.354000e+001
42  5.426000e+000
43  1.128000e+000
44  6.159000e-001
45  4.530000e-001
46  4.779000e-001
47  2.343000e+000
48  6.527000e+000
49  6.555000e+000
50  5.184000e+000
51  1.344000e+001
52  6.397000e+001
53  2.754000e+001
54  1.854000e+000
55  1.103000e+000
56  7.152000e-001
57  3.614000e-001
58  3.491000e-001
59  5.874000e+000
60  2.542000e+000
61  6.613000e+000
62  1.397000e+001
63  2.889000e+001
64  3.880000e+001
65  2.952000e+000
66  8.903000e-001
67  4.841000e-001
68  3.750000e-001
69  2.669000e-001
70  1.572000e-001
71  1.477000e-001
72  2.848000e-001
77  6.217000e+000
78  5.283000e-001
79  2.308000e-001
80  1.621000e-001
81  1.178000e-001
82  2.116000e-001
83  2.074000e+000
84  1.713000e+000
85  1.682000e+000
86  1.679000e+000
87  6.667000e+000
88  2.585000e+001
89  8.690000e+000
90  4.810000e-001
91  2.326000e-001
92  1.629000e-001
93  1.190000e-001
94  1.529000e+000
95  2.773000e+000
96  2.807000e+000
97  9.207000e-001
98  4.381000e+000
99  3.378000e+001
100  3.701000e+001
101  1.505000e+001
102  9.073000e-001
103  4.927000e-001
104  4.286000e-001
105  2.489000e-001
106  3.294000e-001
107  4.131000e+000
108  5.254000e+000
   135 
1  7.863000e+000
2  7.422000e+000
3  3.605000e+001
4  8.148000e+001
5  4.643000e+001
6  5.047000e+000
7  2.386000e+000
9  5.798000e-001
10  5.781000e-001
11  1.215000e+001
12  8.092000e+000
13  1.834000e+001
14  1.194000e+001
15  3.369000e+001
16  6.894000e+001
17  3.035000e+001
18  6.891000e+000
19  1.721000e+000
22  5.196000e-001
23  1.125000e+001
24  1.462000e+001
25  1.066000e+001
26  1.928000e+001
27  2.743000e+001
28  6.559000e+001
29  1.548000e+001
30  4.573000e+000
31  1.203000e+000
32  5.993000e-001
33  4.262000e-001
34  3.443000e-001
35  8.911000e-001
36  7.582000e-001
37  2.176000e+000
38  5.911000e+000
39  2.066000e+001
40  6.768000e+001
41  3.969000e+001
42  1.075000e+001
43  2.047000e+000
44  8.307000e-001
45  4.917000e-001
46  3.827000e-001
47  8.825000e-001
48  4.963000e+000
49  6.384000e+000
50  3.953000e+000
51  9.577000e+000
52  4.392000e+001
53  4.494000e+001
54  3.412000e+000
55  1.147000e+000
56  8.239000e-001
57  5.013000e-001
58  2.994000e-001
59  2.972000e+000
60  2.740000e+000
61  6.324000e+000
62  1.361000e+001
63  1.860000e+001
64  4.178000e+001
65  5.402000e+000
66  1.828000e+000
67  6.325000e-001
68  4.366000e-001
69  3.124000e-001
70  1.941000e-001
71  1.355000e-001
72  1.769000e-001
77  7.639000e+000
78  1.409000e+000
79  3.880000e-001
80  1.866000e-001
81  1.300000e-001
82  1.028000e-001
83  7.174000e-001
84  1.632000e+000
85  1.668000e+000
86  1.637000e+000
87  3.782000e+000
88  2.370000e+001
89  8.943000e+000
90  1.630000e+000
91  4.271000e-001
92  1.872000e-001
93  1.281000e-001
94  2.347000e-001
95  2.288000e+000
96  2.470000e+000
97  2.140000e+000
98  2.240000e+000
99  2.533000e+001
100  3.542000e+001
101  1.768000e+001
102  2.872000e+000
103  7.763000e-001
104  4.454000e-001
105  2.917000e-001
106  2.399000e-001
107  1.123000e+000
108  5.009000e+000
   136 
1  1.279000e+001
2  1.241000e+001
3  2.069000e+001
4  3.069000e+001
5  2.972000e+001
6  2.870000e+001
7  2.704000e+001
9  1.495000e+001
10  1.240000e+001
11  1.172000e+001
12  1.133000e+001
13  1.322000e+001
14  1.301000e+001
15  1.800000e+001
16  2.519000e+001
17  2.560000e+001
18  2.789000e+001
19  2.201000e+001
22  1.148000e+001
23  1.103000e+001
24  1.080000e+001
25  1.053000e+001
26  1.405000e+001
27  1.642000e+001
28  2.523000e+001
29  2.581000e+001
30  2.201000e+001
31  1.615000e+001
32  1.372000e+001
33  1.153000e+001
34  9.637000e+000
35  8.067000e+000
36  6.727000e+000
37  5.620000e+000
38  5.544000e+000
39  8.353000e+000
40  2.021000e+001
41  2.388000e+001
42  2.347000e+001
43  1.700000e+001
44  1.397000e+001
45  1.231000e+001
46  1.049000e+001
47  8.899000e+000
48  7.805000e+000
49  6.988000e+000
50  7.054000e+000
51  7.425000e+000
52  1.620000e+001
53  2.049000e+001
54  1.680000e+001
55  1.352000e+001
56  1.204000e+001
57  1.036000e+001
58  8.850000e+000
59  7.721000e+000
60  6.675000e+000
61  6.707000e+000
62  7.240000e+000
63  1.120000e+001
64  1.649000e+001
65  1.206000e+001
66  1.118000e+001
67  9.913000e+000
68  8.595000e+000
69  7.475000e+000
70  6.433000e+000
71  5.460000e+000
72  4.659000e+000
77  6.490000e+000
78  6.308000e+000
79  5.750000e+000
80  5.216000e+000
81  4.691000e+000
82  4.136000e+000
83  3.635000e+000
84  3.253000e+000
85  2.932000e+000
86  2.657000e+000
87  2.458000e+000
88  3.461000e+000
89  5.501000e+000
90  5.788000e+000
91  5.412000e+000
92  4.985000e+000
93  4.579000e+000
94  4.123000e+000
95  3.694000e+000
96  3.362000e+000
97  3.106000e+000
98  3.058000e+000
99  4.888000e+000
100  1.287000e+001
101  1.381000e+001
102  1.072000e+001
103  1.007000e+001
104  8.939000e+000
105  7.849000e+000
106  6.851000e+000
107  5.898000e+000
108  5.135000e+000
   137 
1  7.174000e+000
2  6.490000e+000
3  3.104000e+001
4  7.100000e+001
5  4.899000e+001
6  1.078000e+001
7  6.838000e+000
9  9.256000e-001
10  9.253000e-001
11  1.689000e+001
12  8.037000e+000
13  1.521000e+001
14  9.522000e+000
15  3.064000e+001
16  6.421000e+001
17  3.156000e+001
18  1.602000e+001
19  3.183000e+000
22  1.133000e+000
23  1.769000e+001
24  1.151000e+001
25  9.785000e+000
26  1.577000e+001
27  2.340000e+001
28  6.186000e+001
29  2.093000e+001
30  6.841000e+000
31  2.442000e+000
32  1.154000e+000
33  6.006000e-001
34  3.677000e-001
35  3.061000e+000
36  1.234000e+000
37  3.714000e+000
38  8.008000e+000
39  1.629000e+001
40  5.648000e+001
41  4.439000e+001
42  1.425000e+001
43  4.837000e+000
44  1.706000e+000
45  8.000000e-001
46  6.001000e-001
47  1.795000e+000
48  6.777000e+000
49  8.834000e+000
50  5.782000e+000
51  8.457000e+000
52  3.472000e+001
53  4.110000e+001
54  8.907000e+000
55  3.946000e+000
56  1.841000e+000
57  8.618000e-001
58  3.925000e-001
59  4.937000e+000
60  2.781000e+000
61  9.135000e+000
62  1.570000e+001
63  1.653000e+001
64  3.128000e+001
65  9.184000e+000
66  3.679000e+000
67  1.461000e+000
68  9.051000e-001
69  5.093000e-001
70  2.706000e-001
71  2.113000e-001
72  2.327000e-001
77  9.201000e+000
78  2.396000e+000
79  1.069000e+000
80  4.859000e-001
81  2.274000e-001
82  1.252000e-001
83  1.911000e+000
84  1.786000e+000
85  1.379000e+000
86  1.967000e+000
87  5.067000e+000
88  2.133000e+001
89  1.052000e+001
90  2.476000e+000
91  1.108000e+000
92  4.965000e-001
93  2.300000e-001
94  1.275000e+000
95  3.270000e+000
96  3.250000e+000
97  1.982000e+000
98  3.417000e+000
99  2.252000e+001
100  3.201000e+001
101  1.833000e+001
102  4.718000e+000
103  1.751000e+000
104  1.011000e+000
105  4.838000e-001
106  2.525000e-001
107  2.091000e+000
108  6.899000e+000
   138 
1  1.085000e+001
2  1.070000e+001
3  1.765000e+001
4  2.844000e+001
5  3.161000e+001
6  3.130000e+001
7  2.832000e+001
9  1.505000e+001
10  1.137000e+001
11  9.086000e+000
12  8.368000e+000
13  9.683000e+000
14  1.142000e+001
15  1.623000e+001
16  2.472000e+001
17  2.679000e+001
18  2.935000e+001
19  2.262000e+001
22  1.008000e+001
23  8.186000e+000
24  8.211000e+000
25  8.233000e+000
26  1.064000e+001
27  1.455000e+001
28  2.506000e+001
29  2.741000e+001
30  2.206000e+001
31  1.756000e+001
32  1.393000e+001
33  1.090000e+001
34  8.372000e+000
35  6.479000e+000
36  5.074000e+000
37  3.951000e+000
38  3.375000e+000
39  5.068000e+000
40  1.911000e+001
41  2.381000e+001
42  2.448000e+001
43  1.896000e+001
44  1.579000e+001
45  1.258000e+001
46  9.846000e+000
47  7.596000e+000
48  5.972000e+000
49  4.833000e+000
50  4.521000e+000
51  5.268000e+000
52  1.336000e+001
53  2.072000e+001
54  1.776000e+001
55  1.552000e+001
56  1.281000e+001
57  1.032000e+001
58  8.107000e+000
59  6.371000e+000
60  5.114000e+000
61  4.366000e+000
62  4.486000e+000
63  7.635000e+000
64  1.531000e+001
65  1.373000e+001
66  1.262000e+001
67  1.067000e+001
68  8.855000e+000
69  7.151000e+000
70  5.770000e+000
71  4.610000e+000
72  3.604000e+000
77  5.873000e+000
78  6.079000e+000
79  5.735000e+000
80  5.149000e+000
81  4.412000e+000
82  3.796000e+000
83  3.201000e+000
84  2.682000e+000
85  2.320000e+000
86  2.114000e+000
87  2.014000e+000
88  2.382000e+000
89  4.875000e+000
90  5.766000e+000
91  5.573000e+000
92  5.161000e+000
93  4.513000e+000
94  3.923000e+000
95  3.356000e+000
96  2.842000e+000
97  2.488000e+000
98  2.375000e+000
99  3.300000e+000
100  9.588000e+000
101  1.395000e+001
102  1.348000e+001
103  1.168000e+001
104  9.727000e+000
105  7.924000e+000
106  6.303000e+000
107  5.060000e+000
108  4.069000e+000
   139 
1  9.763000e+000
2  8.664000e+000
3  2.594000e+001
4  6.262000e+001
5  4.046000e+001
6  1.758000e+001
7  1.110000e+001
9  5.260000e+000
10  4.107000e+000
11  1.363000e+001
12  8.447000e+000
13  1.379000e+001
14  9.486000e+000
15  2.582000e+001
16  5.193000e+001
17  2.931000e+001
18  2.062000e+001
19  9.797000e+000
22  3.684000e+000
23  1.435000e+001
24  1.057000e+001
25  1.012000e+001
26  1.367000e+001
27  1.868000e+001
28  4.842000e+001
29  2.395000e+001
30  1.175000e+001
31  8.226000e+000
32  5.800000e+000
33  4.048000e+000
34  2.880000e+000
35  3.125000e+000
36  2.437000e+000
37  3.035000e+000
38  6.211000e+000
39  1.242000e+001
40  4.547000e+001
41  3.492000e+001
42  1.877000e+001
43  1.075000e+001
44  7.325000e+000
45  5.097000e+000
46  3.676000e+000
47  3.175000e+000
48  5.687000e+000
49  6.773000e+000
50  7.412000e+000
51  7.600000e+000
52  3.220000e+001
53  2.565000e+001
54  1.228000e+001
55  9.319000e+000
56  6.561000e+000
57  4.560000e+000
58  3.185000e+000
59  4.327000e+000
60  3.540000e+000
61  9.088000e+000
62  1.154000e+001
63  1.539000e+001
64  2.241000e+001
65  1.095000e+001
66  7.645000e+000
67  5.243000e+000
68  3.705000e+000
69  2.589000e+000
70  1.816000e+000
71  1.446000e+000
72  1.104000e+000
77  8.958000e+000
78  5.042000e+000
79  3.268000e+000
80  2.237000e+000
81  1.588000e+000
82  1.306000e+000
83  1.305000e+000
84  1.545000e+000
85  1.630000e+000
86  1.758000e+000
87  3.084000e+000
88  1.404000e+001
89  1.039000e+001
90  5.198000e+000
91  3.324000e+000
92  2.248000e+000
93  1.585000e+000
94  1.674000e+000
95  2.277000e+000
96  2.702000e+000
97  2.343000e+000
98  2.888000e+000
99  1.407000e+001
100  2.520000e+001
101  1.812000e+001
102  8.873000e+000
103  6.022000e+000
104  4.162000e+000
105  2.876000e+000
106  1.954000e+000
107  2.185000e+000
108  5.340000e+000
   140 
1  3.034000e+000
2  7.080000e+000
3  4.625000e+001
4  9.083000e+001
5  2.971000e+001
6  2.543000e+000
7  1.618000e+000
9  6.254000e-001
10  6.673000e-001
11  1.609000e+001
12  5.278000e+000
13  1.895000e+001
14  1.211000e+001
15  4.479000e+001
16  7.794000e+001
17  8.603000e+000
18  6.214000e+000
19  6.755000e-001
22  1.038000e+000
23  1.657000e+001
24  1.063000e+001
25  1.060000e+001
26  2.161000e+001
27  3.865000e+001
28  5.909000e+001
29  9.159000e+000
30  1.266000e+000
31  5.637000e-001
32  3.953000e-001
33  3.277000e-001
34  2.787000e-001
35  1.573000e+000
36  1.747000e-001
37  3.549000e+000
38  6.300000e+000
39  2.721000e+001
40  7.810000e+001
41  2.877000e+001
42  3.020000e+000
43  8.336000e-001
44  4.753000e-001
45  3.466000e-001
46  4.676000e-001
47  1.394000e+000
48  7.147000e+000
49  5.660000e+000
50  4.975000e+000
51  9.809000e+000
52  6.755000e+001
53  1.998000e+001
54  1.097000e+000
55  8.676000e-001
56  5.820000e-001
57  2.774000e-001
58  3.527000e-001
59  4.317000e+000
60  2.471000e+000
61  1.010000e+001
62  1.299000e+001
63  2.455000e+001
64  3.410000e+001
65  2.384000e+000
66  5.525000e-001
67  4.229000e-001
68  2.886000e-001
69  1.784000e-001
70  1.165000e-001
71  1.370000e-001
72  2.557000e-001
77  4.229000e+000
78  2.949000e-001
79  1.584000e-001
80  1.119000e-001
81  8.065000e-002
82  3.556000e-001
83  1.590000e+000
84  1.389000e+000
85  1.723000e+000
86  1.992000e+000
87  6.554000e+000
88  2.345000e+001
89  5.945000e+000
90  3.045000e-001
91  1.563000e-001
92  1.091000e-001
93  7.926000e-002
94  1.472000e+000
95  2.615000e+000
96  2.957000e+000
97  5.375000e-001
98  5.035000e+000
99  3.113000e+001
100  3.303000e+001
101  1.247000e+001
102  6.084000e-001
103  3.910000e-001
104  3.069000e-001
105  1.788000e-001
106  3.248000e-001
107  3.330000e+000
108  5.832000e+000
   141 
1  1.017000e+001
2  8.822000e+000
3  2.309000e+001
4  4.857000e+001
5  4.385000e+001
6  3.371000e+001
7  1.818000e+001
9  4.198000e+000
10  2.396000e+000
11  5.029000e+000
12  7.463000e+000
13  1.280000e+001
14  1.251000e+001
15  1.988000e+001
16  3.941000e+001
17  3.956000e+001
18  3.104000e+001
19  1.354000e+001
22  2.059000e+000
23  4.834000e+000
24  9.350000e+000
25  9.744000e+000
26  1.517000e+001
27  1.872000e+001
28  3.695000e+001
29  3.458000e+001
30  2.134000e+001
31  9.480000e+000
32  4.908000e+000
33  2.766000e+000
34  1.707000e+000
35  1.348000e+000
36  1.147000e+000
37  1.029000e+000
38  2.838000e+000
39  1.057000e+001
40  2.863000e+001
41  3.961000e+001
42  3.399000e+001
43  1.653000e+001
44  7.865000e+000
45  4.135000e+000
46  2.337000e+000
47  1.528000e+000
48  1.616000e+000
49  3.986000e+000
50  5.021000e+000
51  6.897000e+000
52  2.062000e+001
53  3.204000e+001
54  2.584000e+001
55  1.155000e+001
56  5.981000e+000
57  3.293000e+000
58  1.949000e+000
59  1.487000e+000
60  1.644000e+000
61  4.650000e+000
62  8.475000e+000
63  1.453000e+001
64  2.335000e+001
65  1.869000e+001
66  9.385000e+000
67  5.303000e+000
68  3.045000e+000
69  1.848000e+000
70  1.333000e+000
71  1.086000e+000
72  8.231000e-001
77  1.054000e+001
78  6.259000e+000
79  3.776000e+000
80  2.309000e+000
81  1.512000e+000
82  1.199000e+000
83  9.628000e-001
84  7.504000e-001
85  6.995000e-001
86  8.262000e-001
87  1.625000e+000
88  1.082000e+001
89  1.196000e+001
90  6.914000e+000
91  4.153000e+000
92  2.490000e+000
93  1.598000e+000
94  1.232000e+000
95  1.048000e+000
96  1.028000e+000
97  1.670000e+000
98  2.120000e+000
99  1.059000e+001
100  2.100000e+001
101  2.426000e+001
102  1.352000e+001
103  7.208000e+000
104  3.944000e+000
105  2.304000e+000
106  1.491000e+000
107  1.196000e+000
108  1.343000e+000
   142 
1  5.576000e+000
2  6.973000e+000
3  3.356000e+001
4  6.930000e+001
5  3.667000e+001
6  1.521000e+001
7  8.750000e+000
9  3.077000e+000
10  2.782000e+000
11  1.872000e+001
12  6.263000e+000
13  1.526000e+001
14  8.768000e+000
15  3.125000e+001
16  6.250000e+001
17  2.172000e+001
18  1.865000e+001
19  6.678000e+000
22  3.095000e+000
23  2.006000e+001
24  9.105000e+000
25  9.863000e+000
26  1.501000e+001
27  2.279000e+001
28  5.452000e+001
29  1.979000e+001
30  9.101000e+000
31  5.486000e+000
32  3.245000e+000
33  1.997000e+000
34  1.331000e+000
35  4.036000e+000
36  9.085000e-001
37  4.494000e+000
38  7.698000e+000
39  1.664000e+001
40  5.291000e+001
41  3.722000e+001
42  1.451000e+001
43  8.064000e+000
44  4.428000e+000
45  2.660000e+000
46  2.062000e+000
47  2.995000e+000
48  8.245000e+000
49  7.587000e+000
50  6.735000e+000
51  7.844000e+000
52  4.031000e+001
53  2.563000e+001
54  1.045000e+001
55  7.069000e+000
56  4.038000e+000
57  2.211000e+000
58  1.468000e+000
59  6.443000e+000
60  2.538000e+000
61  1.254000e+001
62  1.373000e+001
63  1.702000e+001
64  2.473000e+001
65  8.927000e+000
66  4.862000e+000
67  3.069000e+000
68  1.829000e+000
69  1.198000e+000
70  6.735000e-001
71  5.159000e-001
72  4.938000e-001
77  7.380000e+000
78  2.733000e+000
79  1.617000e+000
80  1.038000e+000
81  6.417000e-001
82  6.785000e-001
83  2.600000e+000
84  1.364000e+000
85  1.445000e+000
86  2.295000e+000
87  5.901000e+000
88  1.863000e+001
89  8.866000e+000
90  2.706000e+000
91  1.607000e+000
92  1.023000e+000
93  6.303000e-001
94  2.640000e+000
95  2.897000e+000
96  2.974000e+000
97  1.326000e+000
98  4.971000e+000
99  2.121000e+001
100  2.885000e+001
101  1.621000e+001
102  5.773000e+000
103  3.548000e+000
104  2.138000e+000
105  1.265000e+000
106  9.937000e-001
107  3.681000e+000
108  7.860000e+000
   143 
1  5.402000e+000
2  7.165000e+000
3  3.567000e+001
4  7.596000e+001
5  4.220000e+001
6  1.352000e+001
7  6.664000e+000
9  1.410000e+000
10  1.845000e+000
11  1.917000e+001
12  6.645000e+000
13  1.710000e+001
14  1.040000e+001
15  3.389000e+001
16  7.054000e+001
17  2.325000e+001
18  1.742000e+001
19  3.867000e+000
22  2.356000e+000
23  1.980000e+001
24  1.010000e+001
25  1.074000e+001
26  1.752000e+001
27  2.684000e+001
28  6.014000e+001
29  2.100000e+001
30  7.512000e+000
31  3.183000e+000
32  1.432000e+000
33  7.392000e-001
34  4.425000e-001
35  3.623000e+000
36  2.623000e-001
37  4.984000e+000
38  8.196000e+000
39  1.965000e+001
40  6.020000e+001
41  4.179000e+001
42  1.414000e+001
43  5.846000e+000
44  2.200000e+000
45  1.046000e+000
46  1.041000e+000
47  2.468000e+000
48  8.310000e+000
49  8.121000e+000
50  6.875000e+000
51  8.646000e+000
52  4.559000e+001
53  3.170000e+001
54  9.758000e+000
55  4.898000e+000
56  2.130000e+000
57  8.263000e-001
58  5.744000e-001
59  6.574000e+000
60  2.415000e+000
61  1.307000e+001
62  1.449000e+001
63  1.837000e+001
64  3.012000e+001
65  9.551000e+000
66  3.574000e+000
67  1.916000e+000
68  8.874000e-001
69  4.161000e-001
70  1.965000e-001
71  2.874000e-001
72  5.382000e-001
77  8.475000e+000
78  2.292000e+000
79  1.001000e+000
80  4.439000e-001
81  2.173000e-001
82  6.949000e-001
83  2.500000e+000
84  1.323000e+000
85  1.621000e+000
86  2.416000e+000
87  6.869000e+000
88  2.019000e+001
89  9.970000e+000
90  2.503000e+000
91  1.072000e+000
92  4.697000e-001
93  2.276000e-001
94  3.067000e+000
95  2.467000e+000
96  3.002000e+000
97  1.009000e+000
98  5.821000e+000
99  2.400000e+001
100  3.333000e+001
101  1.844000e+001
102  5.377000e+000
103  2.475000e+000
104  1.092000e+000
105  4.834000e-001
106  5.421000e-001
107  4.280000e+000
108  6.868000e+000
   144 
1  1.176000e+001
2  1.133000e+001
3  2.140000e+001
4  5.265000e+001
5  5.647000e+001
6  2.893000e+001
7  1.345000e+001
9  3.666000e+000
10  2.576000e+000
11  2.897000e+000
12  6.472000e+000
13  1.203000e+001
14  1.351000e+001
15  2.175000e+001
16  4.461000e+001
17  4.765000e+001
18  2.347000e+001
19  1.179000e+001
22  2.396000e+000
23  2.178000e+000
24  8.406000e+000
25  1.034000e+001
26  1.379000e+001
27  2.021000e+001
28  4.675000e+001
29  3.364000e+001
30  1.763000e+001
31  9.369000e+000
32  4.904000e+000
33  2.956000e+000
34  2.176000e+000
35  1.527000e+000
36  1.170000e+000
37  8.790000e-001
38  1.059000e+000
39  6.611000e+000
40  3.906000e+001
41  4.663000e+001
42  2.748000e+001
43  1.415000e+001
44  7.368000e+000
45  3.889000e+000
46  2.624000e+000
47  1.818000e+000
48  1.334000e+000
49  1.610000e+000
50  4.452000e+000
51  6.590000e+000
52  2.296000e+001
53  4.016000e+001
54  2.102000e+001
55  1.121000e+001
56  5.782000e+000
57  3.244000e+000
58  2.358000e+000
59  1.631000e+000
60  1.297000e+000
61  2.128000e+000
62  6.590000e+000
63  1.129000e+001
64  2.944000e+001
65  1.900000e+001
66  1.134000e+001
67  6.205000e+000
68  3.380000e+000
69  2.411000e+000
70  1.648000e+000
71  1.227000e+000
72  8.471000e-001
77  1.177000e+001
78  7.602000e+000
79  4.588000e+000
80  2.885000e+000
81  2.166000e+000
82  1.515000e+000
83  1.122000e+000
84  7.609000e-001
85  5.692000e-001
86  6.738000e-001
87  1.036000e+000
88  6.221000e+000
89  1.348000e+001
90  8.780000e+000
91  5.210000e+000
92  3.110000e+000
93  2.297000e+000
94  1.586000e+000
95  1.185000e+000
96  8.622000e-001
97  9.833000e-001
98  1.613000e+000
99  6.108000e+000
100  2.583000e+001
101  2.418000e+001
102  1.477000e+001
103  8.184000e+000
104  4.271000e+000
105  2.711000e+000
106  1.943000e+000
107  1.384000e+000
108  1.013000e+000
   145 
1  7.735000e+000
2  6.786000e+000
3  3.254000e+001
4  7.814000e+001
5  4.703000e+001
6  9.310000e+000
7  5.125000e+000
9  7.134000e-001
10  5.401000e-001
11  1.463000e+001
12  7.766000e+000
13  1.588000e+001
14  1.057000e+001
15  3.321000e+001
16  6.801000e+001
17  2.953000e+001
18  1.331000e+001
19  2.687000e+000
22  5.610000e-001
23  1.515000e+001
24  1.142000e+001
25  1.032000e+001
26  1.639000e+001
27  2.729000e+001
28  6.334000e+001
29  1.901000e+001
30  5.835000e+000
31  1.982000e+000
32  9.402000e-001
33  5.048000e-001
34  3.004000e-001
35  1.637000e+000
36  1.225000e+000
37  2.747000e+000
38  7.655000e+000
39  1.739000e+001
40  6.299000e+001
41  4.204000e+001
42  1.270000e+001
43  3.959000e+000
44  1.393000e+000
45  6.578000e-001
46  4.233000e-001
47  8.187000e-001
48  5.864000e+000
49  7.992000e+000
50  5.947000e+000
51  8.162000e+000
52  4.142000e+001
53  3.983000e+001
54  7.596000e+000
55  2.950000e+000
56  1.350000e+000
57  7.379000e-001
58  3.752000e-001
59  3.380000e+000
60  2.845000e+000
61  9.595000e+000
62  1.476000e+001
63  1.723000e+001
64  3.331000e+001
65  8.923000e+000
66  3.230000e+000
67  1.202000e+000
68  6.697000e-001
69  4.238000e-001
70  2.658000e-001
71  1.683000e-001
72  1.398000e-001
77  8.661000e+000
78  2.387000e+000
79  1.018000e+000
80  4.723000e-001
81  2.138000e-001
82  1.110000e-001
83  1.019000e+000
84  1.465000e+000
85  1.267000e+000
86  2.082000e+000
87  4.554000e+000
88  2.145000e+001
89  1.020000e+001
90  2.482000e+000
91  1.059000e+000
92  4.863000e-001
93  2.158000e-001
94  5.918000e-001
95  2.539000e+000
96  2.692000e+000
97  1.967000e+000
98  3.308000e+000
99  2.325000e+001
100  3.313000e+001
101  1.808000e+001
102  4.768000e+000
103  1.574000e+000
104  7.892000e-001
105  4.647000e-001
106  2.283000e-001
107  1.196000e+000
108  6.077000e+000
   146 
1  7.752000e+000
2  7.181000e+000
3  3.596000e+001
4  8.153000e+001
5  4.639000e+001
6  5.113000e+000
7  2.189000e+000
9  5.852000e-001
10  5.748000e-001
11  1.163000e+001
12  7.693000e+000
13  1.749000e+001
14  1.194000e+001
15  3.329000e+001
16  6.872000e+001
17  3.048000e+001
18  6.578000e+000
19  1.700000e+000
22  5.300000e-001
23  1.060000e+001
24  1.419000e+001
25  1.055000e+001
26  1.865000e+001
27  2.743000e+001
28  6.577000e+001
29  1.501000e+001
30  4.620000e+000
31  1.194000e+000
32  5.917000e-001
33  4.221000e-001
34  3.399000e-001
35  8.610000e-001
36  6.935000e-001
37  2.065000e+000
38  5.063000e+000
39  2.006000e+001
40  6.812000e+001
41  3.880000e+001
42  1.083000e+001
43  2.056000e+000
44  8.168000e-001
45  4.846000e-001
46  3.806000e-001
47  8.472000e-001
48  4.732000e+000
49  6.153000e+000
50  3.491000e+000
51  8.770000e+000
52  4.384000e+001
53  4.467000e+001
54  3.437000e+000
55  1.147000e+000
56  8.206000e-001
57  4.800000e-001
58  2.907000e-001
59  2.618000e+000
60  2.678000e+000
61  5.521000e+000
62  1.268000e+001
63  1.855000e+001
64  4.178000e+001
65  5.407000e+000
66  1.827000e+000
67  6.165000e-001
68  4.305000e-001
69  3.042000e-001
70  1.847000e-001
71  1.303000e-001
72  1.829000e-001
77  7.464000e+000
78  1.384000e+000
79  3.643000e-001
80  1.760000e-001
81  1.211000e-001
82  9.740000e-002
83  6.866000e-001
84  1.565000e+000
85  1.685000e+000
86  1.539000e+000
87  3.642000e+000
88  2.308000e+001
89  8.759000e+000
90  1.620000e+000
91  4.044000e-001
92  1.781000e-001
93  1.207000e-001
94  2.379000e-001
95  2.158000e+000
96  2.396000e+000
97  2.111000e+000
98  1.963000e+000
99  2.471000e+001
100  3.463000e+001
101  1.753000e+001
102  2.918000e+000
103  7.633000e-001
104  4.425000e-001
105  2.801000e-001
106  2.414000e-001
107  9.623000e-001
108  5.005000e+000
   147 
1  1.144000e+001
2  1.090000e+001
3  1.748000e+001
4  3.328000e+001
5  4.069000e+001
6  3.706000e+001
7  2.941000e+001
9  7.371000e+000
10  4.425000e+000
11  4.167000e+000
12  6.955000e+000
13  9.590000e+000
14  1.153000e+001
15  1.395000e+001
16  2.790000e+001
17  3.671000e+001
18  3.701000e+001
19  2.267000e+001
22  3.849000e+000
23  3.340000e+000
24  7.756000e+000
25  9.485000e+000
26  1.224000e+001
27  1.349000e+001
28  2.810000e+001
29  3.534000e+001
30  2.653000e+001
31  1.523000e+001
32  8.742000e+000
33  5.300000e+000
34  3.448000e+000
35  2.579000e+000
36  1.834000e+000
37  1.509000e+000
38  1.612000e+000
39  4.488000e+000
40  1.899000e+001
41  3.278000e+001
42  3.714000e+001
43  2.294000e+001
44  1.248000e+001
45  7.303000e+000
46  4.403000e+000
47  3.102000e+000
48  2.282000e+000
49  2.411000e+000
50  4.550000e+000
51  5.639000e+000
52  1.134000e+001
53  2.543000e+001
54  2.839000e+001
55  1.729000e+001
56  9.895000e+000
57  5.989000e+000
58  3.712000e+000
59  2.746000e+000
60  2.112000e+000
61  2.531000e+000
62  6.381000e+000
63  9.732000e+000
64  1.710000e+001
65  2.000000e+001
66  1.399000e+001
67  8.719000e+000
68  5.320000e+000
69  3.450000e+000
70  2.533000e+000
71  1.717000e+000
72  1.267000e+000
77  1.013000e+001
78  8.121000e+000
79  5.474000e+000
80  3.577000e+000
81  2.674000e+000
82  1.919000e+000
83  1.428000e+000
84  1.055000e+000
85  8.890000e-001
86  9.722000e-001
87  1.218000e+000
88  3.386000e+000
89  9.772000e+000
90  9.528000e+000
91  6.106000e+000
92  3.861000e+000
93  2.784000e+000
94  2.004000e+000
95  1.479000e+000
96  1.237000e+000
97  1.409000e+000
98  1.796000e+000
99  3.279000e+000
100  1.394000e+001
101  2.147000e+001
102  1.845000e+001
103  1.152000e+001
104  6.825000e+000
105  4.125000e+000
106  2.915000e+000
107  2.088000e+000
108  1.546000e+000
   148 
1  1.152000e+001
2  1.085000e+001
3  1.868000e+001
4  3.040000e+001
5  3.369000e+001
6  3.199000e+001
7  2.942000e+001
9  1.157000e+001
10  8.083000e+000
11  7.659000e+000
12  8.910000e+000
13  1.043000e+001
14  1.109000e+001
15  1.411000e+001
16  2.328000e+001
17  3.002000e+001
18  3.205000e+001
19  2.536000e+001
22  7.376000e+000
23  7.137000e+000
24  9.105000e+000
25  9.449000e+000
26  1.206000e+001
27  1.318000e+001
28  2.432000e+001
29  2.831000e+001
30  2.620000e+001
31  1.640000e+001
32  1.159000e+001
33  8.423000e+000
34  6.158000e+000
35  4.634000e+000
36  3.642000e+000
37  2.866000e+000
38  3.330000e+000
39  5.141000e+000
40  1.717000e+001
41  2.707000e+001
42  2.865000e+001
43  2.328000e+001
44  1.451000e+001
45  1.047000e+001
46  7.632000e+000
47  5.606000e+000
48  4.456000e+000
49  4.643000e+000
50  5.266000e+000
51  6.242000e+000
52  1.180000e+001
53  2.127000e+001
54  2.265000e+001
55  1.546000e+001
56  1.156000e+001
57  8.646000e+000
58  6.418000e+000
59  4.844000e+000
60  4.081000e+000
61  4.420000e+000
62  7.722000e+000
63  1.006000e+001
64  1.616000e+001
65  1.525000e+001
66  1.200000e+001
67  9.337000e+000
68  7.161000e+000
69  5.378000e+000
70  4.080000e+000
71  2.978000e+000
72  2.219000e+000
77  8.469000e+000
78  7.085000e+000
79  5.459000e+000
80  4.271000e+000
81  3.277000e+000
82  2.588000e+000
83  2.031000e+000
84  1.733000e+000
85  1.617000e+000
86  1.542000e+000
87  1.532000e+000
88  3.674000e+000
89  7.972000e+000
90  7.812000e+000
91  5.784000e+000
92  4.460000e+000
93  3.423000e+000
94  2.709000e+000
95  2.221000e+000
96  2.052000e+000
97  2.033000e+000
98  2.086000e+000
99  3.830000e+000
100  1.259000e+001
101  1.704000e+001
102  1.473000e+001
103  1.120000e+001
104  8.540000e+000
105  6.464000e+000
106  4.770000e+000
107  3.593000e+000
108  2.901000e+000
   149 
1  1.071000e+001
2  1.060000e+001
3  2.096000e+001
4  4.809000e+001
5  5.126000e+001
6  3.583000e+001
7  1.555000e+001
9  4.083000e+000
10  2.627000e+000
11  2.930000e+000
12  5.631000e+000
13  1.094000e+001
14  1.298000e+001
15  2.148000e+001
16  4.035000e+001
17  4.698000e+001
18  2.652000e+001
19  1.280000e+001
22  2.427000e+000
23  2.381000e+000
24  7.448000e+000
25  9.674000e+000
26  1.312000e+001
27  1.967000e+001
28  4.184000e+001
29  3.699000e+001
30  1.823000e+001
31  9.799000e+000
32  5.243000e+000
33  3.033000e+000
34  2.259000e+000
35  1.653000e+000
36  1.255000e+000
37  9.827000e-001
38  1.098000e+000
39  6.043000e+000
40  3.476000e+001
41  4.301000e+001
42  3.120000e+001
43  1.503000e+001
44  7.842000e+000
45  4.218000e+000
46  2.668000e+000
47  2.002000e+000
48  1.413000e+000
49  1.443000e+000
50  3.910000e+000
51  6.055000e+000
52  2.179000e+001
53  3.795000e+001
54  2.183000e+001
55  1.168000e+001
56  6.184000e+000
57  3.435000e+000
58  2.399000e+000
59  1.806000e+000
60  1.349000e+000
61  1.934000e+000
62  6.175000e+000
63  1.130000e+001
64  2.776000e+001
65  1.826000e+001
66  1.124000e+001
67  6.379000e+000
68  3.531000e+000
69  2.419000e+000
70  1.785000e+000
71  1.292000e+000
72  9.789000e-001
77  1.130000e+001
78  7.394000e+000
79  4.588000e+000
80  2.872000e+000
81  2.201000e+000
82  1.609000e+000
83  1.223000e+000
84  9.019000e-001
85  6.451000e-001
86  5.789000e-001
87  7.788000e-001
88  5.064000e+000
89  1.282000e+001
90  8.628000e+000
91  5.204000e+000
92  3.151000e+000
93  2.297000e+000
94  1.705000e+000
95  1.270000e+000
96  9.872000e-001
97  9.085000e-001
98  1.275000e+000
99  5.511000e+000
100  2.389000e+001
101  2.389000e+001
102  1.447000e+001
103  8.323000e+000
104  4.532000e+000
105  2.733000e+000
106  2.070000e+000
107  1.464000e+000
108  1.148000e+000
   150 
1  1.055000e+001
2  8.872000e+000
3  2.973000e+001
4  6.770000e+001
5  5.560000e+001
6  1.346000e+001
7  5.799000e+000
9  1.066000e+000
10  7.457000e-001
11  1.016000e+001
12  8.048000e+000
13  1.641000e+001
14  1.219000e+001
15  2.696000e+001
16  5.934000e+001
17  4.145000e+001
18  1.381000e+001
19  4.256000e+000
22  6.207000e-001
23  9.170000e+000
24  1.297000e+001
25  1.187000e+001
26  1.570000e+001
27  2.286000e+001
28  5.803000e+001
29  2.674000e+001
30  9.062000e+000
31  3.313000e+000
32  1.501000e+000
33  8.162000e-001
34  5.050000e-001
35  6.156000e-001
36  9.256000e-001
37  1.321000e+000
38  6.234000e+000
39  1.445000e+001
40  5.300000e+001
41  4.927000e+001
42  1.791000e+001
43  5.918000e+000
44  2.203000e+000
45  1.087000e+000
46  6.395000e-001
47  5.551000e-001
48  3.595000e+000
49  6.402000e+000
50  5.347000e+000
51  8.188000e+000
52  3.258000e+001
53  4.668000e+001
54  1.129000e+001
55  4.206000e+000
56  1.806000e+000
57  9.529000e-001
58  5.249000e-001
59  1.820000e+000
60  2.762000e+000
61  7.151000e+000
62  1.338000e+001
63  1.454000e+001
64  3.535000e+001
65  1.257000e+001
66  4.813000e+000
67  1.827000e+000
68  9.413000e-001
69  5.297000e-001
70  3.164000e-001
71  1.862000e-001
72  1.421000e-001
77  9.764000e+000
78  3.414000e+000
79  1.452000e+000
80  7.040000e-001
81  3.405000e-001
82  1.821000e-001
83  3.322000e-001
84  1.226000e+000
85  1.407000e+000
86  1.913000e+000
87  2.807000e+000
88  1.874000e+001
89  1.190000e+001
90  3.833000e+000
91  1.588000e+000
92  7.511000e-001
93  3.572000e-001
94  2.151000e-001
95  1.399000e+000
96  2.194000e+000
97  2.038000e+000
98  2.460000e+000
99  1.882000e+001
100  3.253000e+001
101  2.113000e+001
102  7.533000e+000
103  2.675000e+000
104  1.255000e+000
105  6.628000e-001
106  3.577000e-001
107  5.210000e-001
108  4.163000e+000
   151 
1  9.883000e+000
2  1.006000e+001
3  2.467000e+001
4  4.895000e+001
5  4.509000e+001
6  2.370000e+001
7  1.562000e+001
9  6.136000e+000
10  3.862000e+000
11  1.131000e+001
12  6.566000e+000
13  1.209000e+001
14  1.008000e+001
15  1.810000e+001
16  4.270000e+001
17  3.676000e+001
18  2.331000e+001
19  1.356000e+001
22  3.823000e+000
23  9.509000e+000
24  9.724000e+000
25  1.120000e+001
26  1.209000e+001
27  1.503000e+001
28  4.172000e+001
29  2.676000e+001
30  1.771000e+001
31  1.120000e+001
32  6.946000e+000
33  4.390000e+000
34  2.951000e+000
35  2.682000e+000
36  1.574000e+000
37  1.786000e+000
38  4.760000e+000
39  7.923000e+000
40  3.447000e+001
41  3.719000e+001
42  2.419000e+001
43  1.508000e+001
44  9.322000e+000
45  5.838000e+000
46  3.840000e+000
47  3.182000e+000
48  4.102000e+000
49  5.368000e+000
50  4.886000e+000
51  6.258000e+000
52  1.920000e+001
53  3.213000e+001
54  1.842000e+001
55  1.193000e+001
56  7.405000e+000
57  4.501000e+000
58  3.023000e+000
59  3.619000e+000
60  2.799000e+000
61  5.836000e+000
62  1.268000e+001
63  9.786000e+000
64  2.167000e+001
65  1.488000e+001
66  9.621000e+000
67  6.078000e+000
68  3.799000e+000
69  2.499000e+000
70  1.589000e+000
71  1.049000e+000
72  7.867000e-001
77  8.678000e+000
78  5.324000e+000
79  3.379000e+000
80  2.212000e+000
81  1.419000e+000
82  9.684000e-001
83  1.271000e+000
84  1.389000e+000
85  1.316000e+000
86  1.787000e+000
87  2.062000e+000
88  1.229000e+001
89  9.317000e+000
90  5.569000e+000
91  3.533000e+000
92  2.306000e+000
93  1.471000e+000
94  1.215000e+000
95  2.015000e+000
96  1.975000e+000
97  1.747000e+000
98  2.336000e+000
99  1.091000e+001
100  2.067000e+001
101  1.881000e+001
102  1.242000e+001
103  7.810000e+000
104  4.857000e+000
105  3.105000e+000
106  2.119000e+000
107  1.915000e+000
108  3.834000e+000
   152 
1  9.360000e+000
2  9.838000e+000
3  2.739000e+001
4  5.151000e+001
5  4.642000e+001
6  2.087000e+001
7  1.362000e+001
9  5.294000e+000
10  3.354000e+000
11  1.284000e+001
12  7.022000e+000
13  1.392000e+001
14  1.032000e+001
15  2.069000e+001
16  4.513000e+001
17  3.757000e+001
18  2.137000e+001
19  1.156000e+001
22  3.484000e+000
23  1.104000e+001
24  1.092000e+001
25  1.151000e+001
26  1.359000e+001
27  1.673000e+001
28  4.531000e+001
29  2.562000e+001
30  1.550000e+001
31  9.510000e+000
32  5.970000e+000
33  3.822000e+000
34  2.584000e+000
35  2.673000e+000
36  1.430000e+000
37  2.254000e+000
38  6.059000e+000
39  1.031000e+001
40  3.772000e+001
41  3.914000e+001
42  2.302000e+001
43  1.286000e+001
44  7.968000e+000
45  5.059000e+000
46  3.358000e+000
47  3.049000e+000
48  4.758000e+000
49  6.003000e+000
50  5.272000e+000
51  7.544000e+000
52  2.225000e+001
53  3.473000e+001
54  1.592000e+001
55  1.032000e+001
56  6.472000e+000
57  3.960000e+000
58  2.673000e+000
59  4.234000e+000
60  2.862000e+000
61  7.188000e+000
62  1.461000e+001
63  1.149000e+001
64  2.438000e+001
65  1.285000e+001
66  8.128000e+000
67  5.145000e+000
68  3.250000e+000
69  2.156000e+000
70  1.369000e+000
71  9.136000e-001
72  7.092000e-001
77  8.602000e+000
78  4.613000e+000
79  2.921000e+000
80  1.936000e+000
81  1.245000e+000
82  8.661000e-001
83  1.429000e+000
84  1.531000e+000
85  1.425000e+000
86  1.993000e+000
87  2.583000e+000
88  1.447000e+001
89  9.492000e+000
90  4.828000e+000
91  3.047000e+000
92  2.007000e+000
93  1.282000e+000
94  1.220000e+000
95  2.303000e+000
96  2.169000e+000
97  1.789000e+000
98  2.893000e+000
99  1.364000e+001
100  2.396000e+001
101  1.868000e+001
102  1.058000e+001
103  6.648000e+000
104  4.202000e+000
105  2.679000e+000
106  1.873000e+000
107  2.219000e+000
108  4.238000e+000
   153 
1  1.021000e+001
2  1.002000e+001
3  2.709000e+001
4  5.802000e+001
5  4.798000e+001
6  2.058000e+001
7  1.178000e+001
9  3.990000e+000
10  2.367000e+000
11  1.112000e+001
12  6.650000e+000
13  1.396000e+001
14  1.128000e+001
15  2.271000e+001
16  5.001000e+001
17  3.766000e+001
18  2.038000e+001
19  1.024000e+001
22  2.341000e+000
23  9.741000e+000
24  1.030000e+001
25  1.171000e+001
26  1.358000e+001
27  1.928000e+001
28  4.823000e+001
29  2.669000e+001
30  1.471000e+001
31  8.576000e+000
32  4.879000e+000
33  2.834000e+000
34  1.771000e+000
35  1.677000e+000
36  1.162000e+000
37  1.474000e+000
38  4.957000e+000
39  1.048000e+001
40  4.485000e+001
41  4.045000e+001
42  2.249000e+001
43  1.191000e+001
44  6.908000e+000
45  3.962000e+000
46  2.354000e+000
47  2.060000e+000
48  3.853000e+000
49  5.537000e+000
50  5.263000e+000
51  6.720000e+000
52  2.668000e+001
53  3.646000e+001
54  1.623000e+001
55  9.595000e+000
56  5.537000e+000
57  3.061000e+000
58  1.856000e+000
59  2.982000e+000
60  2.639000e+000
61  6.773000e+000
62  1.158000e+001
63  1.189000e+001
64  2.735000e+001
65  1.454000e+001
66  8.482000e+000
67  4.900000e+000
68  2.785000e+000
69  1.703000e+000
70  1.007000e+000
71  6.394000e-001
72  4.463000e-001
77  9.338000e+000
78  4.886000e+000
79  2.839000e+000
80  1.685000e+000
81  1.056000e+000
82  6.665000e-001
83  8.754000e-001
84  1.348000e+000
85  1.390000e+000
86  1.938000e+000
87  2.398000e+000
88  1.477000e+001
89  1.043000e+001
90  5.278000e+000
91  3.063000e+000
92  1.798000e+000
93  1.120000e+000
94  8.215000e-001
95  1.832000e+000
96  2.009000e+000
97  1.829000e+000
98  2.627000e+000
99  1.391000e+001
100  2.563000e+001
101  2.006000e+001
102  1.105000e+001
103  6.457000e+000
104  3.669000e+000
105  2.050000e+000
106  1.364000e+000
107  1.581000e+000
108  3.954000e+000
   154 
1  8.566000e+000
2  6.423000e+000
3  3.117000e+001
4  7.577000e+001
5  5.019000e+001
6  9.089000e+000
7  4.589000e+000
9  8.278000e-001
10  5.997000e-001
11  1.344000e+001
12  8.793000e+000
13  1.570000e+001
14  1.072000e+001
15  3.200000e+001
16  6.568000e+001
17  3.346000e+001
18  1.164000e+001
19  2.797000e+000
22  5.463000e-001
23  1.397000e+001
24  1.264000e+001
25  9.859000e+000
26  1.698000e+001
27  2.585000e+001
28  6.265000e+001
29  2.088000e+001
30  5.444000e+000
31  1.738000e+000
32  9.144000e-001
33  5.426000e-001
34  3.400000e-001
35  1.389000e+000
36  1.436000e+000
37  2.601000e+000
38  7.324000e+000
39  1.673000e+001
40  6.016000e+001
41  4.546000e+001
42  1.265000e+001
43  3.466000e+000
44  1.352000e+000
45  7.113000e-001
46  4.578000e-001
47  7.164000e-001
48  5.400000e+000
49  8.269000e+000
50  5.981000e+000
51  8.233000e+000
52  3.775000e+001
53  4.417000e+001
54  7.108000e+000
55  2.113000e+000
56  1.216000e+000
57  7.985000e-001
58  4.996000e-001
59  2.838000e+000
60  3.129000e+000
61  8.141000e+000
62  1.474000e+001
63  1.775000e+001
64  3.480000e+001
65  8.509000e+000
66  2.780000e+000
67  1.151000e+000
68  6.561000e-001
69  4.654000e-001
70  3.360000e-001
71  2.394000e-001
72  1.803000e-001
77  8.596000e+000
78  2.377000e+000
79  1.009000e+000
80  5.197000e-001
81  2.460000e-001
82  1.269000e-001
83  6.621000e-001
84  1.591000e+000
85  1.413000e+000
86  1.829000e+000
87  4.449000e+000
88  2.167000e+001
89  1.063000e+001
90  2.588000e+000
91  1.054000e+000
92  5.404000e-001
93  2.530000e-001
94  3.056000e-001
95  2.461000e+000
96  2.965000e+000
97  2.258000e+000
98  2.839000e+000
99  2.263000e+001
100  3.311000e+001
101  1.908000e+001
102  4.470000e+000
103  1.402000e+000
104  7.327000e-001
105  4.799000e-001
106  2.951000e-001
107  9.212000e-001
108  5.902000e+000
   155 
1  1.182000e+001
2  1.038000e+001
3  2.811000e+001
4  6.339000e+001
5  5.605000e+001
6  1.962000e+001
7  8.159000e+000
9  1.447000e+000
10  8.451000e-001
11  1.174000e+001
12  8.370000e+000
13  1.725000e+001
14  1.277000e+001
15  2.393000e+001
16  5.767000e+001
17  4.354000e+001
18  1.937000e+001
19  7.061000e+000
22  9.475000e-001
23  1.070000e+001
24  1.258000e+001
25  1.359000e+001
26  1.507000e+001
27  2.114000e+001
28  5.498000e+001
29  3.125000e+001
30  1.312000e+001
31  5.219000e+000
32  1.991000e+000
33  9.818000e-001
34  5.880000e-001
35  1.139000e+000
36  6.767000e-001
37  1.988000e+000
38  6.575000e+000
39  1.323000e+001
40  4.975000e+001
41  4.950000e+001
42  2.392000e+001
43  8.956000e+000
44  3.342000e+000
45  1.431000e+000
46  7.690000e-001
47  1.295000e+000
48  4.273000e+000
49  6.361000e+000
50  6.204000e+000
51  8.346000e+000
52  3.015000e+001
53  4.523000e+001
54  1.668000e+001
55  6.633000e+000
56  2.554000e+000
57  1.084000e+000
58  5.833000e-001
59  3.268000e+000
60  2.737000e+000
61  7.812000e+000
62  1.309000e+001
63  1.332000e+001
64  3.311000e+001
65  1.692000e+001
66  6.847000e+000
67  2.647000e+000
68  1.162000e+000
69  6.199000e-001
70  3.111000e-001
71  1.886000e-001
72  2.172000e-001
77  1.165000e+001
78  5.021000e+000
79  1.956000e+000
80  8.392000e-001
81  3.860000e-001
82  2.121000e-001
83  1.005000e+000
84  1.503000e+000
85  1.618000e+000
86  2.198000e+000
87  2.791000e+000
88  1.727000e+001
89  1.340000e+001
90  5.756000e+000
91  2.214000e+000
92  9.268000e-001
93  4.191000e-001
94  5.153000e-001
95  2.093000e+000
96  2.242000e+000
97  1.870000e+000
98  3.265000e+000
99  1.676000e+001
100  3.154000e+001
101  2.429000e+001
102  1.078000e+001
103  4.196000e+000
104  1.641000e+000
105  7.430000e-001
106  4.483000e-001
107  1.721000e+000
108  4.328000e+000
   156 
1  9.501000e+000
2  8.195000e+000
3  2.700000e+001
4  5.273000e+001
5  4.778000e+001
6  1.944000e+001
7  1.274000e+001
9  4.667000e+000
10  3.106000e+000
11  1.242000e+001
12  8.223000e+000
13  1.314000e+001
14  9.634000e+000
15  2.143000e+001
16  4.612000e+001
17  3.856000e+001
18  2.053000e+001
19  1.026000e+001
22  3.062000e+000
23  1.157000e+001
24  1.165000e+001
25  1.011000e+001
26  1.378000e+001
27  1.674000e+001
28  4.688000e+001
29  2.625000e+001
30  1.383000e+001
31  8.272000e+000
32  5.283000e+000
33  3.403000e+000
34  2.377000e+000
35  2.496000e+000
36  1.913000e+000
37  2.016000e+000
38  6.762000e+000
39  1.042000e+001
40  3.775000e+001
41  4.082000e+001
42  2.230000e+001
43  1.137000e+001
44  6.959000e+000
45  4.431000e+000
46  2.980000e+000
47  2.610000e+000
48  4.640000e+000
49  6.918000e+000
50  5.406000e+000
51  7.625000e+000
52  2.274000e+001
53  3.508000e+001
54  1.468000e+001
55  9.372000e+000
56  5.949000e+000
57  3.650000e+000
58  2.487000e+000
59  3.749000e+000
60  3.143000e+000
61  7.181000e+000
62  1.534000e+001
63  1.240000e+001
64  2.470000e+001
65  1.165000e+001
66  7.243000e+000
67  4.422000e+000
68  2.943000e+000
69  1.991000e+000
70  1.290000e+000
71  8.662000e-001
72  6.131000e-001
77  8.702000e+000
78  4.199000e+000
79  2.616000e+000
80  1.808000e+000
81  1.197000e+000
82  8.270000e-001
83  1.114000e+000
84  1.701000e+000
85  1.342000e+000
86  1.715000e+000
87  2.696000e+000
88  1.477000e+001
89  1.040000e+001
90  4.293000e+000
91  2.640000e+000
92  1.812000e+000
93  1.188000e+000
94  9.163000e-001
95  2.407000e+000
96  2.328000e+000
97  2.016000e+000
98  2.155000e+000
99  1.412000e+001
100  2.556000e+001
101  1.886000e+001
102  9.319000e+000
103  5.647000e+000
104  3.644000e+000
105  2.407000e+000
106  1.646000e+000
107  1.526000e+000
108  4.455000e+000
   157 
1  9.606000e+000
2  7.654000e+000
3  3.570000e+001
4  7.737000e+001
5  5.199000e+001
6  7.447000e+000
7  3.858000e+000
9  6.542000e-001
10  5.338000e-001
11  1.239000e+001
12  1.157000e+001
13  1.929000e+001
14  1.236000e+001
15  3.284000e+001
16  6.743000e+001
17  3.583000e+001
18  1.023000e+001
19  2.486000e+000
22  4.280000e-001
23  1.221000e+001
24  1.642000e+001
25  1.082000e+001
26  2.118000e+001
27  2.734000e+001
28  6.366000e+001
29  2.204000e+001
30  5.546000e+000
31  1.587000e+000
32  7.009000e-001
33  4.217000e-001
34  3.243000e-001
35  7.515000e-001
36  1.237000e+000
37  2.272000e+000
38  8.475000e+000
39  2.124000e+001
40  6.270000e+001
41  4.583000e+001
42  1.476000e+001
43  2.827000e+000
44  1.132000e+000
45  5.501000e-001
46  3.710000e-001
47  7.204000e-001
48  5.171000e+000
49  7.825000e+000
50  5.037000e+000
51  1.223000e+001
52  4.127000e+001
53  4.797000e+001
54  5.560000e+000
55  1.511000e+000
56  1.069000e+000
57  6.982000e-001
58  3.525000e-001
59  3.388000e+000
60  3.263000e+000
61  6.371000e+000
62  1.644000e+001
63  1.967000e+001
64  4.167000e+001
65  7.131000e+000
66  2.387000e+000
67  9.493000e-001
68  4.696000e-001
69  3.694000e-001
70  2.551000e-001
71  1.469000e-001
72  1.244000e-001
77  9.632000e+000
78  2.087000e+000
79  6.948000e-001
80  2.447000e-001
81  1.411000e-001
82  1.003000e-001
83  5.086000e-001
84  1.862000e+000
85  1.663000e+000
86  1.760000e+000
87  3.856000e+000
88  2.354000e+001
89  1.274000e+001
90  2.341000e+000
91  7.347000e-001
92  2.484000e-001
93  1.406000e-001
94  1.413000e-001
95  2.351000e+000
96  2.712000e+000
97  2.436000e+000
98  1.930000e+000
99  2.578000e+001
100  3.732000e+001
101  2.183000e+001
102  3.653000e+000
103  1.113000e+000
104  4.949000e-001
105  3.716000e-001
106  2.269000e-001
107  8.609000e-001
108  5.435000e+000
   158 
1  9.871000e+000
2  1.091000e+001
3  1.698000e+001
4  3.456000e+001
5  4.173000e+001
6  3.771000e+001
7  3.014000e+001
9  7.339000e+000
10  4.078000e+000
11  3.148000e+000
12  5.207000e+000
13  8.920000e+000
14  1.173000e+001
15  1.467000e+001
16  2.862000e+001
17  3.765000e+001
18  3.835000e+001
19  2.268000e+001
22  3.481000e+000
23  2.713000e+000
24  5.656000e+000
25  8.863000e+000
26  1.200000e+001
27  1.378000e+001
28  2.865000e+001
29  3.574000e+001
30  2.853000e+001
31  1.599000e+001
32  8.773000e+000
33  4.989000e+000
34  3.132000e+000
35  2.385000e+000
36  1.698000e+000
37  1.351000e+000
38  1.238000e+000
39  3.138000e+000
40  1.898000e+001
41  3.288000e+001
42  3.792000e+001
43  2.438000e+001
44  1.305000e+001
45  7.179000e+000
46  4.077000e+000
47  2.806000e+000
48  2.065000e+000
49  1.625000e+000
50  3.067000e+000
51  5.239000e+000
52  1.109000e+001
53  2.698000e+001
54  2.898000e+001
55  1.809000e+001
56  1.023000e+001
57  5.842000e+000
58  3.460000e+000
59  2.559000e+000
60  1.879000e+000
61  1.802000e+000
62  4.536000e+000
63  8.522000e+000
64  1.713000e+001
65  2.102000e+001
66  1.528000e+001
67  9.516000e+000
68  5.628000e+000
69  3.391000e+000
70  2.516000e+000
71  1.770000e+000
72  1.331000e+000
77  1.015000e+001
78  8.586000e+000
79  5.996000e+000
80  3.938000e+000
81  2.758000e+000
82  2.160000e+000
83  1.560000e+000
84  1.221000e+000
85  8.994000e-001
86  7.677000e-001
87  8.783000e-001
88  2.191000e+000
89  9.243000e+000
90  9.750000e+000
91  6.757000e+000
92  4.356000e+000
93  2.916000e+000
94  2.271000e+000
95  1.633000e+000
96  1.298000e+000
97  1.131000e+000
98  1.332000e+000
99  2.528000e+000
100  1.293000e+001
101  2.189000e+001
102  1.942000e+001
103  1.246000e+001
104  7.201000e+000
105  4.156000e+000
106  2.795000e+000
107  2.094000e+000
108  1.509000e+000
   159 
1  5.461000e+000
2  7.402000e+000
3  4.166000e+001
4  8.932000e+001
5  3.800000e+001
6  3.511000e+000
7  4.007000e+000
9  4.657000e-001
10  5.211000e-001
11  1.727000e+001
12  9.134000e+000
13  1.965000e+001
14  1.220000e+001
15  4.122000e+001
16  7.732000e+001
17  1.733000e+001
18  1.021000e+001
19  1.183000e+000
22  8.613000e-001
23  1.721000e+001
24  1.357000e+001
25  1.114000e+001
26  2.272000e+001
27  3.499000e+001
28  6.482000e+001
29  1.249000e+001
30  3.222000e+000
31  7.235000e-001
32  4.080000e-001
33  3.141000e-001
34  2.618000e-001
35  2.067000e+000
36  7.125000e-001
37  3.752000e+000
38  8.670000e+000
39  2.526000e+001
40  7.781000e+001
41  3.402000e+001
42  7.190000e+000
43  1.997000e+000
44  6.031000e-001
45  3.449000e-001
46  3.514000e-001
47  1.911000e+000
48  6.938000e+000
49  7.784000e+000
50  5.404000e+000
51  1.212000e+001
52  5.692000e+001
53  3.365000e+001
54  2.560000e+000
55  1.208000e+000
56  8.968000e-001
57  3.978000e-001
58  2.295000e-001
59  5.652000e+000
60  2.695000e+000
61  9.330000e+000
62  1.643000e+001
63  2.370000e+001
64  3.828000e+001
65  3.205000e+000
66  1.609000e+000
67  3.835000e-001
68  4.650000e-001
69  3.224000e-001
70  1.379000e-001
71  1.183000e-001
72  2.208000e-001
77  7.409000e+000
78  9.905000e-001
79  2.202000e-001
80  1.231000e-001
81  8.644000e-002
82  9.431000e-002
83  1.741000e+000
84  1.760000e+000
85  1.731000e+000
86  1.962000e+000
87  5.931000e+000
88  2.577000e+001
89  9.281000e+000
90  1.014000e+000
91  2.175000e-001
92  1.219000e-001
93  8.557000e-002
94  9.906000e-001
95  2.983000e+000
96  3.168000e+000
97  1.890000e+000
98  3.650000e+000
99  3.208000e+001
100  3.679000e+001
101  1.628000e+001
102  1.718000e+000
103  4.268000e-001
104  4.503000e-001
105  2.198000e-001
106  2.408000e-001
107  2.781000e+000
108  6.357000e+000
   160 
1  8.725000e+000
2  7.489000e+000
3  3.400000e+001
4  7.669000e+001
5  5.050000e+001
6  7.779000e+000
7  2.716000e+000
9  7.499000e-001
10  5.858000e-001
11  1.101000e+001
12  7.985000e+000
13  1.753000e+001
14  1.232000e+001
15  3.145000e+001
16  6.461000e+001
17  3.571000e+001
18  8.125000e+000
19  2.298000e+000
22  4.673000e-001
23  1.022000e+001
24  1.378000e+001
25  1.068000e+001
26  1.882000e+001
27  2.648000e+001
28  6.105000e+001
29  2.121000e+001
30  5.217000e+000
31  1.612000e+000
32  8.690000e-001
33  5.543000e-001
34  3.966000e-001
35  4.822000e-001
36  8.690000e-001
37  1.705000e+000
38  5.521000e+000
39  1.943000e+001
40  6.100000e+001
41  4.450000e+001
42  1.301000e+001
43  2.801000e+000
44  1.184000e+000
45  6.836000e-001
46  4.631000e-001
47  4.544000e-001
48  4.227000e+000
49  6.359000e+000
50  4.294000e+000
51  8.956000e+000
52  4.046000e+001
53  4.611000e+001
54  5.865000e+000
55  1.554000e+000
56  9.927000e-001
57  6.925000e-001
58  4.452000e-001
59  2.051000e+000
60  2.791000e+000
61  5.804000e+000
62  1.335000e+001
63  1.771000e+001
64  4.008000e+001
65  8.055000e+000
66  2.260000e+000
67  1.021000e+000
68  5.795000e-001
69  3.984000e-001
70  2.885000e-001
71  1.856000e-001
72  1.327000e-001
77  7.901000e+000
78  1.959000e+000
79  8.334000e-001
80  3.941000e-001
81  2.049000e-001
82  1.307000e-001
83  2.287000e-001
84  1.301000e+000
85  1.652000e+000
86  1.634000e+000
87  3.566000e+000
88  2.200000e+001
89  1.004000e+001
90  2.225000e+000
91  8.956000e-001
92  4.165000e-001
93  2.091000e-001
94  1.428000e-001
95  1.579000e+000
96  2.429000e+000
97  2.153000e+000
98  2.087000e+000
99  2.291000e+001
100  3.474000e+001
101  1.938000e+001
102  3.973000e+000
103  1.237000e+000
104  6.591000e-001
105  4.291000e-001
106  2.833000e-001
107  6.394000e-001
108  4.527000e+000
   161 
1  6.167000e+000
2  7.582000e+000
3  3.290000e+001
4  7.056000e+001
5  4.426000e+001
6  1.410000e+001
7  7.257000e+000
9  1.615000e+000
10  1.200000e+000
11  1.514000e+001
12  5.525000e+000
13  1.543000e+001
14  1.043000e+001
15  2.962000e+001
16  6.523000e+001
17  2.695000e+001
18  1.621000e+001
19  4.993000e+000
22  1.652000e+000
23  1.476000e+001
24  9.903000e+000
25  1.087000e+001
26  1.573000e+001
27  2.406000e+001
28  5.660000e+001
29  2.139000e+001
30  8.824000e+000
31  3.981000e+000
32  1.867000e+000
33  9.726000e-001
34  5.582000e-001
35  2.251000e+000
36  2.417000e-001
37  3.269000e+000
38  6.675000e+000
39  1.637000e+001
40  5.565000e+001
41  4.070000e+001
42  1.522000e+001
43  6.411000e+000
44  2.833000e+000
45  1.383000e+000
46  9.518000e-001
47  1.647000e+000
48  6.063000e+000
49  6.721000e+000
50  5.931000e+000
51  6.908000e+000
52  3.925000e+001
53  3.343000e+001
54  1.123000e+001
55  5.406000e+000
56  2.469000e+000
57  1.113000e+000
58  7.089000e-001
59  4.310000e+000
60  2.133000e+000
61  1.094000e+001
62  1.445000e+001
63  1.489000e+001
64  2.886000e+001
65  1.028000e+001
66  4.329000e+000
67  2.146000e+000
68  1.016000e+000
69  4.792000e-001
70  2.515000e-001
71  2.044000e-001
72  2.827000e-001
77  8.083000e+000
78  2.663000e+000
79  1.215000e+000
80  5.555000e-001
81  2.703000e-001
82  5.183000e-001
83  1.667000e+000
84  1.162000e+000
85  1.546000e+000
86  2.256000e+000
87  4.912000e+000
88  1.856000e+001
89  9.101000e+000
90  2.805000e+000
91  1.267000e+000
92  5.702000e-001
93  2.809000e-001
94  1.926000e+000
95  1.963000e+000
96  2.535000e+000
97  1.130000e+000
98  4.937000e+000
99  2.041000e+001
100  3.015000e+001
101  1.758000e+001
102  6.254000e+000
103  2.928000e+000
104  1.342000e+000
105  6.355000e-001
106  5.408000e-001
107  2.963000e+000
108  4.775000e+000
   162 
1  2.187000e+000
2  2.650000e+000
3  1.007000e+001
4  1.539000e+001
5  7.481000e+000
6  4.629000e+000
7  4.635000e+000
9  4.642000e+000
10  4.655000e+000
11  5.657000e+000
12  4.924000e+000
13  7.627000e+000
14  5.821000e+000
15  1.365000e+001
16  2.185000e+001
17  7.201000e+000
18  7.580000e+000
19  7.236000e+000
22  7.187000e+000
23  9.129000e+000
24  7.839000e+000
25  7.886000e+000
26  1.033000e+001
27  1.542000e+001
28  1.996000e+001
29  9.283000e+000
30  9.079000e+000
31  9.034000e+000
32  8.980000e+000
33  8.923000e+000
34  8.860000e+000
35  8.814000e+000
36  8.747000e+000
37  8.714000e+000
38  9.004000e+000
39  1.371000e+001
40  2.724000e+001
41  1.557000e+001
42  9.902000e+000
43  9.833000e+000
44  9.745000e+000
45  9.660000e+000
46  9.575000e+000
47  9.488000e+000
48  9.474000e+000
49  9.441000e+000
50  9.913000e+000
51  1.006000e+001
52  2.840000e+001
53  1.151000e+001
54  9.861000e+000
55  9.768000e+000
56  9.673000e+000
57  9.580000e+000
58  9.487000e+000
59  9.418000e+000
60  9.340000e+000
61  1.046000e+001
62  1.069000e+001
63  1.407000e+001
64  1.616000e+001
65  9.648000e+000
66  9.547000e+000
67  9.443000e+000
68  9.337000e+000
69  9.236000e+000
70  9.133000e+000
71  9.031000e+000
72  8.931000e+000
77  8.778000e+000
78  8.670000e+000
79  8.565000e+000
80  8.458000e+000
81  8.357000e+000
82  8.257000e+000
83  8.162000e+000
84  8.068000e+000
85  7.973000e+000
86  7.878000e+000
87  7.798000e+000
88  8.683000e+000
89  7.882000e+000
90  7.771000e+000
91  7.665000e+000
92  7.553000e+000
93  7.452000e+000
94  7.356000e+000
95  7.272000e+000
96  7.185000e+000
97  7.086000e+000
98  7.257000e+000
99  8.277000e+000
100  1.071000e+001
101  7.572000e+000
102  7.365000e+000
103  7.280000e+000
104  7.190000e+000
105  7.106000e+000
106  7.022000e+000
107  6.950000e+000
108  7.151000e+000
   163 
1  9.369000e+000
2  8.470000e+000
3  3.381000e+001
4  7.921000e+001
5  4.986000e+001
6  8.871000e+000
7  3.720000e+000
9  7.391000e-001
10  5.676000e-001
11  1.468000e+001
12  9.348000e+000
13  1.950000e+001
14  1.227000e+001
15  3.064000e+001
16  7.121000e+001
17  3.236000e+001
18  1.199000e+001
19  2.454000e+000
22  9.579000e-001
23  1.340000e+001
24  1.517000e+001
25  1.243000e+001
26  1.830000e+001
27  2.561000e+001
28  6.498000e+001
29  2.213000e+001
30  6.285000e+000
31  1.595000e+000
32  6.942000e-001
33  4.688000e-001
34  3.698000e-001
35  1.454000e+000
36  4.164000e-001
37  3.229000e+000
38  7.480000e+000
39  1.948000e+001
40  6.440000e+001
41  4.514000e+001
42  1.489000e+001
43  3.227000e+000
44  9.990000e-001
45  5.476000e-001
46  4.579000e-001
47  1.752000e+000
48  5.771000e+000
49  7.042000e+000
50  5.874000e+000
51  1.021000e+001
52  4.247000e+001
53  4.501000e+001
54  7.407000e+000
55  2.145000e+000
56  9.522000e-001
57  4.425000e-001
58  3.397000e-001
59  4.664000e+000
60  2.765000e+000
61  8.456000e+000
62  1.450000e+001
63  1.755000e+001
64  4.049000e+001
65  9.389000e+000
66  2.463000e+000
67  8.255000e-001
68  4.818000e-001
69  3.267000e-001
70  1.733000e-001
71  1.429000e-001
72  2.558000e-001
77  9.979000e+000
78  2.055000e+000
79  5.767000e-001
80  2.351000e-001
81  1.399000e-001
82  1.684000e-001
83  1.569000e+000
84  1.707000e+000
85  1.754000e+000
86  2.092000e+000
87  4.185000e+000
88  2.242000e+001
89  1.208000e+001
90  2.453000e+000
91  6.424000e-001
92  2.450000e-001
93  1.420000e-001
94  1.011000e+000
95  2.575000e+000
96  2.544000e+000
97  1.648000e+000
98  3.813000e+000
99  2.410000e+001
100  3.660000e+001
101  2.113000e+001
102  4.768000e+000
103  1.173000e+000
104  5.945000e-001
105  2.928000e-001
106  3.193000e-001
107  2.766000e+000
108  5.126000e+000
   164 
1  6.995000e+000
2  7.271000e+000
3  3.830000e+001
4  8.775000e+001
5  3.876000e+001
6  4.370000e+000
7  2.378000e+000
9  5.466000e-001
10  5.384000e-001
11  1.288000e+001
12  7.009000e+000
13  1.796000e+001
14  1.192000e+001
15  3.740000e+001
16  7.417000e+001
17  2.141000e+001
18  6.840000e+000
19  1.568000e+000
22  4.870000e-001
23  1.275000e+001
24  1.283000e+001
25  1.069000e+001
26  1.922000e+001
27  3.208000e+001
28  6.440000e+001
29  1.190000e+001
30  3.998000e+000
31  1.124000e+000
32  5.657000e-001
33  3.986000e-001
34  3.186000e-001
35  9.310000e-001
36  7.361000e-001
37  2.242000e+000
38  5.843000e+000
39  2.140000e+001
40  7.588000e+001
41  3.221000e+001
42  8.629000e+000
43  1.894000e+000
44  7.825000e-001
45  4.633000e-001
46  3.585000e-001
47  7.970000e-001
48  5.235000e+000
49  6.330000e+000
50  4.217000e+000
51  8.995000e+000
52  5.228000e+001
53  3.645000e+001
54  2.961000e+000
55  1.098000e+000
56  8.077000e-001
57  4.843000e-001
58  2.844000e-001
59  2.911000e+000
60  2.566000e+000
61  7.776000e+000
62  1.324000e+001
63  2.029000e+001
64  3.889000e+001
65  4.589000e+000
66  1.707000e+000
67  5.979000e-001
68  4.063000e-001
69  2.907000e-001
70  1.803000e-001
71  1.235000e-001
72  1.597000e-001
77  7.122000e+000
78  1.303000e+000
79  3.706000e-001
80  1.736000e-001
81  1.195000e-001
82  9.301000e-002
83  7.362000e-001
84  1.501000e+000
85  1.668000e+000
86  1.760000e+000
87  4.156000e+000
88  2.390000e+001
89  7.930000e+000
90  1.487000e+000
91  4.067000e-001
92  1.743000e-001
93  1.176000e-001
94  2.494000e-001
95  2.227000e+000
96  2.555000e+000
97  1.997000e+000
98  2.605000e+000
99  2.746000e+001
100  3.378000e+001
101  1.613000e+001
102  2.594000e+000
103  7.330000e-001
104  4.168000e-001
105  2.759000e-001
106  2.185000e-001
107  1.343000e+000
108  5.291000e+000
   165 
1  1.169000e+001
2  1.000000e+001
3  2.379000e+001
4  5.387000e+001
5  5.638000e+001
6  2.812000e+001
7  1.060000e+001
9  2.585000e+000
10  1.820000e+000
11  3.795000e+000
12  7.116000e+000
13  1.221000e+001
14  1.279000e+001
15  2.328000e+001
16  4.559000e+001
17  4.882000e+001
18  2.059000e+001
19  8.956000e+000
22  1.679000e+000
23  3.261000e+000
24  9.716000e+000
25  1.028000e+001
26  1.386000e+001
27  2.201000e+001
28  4.580000e+001
29  3.552000e+001
30  1.413000e+001
31  6.949000e+000
32  3.479000e+000
33  2.089000e+000
34  1.509000e+000
35  1.067000e+000
36  8.235000e-001
37  6.912000e-001
38  1.710000e+000
39  9.041000e+000
40  4.085000e+001
41  4.751000e+001
42  2.668000e+001
43  1.103000e+001
44  5.334000e+000
45  2.720000e+000
46  1.838000e+000
47  1.245000e+000
48  9.355000e-001
49  3.132000e+000
50  4.942000e+000
51  6.205000e+000
52  2.588000e+001
53  4.159000e+001
54  1.848000e+001
55  8.512000e+000
56  4.145000e+000
57  2.294000e+000
58  1.651000e+000
59  1.141000e+000
60  1.010000e+000
61  3.211000e+000
62  8.655000e+000
63  1.248000e+001
64  3.159000e+001
65  1.622000e+001
66  8.813000e+000
67  4.523000e+000
68  2.394000e+000
69  1.688000e+000
70  1.142000e+000
71  8.389000e-001
72  5.709000e-001
77  1.084000e+001
78  5.903000e+000
79  3.309000e+000
80  2.032000e+000
81  1.483000e+000
82  1.032000e+000
83  7.337000e-001
84  5.000000e-001
85  4.955000e-001
86  7.831000e-001
87  1.345000e+000
88  1.009000e+001
89  1.354000e+001
90  6.982000e+000
91  3.761000e+000
92  2.175000e+000
93  1.569000e+000
94  1.072000e+000
95  7.812000e-001
96  6.830000e-001
97  1.290000e+000
98  1.890000e+000
99  9.877000e+000
100  2.850000e+001
101  2.271000e+001
102  1.163000e+001
103  6.088000e+000
104  3.036000e+000
105  1.911000e+000
106  1.329000e+000
107  9.548000e-001
108  7.380000e-001
   166 
1  1.385000e+001
2  9.251000e+000
3  2.579000e+001
4  5.280000e+001
5  6.190000e+001
6  2.901000e+001
7  7.694000e+000
9  1.313000e+000
10  7.872000e-001
11  7.395000e+000
12  1.167000e+001
13  1.663000e+001
14  1.359000e+001
15  2.256000e+001
16  4.837000e+001
17  5.418000e+001
18  2.204000e+001
19  5.687000e+000
22  6.711000e-001
23  7.241000e+000
24  1.476000e+001
25  1.236000e+001
26  1.577000e+001
27  1.994000e+001
28  4.824000e+001
29  4.265000e+001
30  1.302000e+001
31  3.874000e+000
32  1.770000e+000
33  9.714000e-001
34  5.594000e-001
35  5.066000e-001
36  9.831000e-001
37  1.156000e+000
38  7.063000e+000
39  1.330000e+001
40  3.902000e+001
41  5.320000e+001
42  3.389000e+001
43  8.016000e+000
44  2.577000e+000
45  1.260000e+000
46  7.033000e-001
47  4.832000e-001
48  2.453000e+000
49  7.392000e+000
50  6.194000e+000
51  9.493000e+000
52  2.495000e+001
53  4.593000e+001
54  2.364000e+001
55  5.086000e+000
56  2.081000e+000
57  1.180000e+000
58  6.816000e-001
59  1.095000e+000
60  3.462000e+000
61  5.523000e+000
62  1.485000e+001
63  1.390000e+001
64  3.249000e+001
65  2.036000e+001
66  5.871000e+000
67  2.221000e+000
68  1.143000e+000
69  6.683000e-001
70  4.156000e-001
71  2.525000e-001
72  1.624000e-001
77  1.346000e+001
78  5.227000e+000
79  2.073000e+000
80  1.009000e+000
81  4.674000e-001
82  2.249000e-001
83  1.933000e-001
84  1.064000e+000
85  1.562000e+000
86  1.784000e+000
87  2.343000e+000
88  1.527000e+001
89  1.668000e+001
90  6.366000e+000
91  2.283000e+000
92  1.073000e+000
93  4.897000e-001
94  2.361000e-001
95  8.838000e-001
96  2.414000e+000
97  2.386000e+000
98  2.028000e+000
99  1.445000e+001
100  3.108000e+001
101  3.002000e+001
102  1.092000e+001
103  3.232000e+000
104  1.474000e+000
105  8.106000e-001
106  4.393000e-001
107  3.032000e-001
108  3.209000e+000
   167 
1  1.103000e+001
2  8.292000e+000
3  2.972000e+001
4  6.843000e+001
5  5.655000e+001
6  1.351000e+001
7  3.805000e+000
9  7.265000e-001
10  6.367000e-001
11  1.048000e+001
12  8.718000e+000
13  1.725000e+001
14  1.233000e+001
15  2.590000e+001
16  6.047000e+001
17  4.421000e+001
18  1.106000e+001
19  2.790000e+000
22  5.185000e-001
23  9.410000e+000
24  1.438000e+001
25  1.143000e+001
26  1.643000e+001
27  2.189000e+001
28  5.682000e+001
29  3.053000e+001
30  7.506000e+000
31  2.123000e+000
32  9.466000e-001
33  5.417000e-001
34  3.891000e-001
35  7.309000e-001
36  8.945000e-001
37  1.548000e+000
38  6.158000e+000
39  1.576000e+001
40  5.180000e+001
41  5.052000e+001
42  1.962000e+001
43  3.985000e+000
44  1.366000e+000
45  6.831000e-001
46  4.500000e-001
47  7.108000e-001
48  4.014000e+000
49  6.632000e+000
50  4.579000e+000
51  8.804000e+000
52  3.168000e+001
53  5.071000e+001
54  1.035000e+001
55  2.385000e+000
56  1.136000e+000
57  6.513000e-001
58  3.585000e-001
59  2.270000e+000
60  2.953000e+000
61  5.885000e+000
62  1.375000e+001
63  1.426000e+001
64  3.828000e+001
65  1.315000e+001
66  3.198000e+000
67  1.140000e+000
68  6.030000e-001
69  3.779000e-001
70  2.327000e-001
71  1.522000e-001
72  1.533000e-001
77  1.037000e+001
78  2.617000e+000
79  9.248000e-001
80  3.544000e-001
81  1.749000e-001
82  1.153000e-001
83  5.216000e-001
84  1.483000e+000
85  1.568000e+000
86  1.865000e+000
87  2.802000e+000
88  1.889000e+001
89  1.325000e+001
90  3.098000e+000
91  1.035000e+000
92  3.795000e-001
93  1.809000e-001
94  1.806000e-001
95  1.845000e+000
96  2.377000e+000
97  2.163000e+000
98  2.133000e+000
99  1.819000e+001
100  3.326000e+001
101  2.411000e+001
102  6.108000e+000
103  1.644000e+000
104  7.419000e-001
105  3.987000e-001
106  2.547000e-001
107  6.848000e-001
108  4.473000e+000
   168 
1  9.907000e+000
2  9.235000e+000
3  2.643000e+001
4  5.606000e+001
5  4.717000e+001
6  2.049000e+001
7  1.287000e+001
9  4.124000e+000
10  2.684000e+000
11  1.047000e+001
12  6.941000e+000
13  1.271000e+001
14  1.031000e+001
15  2.110000e+001
16  4.994000e+001
17  3.629000e+001
18  2.134000e+001
19  1.072000e+001
22  2.482000e+000
23  9.298000e+000
24  1.050000e+001
25  1.094000e+001
26  1.294000e+001
27  1.695000e+001
28  4.859000e+001
29  2.572000e+001
30  1.540000e+001
31  8.733000e+000
32  4.985000e+000
33  3.093000e+000
34  1.916000e+000
35  1.785000e+000
36  1.462000e+000
37  1.250000e+000
38  5.558000e+000
39  9.270000e+000
40  4.184000e+001
41  3.948000e+001
42  2.254000e+001
43  1.250000e+001
44  6.999000e+000
45  4.066000e+000
46  2.584000e+000
47  2.023000e+000
48  3.441000e+000
49  5.874000e+000
50  4.934000e+000
51  6.948000e+000
52  2.360000e+001
53  3.485000e+001
54  1.684000e+001
55  1.000000e+001
56  5.739000e+000
57  3.331000e+000
58  2.049000e+000
59  2.660000e+000
60  2.668000e+000
61  6.173000e+000
62  1.422000e+001
63  1.087000e+001
64  2.470000e+001
65  1.408000e+001
66  8.315000e+000
67  4.684000e+000
68  2.921000e+000
69  1.765000e+000
70  1.078000e+000
71  6.538000e-001
72  4.434000e-001
77  9.163000e+000
78  4.871000e+000
79  2.897000e+000
80  1.793000e+000
81  1.116000e+000
82  6.763000e-001
83  8.601000e-001
84  1.383000e+000
85  1.246000e+000
86  1.670000e+000
87  2.219000e+000
88  1.412000e+001
89  1.010000e+001
90  5.101000e+000
91  3.030000e+000
92  1.859000e+000
93  1.146000e+000
94  7.793000e-001
95  1.834000e+000
96  2.048000e+000
97  1.865000e+000
98  2.028000e+000
99  1.277000e+001
100  2.451000e+001
101  1.972000e+001
102  1.112000e+001
103  6.293000e+000
104  3.672000e+000
105  2.250000e+000
106  1.431000e+000
107  1.115000e+000
108  3.722000e+000
   169 
1  1.095000e+001
2  8.703000e+000
3  3.201000e+001
4  7.637000e+001
5  5.277000e+001
6  1.016000e+001
7  4.621000e+000
9  7.484000e-001
10  6.498000e-001
11  1.261000e+001
12  1.006000e+001
13  1.891000e+001
14  1.233000e+001
15  2.978000e+001
16  6.687000e+001
17  3.730000e+001
18  1.291000e+001
19  3.323000e+000
22  5.466000e-001
23  1.198000e+001
24  1.507000e+001
25  1.251000e+001
26  1.745000e+001
27  2.553000e+001
28  6.478000e+001
29  2.276000e+001
30  7.668000e+000
31  2.223000e+000
32  9.782000e-001
33  5.472000e-001
34  3.896000e-001
35  9.230000e-001
36  9.759000e-001
37  2.186000e+000
38  7.708000e+000
39  1.768000e+001
40  6.165000e+001
41  4.742000e+001
42  1.647000e+001
43  4.274000e+000
44  1.444000e+000
45  6.985000e-001
46  4.511000e-001
47  9.464000e-001
48  4.937000e+000
49  7.359000e+000
50  5.602000e+000
51  1.035000e+001
52  3.929000e+001
53  4.702000e+001
54  9.025000e+000
55  2.696000e+000
56  1.287000e+000
57  6.933000e-001
58  3.623000e-001
59  3.342000e+000
60  3.085000e+000
61  7.688000e+000
62  1.427000e+001
63  1.735000e+001
64  3.969000e+001
65  1.084000e+001
66  3.364000e+000
67  1.204000e+000
68  6.431000e-001
69  3.926000e-001
70  2.397000e-001
71  1.510000e-001
72  1.620000e-001
77  1.082000e+001
78  2.979000e+000
79  1.017000e+000
80  3.796000e-001
81  1.851000e-001
82  1.208000e-001
83  7.638000e-001
84  1.835000e+000
85  1.661000e+000
86  1.928000e+000
87  3.314000e+000
88  2.196000e+001
89  1.278000e+001
90  3.470000e+000
91  1.123000e+000
92  4.032000e-001
93  1.905000e-001
94  2.238000e-001
95  2.315000e+000
96  2.565000e+000
97  2.184000e+000
98  2.515000e+000
99  2.325000e+001
100  3.636000e+001
101  2.169000e+001
102  6.169000e+000
103  1.742000e+000
104  7.857000e-001
105  4.162000e-001
106  2.640000e-001
107  1.204000e+000
108  5.248000e+000
   170 
1  1.029000e+001
2  7.902000e+000
3  3.315000e+001
4  7.933000e+001
5  4.741000e+001
6  9.131000e+000
7  3.426000e+000
9  1.161000e+000
10  7.924000e-001
11  8.218000e+000
12  8.780000e+000
13  1.696000e+001
14  1.247000e+001
15  3.333000e+001
16  6.531000e+001
17  3.293000e+001
18  8.796000e+000
19  3.383000e+000
22  6.806000e-001
23  7.749000e+000
24  1.384000e+001
25  1.043000e+001
26  1.824000e+001
27  3.043000e+001
28  6.073000e+001
29  1.769000e+001
30  6.810000e+000
31  2.499000e+000
32  1.420000e+000
33  8.870000e-001
34  5.717000e-001
35  4.436000e-001
36  6.103000e-001
37  9.279000e-001
38  4.550000e+000
39  1.903000e+001
40  6.596000e+001
41  3.955000e+001
42  1.314000e+001
43  4.155000e+000
44  1.883000e+000
45  1.096000e+000
46  7.011000e-001
47  4.947000e-001
48  2.513000e+000
49  6.100000e+000
50  4.413000e+000
51  8.596000e+000
52  4.531000e+001
53  4.068000e+001
54  7.454000e+000
55  2.437000e+000
56  1.430000e+000
57  9.834000e-001
58  6.706000e-001
59  9.096000e-001
60  2.607000e+000
61  4.397000e+000
62  1.109000e+001
63  2.142000e+001
64  3.806000e+001
65  9.145000e+000
66  3.214000e+000
67  1.667000e+000
68  9.537000e-001
69  5.886000e-001
70  3.999000e-001
71  2.726000e-001
72  1.918000e-001
77  8.901000e+000
78  3.001000e+000
79  1.485000e+000
80  8.027000e-001
81  4.066000e-001
82  2.227000e-001
83  1.644000e-001
84  5.755000e-001
85  1.443000e+000
86  1.656000e+000
87  2.607000e+000
88  2.079000e+001
89  1.068000e+001
90  3.423000e+000
91  1.586000e+000
92  8.473000e-001
93  4.243000e-001
94  2.300000e-001
95  4.670000e-001
96  2.091000e+000
97  2.382000e+000
98  1.833000e+000
99  2.304000e+001
100  3.375000e+001
101  1.840000e+001
102  5.687000e+000
103  2.069000e+000
104  1.141000e+000
105  6.898000e-001
106  4.334000e-001
107  3.238000e-001
108  3.149000e+000
   171 
1  1.070000e+001
2  1.091000e+001
3  2.010000e+001
4  4.471000e+001
5  4.645000e+001
6  2.884000e+001
7  1.936000e+001
9  1.003000e+001
10  7.164000e+000
11  7.744000e+000
12  8.146000e+000
13  1.074000e+001
14  1.132000e+001
15  1.805000e+001
16  3.964000e+001
17  3.740000e+001
18  2.751000e+001
19  1.841000e+001
22  6.589000e+000
23  7.643000e+000
24  8.159000e+000
25  9.070000e+000
26  1.242000e+001
27  1.551000e+001
28  3.853000e+001
29  2.981000e+001
30  2.019000e+001
31  1.531000e+001
32  1.118000e+001
33  8.026000e+000
34  5.796000e+000
35  4.355000e+000
36  3.253000e+000
37  2.787000e+000
38  3.886000e+000
39  6.176000e+000
40  2.717000e+001
41  3.489000e+001
42  2.657000e+001
43  1.872000e+001
44  1.383000e+001
45  1.004000e+001
46  7.268000e+000
47  5.262000e+000
48  4.156000e+000
49  4.185000e+000
50  5.455000e+000
51  6.895000e+000
52  1.731000e+001
53  2.655000e+001
54  1.903000e+001
55  1.563000e+001
56  1.184000e+001
57  8.753000e+000
58  6.385000e+000
59  4.994000e+000
60  3.967000e+000
61  5.047000e+000
62  7.645000e+000
63  1.015000e+001
64  1.716000e+001
65  1.537000e+001
66  1.319000e+001
67  1.043000e+001
68  7.840000e+000
69  5.856000e+000
70  4.204000e+000
71  3.076000e+000
72  2.478000e+000
77  8.641000e+000
78  7.798000e+000
79  6.610000e+000
80  5.172000e+000
81  4.038000e+000
82  3.069000e+000
83  2.474000e+000
84  2.228000e+000
85  1.994000e+000
86  1.799000e+000
87  1.728000e+000
88  4.124000e+000
89  8.211000e+000
90  7.579000e+000
91  6.585000e+000
92  5.299000e+000
93  4.201000e+000
94  3.228000e+000
95  2.695000e+000
96  2.436000e+000
97  2.346000e+000
98  2.386000e+000
99  4.549000e+000
100  1.541000e+001
101  1.862000e+001
102  1.548000e+001
103  1.228000e+001
104  9.346000e+000
105  6.842000e+000
106  4.960000e+000
107  3.535000e+000
108  3.040000e+000
   172 
1  3.446000e+000
2  6.979000e+000
3  4.525000e+001
4  9.267000e+001
5  3.158000e+001
6  4.029000e+000
7  2.633000e+000
9  6.832000e-001
10  1.424000e+000
11  2.011000e+001
12  6.955000e+000
13  1.976000e+001
14  1.204000e+001
15  4.551000e+001
16  8.051000e+001
17  9.338000e+000
18  9.916000e+000
19  5.654000e-001
22  1.904000e+000
23  2.098000e+001
24  1.093000e+001
25  1.085000e+001
26  2.304000e+001
27  3.841000e+001
28  6.231000e+001
29  1.145000e+001
30  1.313000e+000
31  4.804000e-001
32  3.338000e-001
33  2.833000e-001
34  2.492000e-001
35  3.025000e+000
36  2.200000e-001
37  5.145000e+000
38  8.549000e+000
39  2.791000e+001
40  7.886000e+001
41  3.293000e+001
42  3.965000e+000
43  1.270000e+000
44  4.016000e-001
45  2.936000e-001
46  6.177000e-001
47  2.499000e+000
48  9.062000e+000
49  7.519000e+000
50  6.673000e+000
51  1.099000e+001
52  6.788000e+001
53  2.178000e+001
54  1.480000e+000
55  1.271000e+000
56  7.308000e-001
57  2.387000e-001
58  3.512000e-001
59  6.845000e+000
60  2.611000e+000
61  1.280000e+001
62  1.444000e+001
63  2.516000e+001
64  3.526000e+001
65  2.805000e+000
66  5.529000e-001
67  5.422000e-001
68  3.530000e-001
69  1.880000e-001
70  9.999000e-002
71  1.890000e-001
72  5.832000e-001
77  5.433000e+000
78  3.150000e-001
79  1.371000e-001
80  9.650000e-002
81  7.016000e-002
82  6.349000e-001
83  2.466000e+000
84  1.370000e+000
85  1.819000e+000
86  2.306000e+000
87  8.228000e+000
88  2.444000e+001
89  8.007000e+000
90  2.985000e-001
91  1.353000e-001
92  9.395000e-002
93  6.914000e-002
94  2.808000e+000
95  2.732000e+000
96  3.438000e+000
97  6.289000e-001
98  6.183000e+000
99  3.321000e+001
100  3.613000e+001
101  1.436000e+001
102  6.028000e-001
103  4.197000e-001
104  3.413000e-001
105  1.514000e-001
106  3.984000e-001
107  4.739000e+000
108  7.470000e+000
   173 
1  6.706000e+000
2  5.929000e+000
3  3.487000e+001
4  8.293000e+001
5  4.345000e+001
6  4.451000e+000
7  4.301000e+000
9  4.247000e-001
10  5.394000e-001
11  1.606000e+001
12  8.598000e+000
13  1.627000e+001
14  1.075000e+001
15  3.676000e+001
16  6.961000e+001
17  2.572000e+001
18  1.015000e+001
19  1.655000e+000
22  7.781000e-001
23  1.678000e+001
24  1.259000e+001
25  9.509000e+000
26  1.896000e+001
27  2.932000e+001
28  6.554000e+001
29  1.354000e+001
30  3.856000e+000
31  9.697000e-001
32  3.849000e-001
33  2.526000e-001
34  2.190000e-001
35  2.579000e+000
36  1.260000e+000
37  3.356000e+000
38  7.835000e+000
39  1.976000e+001
40  6.955000e+001
41  3.735000e+001
42  8.932000e+000
43  2.287000e+000
44  7.655000e-001
45  3.099000e-001
46  3.695000e-001
47  1.403000e+000
48  6.766000e+000
49  8.812000e+000
50  4.855000e+000
51  9.148000e+000
52  4.433000e+001
53  4.096000e+001
54  3.081000e+000
55  1.202000e+000
56  9.962000e-001
57  5.219000e-001
58  2.121000e-001
59  4.505000e+000
60  2.915000e+000
61  8.555000e+000
62  1.602000e+001
63  1.882000e+001
64  3.705000e+001
65  4.212000e+000
66  1.866000e+000
67  5.533000e-001
68  4.170000e-001
69  3.271000e-001
70  1.837000e-001
71  1.534000e-001
72  1.938000e-001
77  7.823000e+000
78  1.442000e+000
79  3.503000e-001
80  1.144000e-001
81  6.833000e-002
82  5.662000e-002
83  1.649000e+000
84  1.786000e+000
85  1.443000e+000
86  1.793000e+000
87  5.314000e+000
88  2.422000e+001
89  9.117000e+000
90  1.525000e+000
91  3.643000e-001
92  1.112000e-001
93  6.427000e-002
94  8.396000e-001
95  3.282000e+000
96  3.217000e+000
97  2.221000e+000
98  2.889000e+000
99  2.688000e+001
100  3.351000e+001
101  1.663000e+001
102  2.341000e+000
103  6.000000e-001
104  3.503000e-001
105  2.588000e-001
106  1.579000e-001
107  1.648000e+000
108  6.793000e+000
   174 
1  1.008000e+001
2  1.007000e+001
3  2.883000e+001
4  5.620000e+001
5  5.078000e+001
6  2.264000e+001
7  1.150000e+001
9  3.487000e+000
10  2.099000e+000
11  1.290000e+001
12  8.320000e+000
13  1.598000e+001
14  1.157000e+001
15  2.289000e+001
16  5.077000e+001
17  4.188000e+001
18  2.179000e+001
19  9.567000e+000
22  2.248000e+000
23  1.164000e+001
24  1.207000e+001
25  1.245000e+001
26  1.538000e+001
27  1.857000e+001
28  4.972000e+001
29  3.076000e+001
30  1.442000e+001
31  7.788000e+000
32  4.396000e+000
33  2.543000e+000
34  1.546000e+000
35  1.868000e+000
36  1.133000e+000
37  2.210000e+000
38  7.112000e+000
39  1.277000e+001
40  4.138000e+001
41  4.497000e+001
42  2.635000e+001
43  1.116000e+001
44  6.214000e+000
45  3.535000e+000
46  2.089000e+000
47  2.253000e+000
48  4.677000e+000
49  6.541000e+000
50  6.244000e+000
51  8.628000e+000
52  2.583000e+001
53  4.050000e+001
54  1.656000e+001
55  9.005000e+000
56  5.133000e+000
57  2.792000e+000
58  1.635000e+000
59  4.125000e+000
60  2.824000e+000
61  7.373000e+000
62  1.553000e+001
63  1.338000e+001
64  2.879000e+001
65  1.402000e+001
66  7.662000e+000
67  4.379000e+000
68  2.497000e+000
69  1.484000e+000
70  8.729000e-001
71  5.532000e-001
72  3.923000e-001
77  1.022000e+001
78  4.937000e+000
79  2.797000e+000
80  1.600000e+000
81  9.990000e-001
82  6.171000e-001
83  1.208000e+000
84  1.640000e+000
85  1.529000e+000
86  2.153000e+000
87  2.890000e+000
88  1.623000e+001
89  1.186000e+001
90  5.362000e+000
91  3.020000e+000
92  1.707000e+000
93  1.058000e+000
94  9.436000e-001
95  2.321000e+000
96  2.315000e+000
97  1.841000e+000
98  3.096000e+000
99  1.601000e+001
100  2.793000e+001
101  2.275000e+001
102  1.055000e+001
103  5.978000e+000
104  3.399000e+000
105  1.848000e+000
106  1.225000e+000
107  2.043000e+000
108  4.516000e+000
   175 
1  7.511000e+000
2  6.699000e+000
3  3.341000e+001
4  7.927000e+001
5  5.181000e+001
6  6.696000e+000
7  5.045000e+000
9  4.726000e-001
10  5.829000e-001
11  1.668000e+001
12  9.504000e+000
13  1.766000e+001
14  1.115000e+001
15  3.254000e+001
16  7.162000e+001
17  3.209000e+001
18  1.228000e+001
19  1.587000e+000
22  9.719000e-001
23  1.667000e+001
24  1.334000e+001
25  1.071000e+001
26  1.877000e+001
27  2.562000e+001
28  6.783000e+001
29  2.050000e+001
30  4.867000e+000
31  1.171000e+000
32  4.836000e-001
33  2.962000e-001
34  2.302000e-001
35  2.653000e+000
36  9.045000e-001
37  3.733000e+000
38  8.594000e+000
39  1.887000e+001
40  6.344000e+001
41  4.679000e+001
42  1.338000e+001
43  2.752000e+000
44  7.529000e-001
45  3.596000e-001
46  4.293000e-001
47  1.663000e+000
48  6.788000e+000
49  8.968000e+000
50  5.329000e+000
51  1.017000e+001
52  3.981000e+001
53  4.779000e+001
54  5.235000e+000
55  1.683000e+000
56  1.050000e+000
57  4.828000e-001
58  2.241000e-001
59  5.324000e+000
60  2.890000e+000
61  8.772000e+000
62  1.738000e+001
63  1.742000e+001
64  3.892000e+001
65  7.337000e+000
66  1.991000e+000
67  5.993000e-001
68  5.372000e-001
69  3.621000e-001
70  1.637000e-001
71  1.697000e-001
72  2.107000e-001
77  9.766000e+000
78  1.636000e+000
79  4.150000e-001
80  1.471000e-001
81  8.845000e-002
82  7.780000e-002
83  1.830000e+000
84  1.646000e+000
85  1.481000e+000
86  2.176000e+000
87  4.922000e+000
88  2.323000e+001
89  1.154000e+001
90  1.835000e+000
91  4.566000e-001
92  1.475000e-001
93  8.500000e-002
94  1.124000e+000
95  2.981000e+000
96  3.011000e+000
97  2.037000e+000
98  3.510000e+000
99  2.408000e+001
100  3.740000e+001
101  2.080000e+001
102  3.402000e+000
103  7.695000e-001
104  5.061000e-001
105  2.627000e-001
106  2.085000e-001
107  2.188000e+000
108  6.535000e+000
   176 
1  1.082000e+001
2  1.080000e+001
3  2.856000e+001
4  4.539000e+001
5  3.314000e+001
6  1.189000e+001
7  1.123000e+001
9  8.193000e+000
10  7.535000e+000
11  1.756000e+001
12  1.195000e+001
13  1.594000e+001
14  1.101000e+001
15  1.956000e+001
16  3.837000e+001
17  2.436000e+001
18  1.563000e+001
19  9.974000e+000
22  8.250000e+000
23  1.711000e+001
24  1.502000e+001
25  1.353000e+001
26  1.610000e+001
27  1.526000e+001
28  3.899000e+001
29  1.680000e+001
30  1.109000e+001
31  8.960000e+000
32  8.178000e+000
33  7.579000e+000
34  7.007000e+000
35  7.975000e+000
36  6.165000e+000
37  7.642000e+000
38  1.084000e+001
39  1.314000e+001
40  3.236000e+001
41  2.744000e+001
42  1.481000e+001
43  9.394000e+000
44  8.129000e+000
45  7.438000e+000
46  6.978000e+000
47  7.350000e+000
48  9.509000e+000
49  1.044000e+001
50  8.892000e+000
51  1.094000e+001
52  2.083000e+001
53  2.524000e+001
54  9.155000e+000
55  8.103000e+000
56  7.301000e+000
57  6.472000e+000
58  6.021000e+000
59  8.301000e+000
60  6.584000e+000
61  1.089000e+001
62  1.944000e+001
63  1.440000e+001
64  2.168000e+001
65  7.861000e+000
66  6.301000e+000
67  5.420000e+000
68  4.997000e+000
69  4.551000e+000
70  4.152000e+000
71  3.882000e+000
72  3.720000e+000
77  7.361000e+000
78  3.921000e+000
79  3.356000e+000
80  3.104000e+000
81  2.858000e+000
82  2.686000e+000
83  3.632000e+000
84  3.365000e+000
85  3.084000e+000
86  3.544000e+000
87  4.011000e+000
88  1.425000e+001
89  7.804000e+000
90  3.182000e+000
91  2.571000e+000
92  2.316000e+000
93  2.122000e+000
94  2.470000e+000
95  3.774000e+000
96  3.404000e+000
97  2.705000e+000
98  3.252000e+000
99  1.320000e+001
100  1.932000e+001
101  1.195000e+001
102  5.095000e+000
103  3.920000e+000
104  3.649000e+000
105  3.273000e+000
106  3.135000e+000
107  3.841000e+000
108  6.276000e+000
   177 
1  1.040000e+001
2  7.964000e+000
3  3.192000e+001
4  8.077000e+001
5  4.631000e+001
6  1.194000e+001
7  6.334000e+000
9  9.254000e-001
10  6.141000e-001
11  1.313000e+001
12  9.491000e+000
13  1.686000e+001
14  1.190000e+001
15  3.126000e+001
16  7.197000e+001
17  3.027000e+001
18  1.546000e+001
19  3.693000e+000
22  5.095000e-001
23  1.337000e+001
24  1.277000e+001
25  1.161000e+001
26  1.646000e+001
27  2.572000e+001
28  6.514000e+001
29  2.266000e+001
30  8.586000e+000
31  2.855000e+000
32  1.301000e+000
33  6.402000e-001
34  3.664000e-001
35  1.063000e+000
36  1.512000e+000
37  2.130000e+000
38  8.189000e+000
39  1.564000e+001
40  6.575000e+001
41  4.276000e+001
42  1.677000e+001
43  5.603000e+000
44  1.955000e+000
45  8.648000e-001
46  4.692000e-001
47  6.522000e-001
48  4.866000e+000
49  8.304000e+000
50  6.304000e+000
51  9.127000e+000
52  4.331000e+001
53  3.965000e+001
54  1.106000e+001
55  3.605000e+000
56  1.745000e+000
57  9.669000e-001
58  4.629000e-001
59  2.845000e+000
60  3.326000e+000
61  8.816000e+000
62  1.535000e+001
63  1.584000e+001
64  3.538000e+001
65  1.283000e+001
66  4.320000e+000
67  1.674000e+000
68  8.356000e-001
69  5.279000e-001
70  3.305000e-001
71  1.991000e-001
72  1.436000e-001
77  1.106000e+001
78  3.796000e+000
79  1.559000e+000
80  6.337000e-001
81  2.513000e-001
82  1.207000e-001
83  5.241000e-001
84  1.802000e+000
85  1.496000e+000
86  1.882000e+000
87  3.499000e+000
88  2.073000e+001
89  1.280000e+001
90  4.208000e+000
91  1.689000e+000
92  6.758000e-001
93  2.623000e-001
94  1.769000e-001
95  2.326000e+000
96  2.646000e+000
97  2.422000e+000
98  2.673000e+000
99  2.067000e+001
100  3.602000e+001
101  2.203000e+001
102  7.549000e+000
103  2.365000e+000
104  1.063000e+000
105  5.736000e-001
106  2.827000e-001
107  6.491000e-001
108  5.782000e+000
   178 
1  1.383000e+001
2  9.759000e+000
3  2.254000e+001
4  4.605000e+001
5  5.298000e+001
6  3.807000e+001
7  1.343000e+001
9  2.101000e+000
10  1.346000e+000
11  3.613000e+000
12  9.694000e+000
13  1.422000e+001
14  1.411000e+001
15  2.027000e+001
16  4.064000e+001
17  4.630000e+001
18  3.176000e+001
19  9.650000e+000
22  1.199000e+000
23  3.636000e+000
24  1.176000e+001
25  1.142000e+001
26  1.497000e+001
27  1.992000e+001
28  3.928000e+001
29  4.063000e+001
30  1.937000e+001
31  6.144000e+000
32  2.551000e+000
33  1.631000e+000
34  1.058000e+000
35  7.371000e-001
36  5.816000e-001
37  6.998000e-001
38  3.397000e+000
39  1.151000e+001
40  3.211000e+001
41  4.545000e+001
42  3.806000e+001
43  1.343000e+001
44  4.245000e+000
45  2.076000e+000
46  1.291000e+000
47  8.718000e-001
48  7.190000e-001
49  4.957000e+000
50  5.768000e+000
51  7.698000e+000
52  2.208000e+001
53  3.698000e+001
54  2.857000e+001
55  9.133000e+000
56  3.120000e+000
57  1.839000e+000
58  1.183000e+000
59  8.544000e-001
60  1.407000e+000
61  4.210000e+000
62  1.093000e+001
63  1.378000e+001
64  2.791000e+001
65  2.199000e+001
66  8.177000e+000
67  3.266000e+000
68  1.842000e+000
69  1.165000e+000
70  7.861000e-001
71  5.062000e-001
72  3.278000e-001
77  1.292000e+001
78  6.291000e+000
79  2.794000e+000
80  1.695000e+000
81  1.064000e+000
82  6.598000e-001
83  3.847000e-001
84  3.087000e-001
85  7.117000e-001
86  1.342000e+000
87  1.817000e+000
88  1.103000e+001
89  1.509000e+001
90  7.811000e+000
91  3.207000e+000
92  1.806000e+000
93  1.121000e+000
94  6.979000e-001
95  4.626000e-001
96  8.951000e-001
97  2.079000e+000
98  2.121000e+000
99  1.062000e+001
100  2.578000e+001
101  2.840000e+001
102  1.347000e+001
103  4.892000e+000
104  2.215000e+000
105  1.400000e+000
106  9.268000e-001
107  5.816000e-001
108  7.089000e-001
   179 
1  8.248000e+000
2  8.871000e+000
3  3.101000e+001
4  6.391000e+001
5  4.217000e+001
6  1.816000e+001
7  1.181000e+001
9  4.175000e+000
10  2.835000e+000
11  1.617000e+001
12  7.796000e+000
13  1.544000e+001
14  1.044000e+001
15  2.704000e+001
16  5.751000e+001
17  2.909000e+001
18  2.123000e+001
19  9.510000e+000
22  3.029000e+000
23  1.570000e+001
24  1.084000e+001
25  1.141000e+001
26  1.526000e+001
27  2.066000e+001
28  5.296000e+001
29  2.330000e+001
30  1.296000e+001
31  8.023000e+000
32  4.884000e+000
33  3.039000e+000
34  2.015000e+000
35  2.943000e+000
36  1.409000e+000
37  3.134000e+000
38  8.039000e+000
39  1.366000e+001
40  4.935000e+001
41  3.842000e+001
42  1.961000e+001
43  1.116000e+001
44  6.603000e+000
45  4.073000e+000
46  2.646000e+000
47  2.980000e+000
48  6.205000e+000
49  7.387000e+000
50  6.681000e+000
51  8.454000e+000
52  3.446000e+001
53  3.005000e+001
54  1.392000e+001
55  9.334000e+000
56  5.615000e+000
57  3.256000e+000
58  2.123000e+000
59  5.427000e+000
60  2.944000e+000
61  1.058000e+001
62  1.496000e+001
63  1.482000e+001
64  2.604000e+001
65  1.157000e+001
66  7.018000e+000
67  4.339000e+000
68  2.685000e+000
69  1.788000e+000
70  1.077000e+000
71  7.152000e-001
72  5.325000e-001
77  8.986000e+000
78  4.273000e+000
79  2.610000e+000
80  1.690000e+000
81  1.081000e+000
82  7.331000e-001
83  1.783000e+000
84  1.718000e+000
85  1.468000e+000
86  2.281000e+000
87  3.671000e+000
88  1.743000e+001
89  1.014000e+001
90  4.494000e+000
91  2.747000e+000
92  1.763000e+000
93  1.118000e+000
94  1.510000e+000
95  2.764000e+000
96  2.512000e+000
97  1.843000e+000
98  3.688000e+000
99  1.803000e+001
100  2.850000e+001
101  1.902000e+001
102  9.311000e+000
103  5.748000e+000
104  3.586000e+000
105  2.152000e+000
106  1.513000e+000
107  2.767000e+000
108  5.895000e+000
   180 
1  6.553000e+000
2  7.751000e+000
3  4.155000e+001
4  8.818000e+001
5  3.950000e+001
6  3.740000e+000
7  2.746000e+000
9  6.130000e-001
10  5.567000e-001
11  1.518000e+001
12  1.015000e+001
13  2.033000e+001
14  1.234000e+001
15  3.994000e+001
16  7.672000e+001
17  1.931000e+001
18  9.565000e+000
19  1.571000e+000
22  5.302000e-001
23  1.488000e+001
24  1.526000e+001
25  1.152000e+001
26  2.232000e+001
27  3.388000e+001
28  6.552000e+001
29  1.297000e+001
30  3.562000e+000
31  1.047000e+000
32  6.314000e-001
33  4.584000e-001
34  3.568000e-001
35  8.025000e-001
36  7.509000e-001
37  3.087000e+000
38  7.977000e+000
39  2.613000e+001
40  7.683000e+001
41  3.451000e+001
42  8.078000e+000
43  1.855000e+000
44  8.283000e-001
45  5.419000e-001
46  4.192000e-001
47  1.421000e+000
48  5.708000e+000
49  6.699000e+000
50  5.338000e+000
51  1.312000e+001
52  5.576000e+001
53  3.559000e+001
54  2.936000e+000
55  1.173000e+000
56  8.963000e-001
57  5.297000e-001
58  3.253000e-001
59  4.623000e+000
60  2.607000e+000
61  6.334000e+000
62  1.383000e+001
63  2.734000e+001
64  3.987000e+001
65  3.712000e+000
66  1.720000e+000
67  6.002000e-001
68  4.405000e-001
69  3.188000e-001
70  2.044000e-001
71  1.454000e-001
72  1.604000e-001
77  7.585000e+000
78  1.227000e+000
79  3.841000e-001
80  2.105000e-001
81  1.520000e-001
82  1.161000e-001
83  9.799000e-001
84  1.894000e+000
85  1.721000e+000
86  1.428000e+000
87  5.449000e+000
88  2.569000e+001
89  9.753000e+000
90  1.259000e+000
91  3.811000e-001
92  2.107000e-001
93  1.519000e-001
94  3.267000e-001
95  2.669000e+000
96  2.517000e+000
97  1.828000e+000
98  2.901000e+000
99  3.268000e+001
100  3.639000e+001
101  1.665000e+001
102  1.982000e+000
103  6.961000e-001
104  4.794000e-001
105  3.290000e-001
106  2.515000e-001
107  2.320000e+000
108  5.580000e+000
   181 
1  2.924000e+000
2  6.507000e+000
3  4.699000e+001
4  9.098000e+001
5  2.881000e+001
6  3.156000e+000
7  2.048000e+000
9  5.957000e-001
10  1.275000e+000
11  1.823000e+001
12  5.713000e+000
13  1.904000e+001
14  1.189000e+001
15  4.608000e+001
16  7.857000e+001
17  7.422000e+000
18  7.909000e+000
19  5.212000e-001
22  1.573000e+000
23  1.899000e+001
24  1.020000e+001
25  1.044000e+001
26  2.224000e+001
27  3.952000e+001
28  5.922000e+001
29  9.178000e+000
30  8.408000e-001
31  4.400000e-001
32  3.037000e-001
33  2.612000e-001
34  2.294000e-001
35  2.502000e+000
36  1.514000e-001
37  4.474000e+000
38  7.701000e+000
39  2.789000e+001
40  7.846000e+001
41  2.912000e+001
42  2.648000e+000
43  8.955000e-001
44  3.677000e-001
45  2.682000e-001
46  5.649000e-001
47  1.838000e+000
48  8.508000e+000
49  6.694000e+000
50  6.012000e+000
51  1.001000e+001
52  6.891000e+001
53  1.849000e+001
54  9.194000e-001
55  1.004000e+000
56  5.513000e-001
57  2.191000e-001
58  3.650000e-001
59  5.605000e+000
60  2.571000e+000
61  1.226000e+001
62  1.388000e+001
63  2.450000e+001
64  3.321000e+001
65  2.369000e+000
66  3.579000e-001
67  4.467000e-001
68  2.876000e-001
69  1.287000e-001
70  8.678000e-002
71  1.507000e-001
72  4.621000e-001
77  4.242000e+000
78  2.006000e-001
79  1.201000e-001
80  8.348000e-002
81  6.006000e-002
82  6.988000e-001
83  2.000000e+000
84  1.161000e+000
85  1.821000e+000
86  2.311000e+000
87  7.826000e+000
88  2.370000e+001
89  6.128000e+000
90  2.114000e-001
91  1.165000e-001
92  7.948000e-002
93  6.053000e-002
94  2.510000e+000
95  2.575000e+000
96  3.267000e+000
97  3.304000e-001
98  6.215000e+000
99  3.233000e+001
100  3.337000e+001
101  1.227000e+001
102  4.215000e-001
103  3.972000e-001
104  2.253000e-001
105  1.321000e-001
106  3.788000e-001
107  4.133000e+000
108  6.680000e+000
   182 
1  7.739000e+000
2  7.389000e+000
3  3.671000e+001
4  8.083000e+001
5  4.659000e+001
6  5.075000e+000
7  2.253000e+000
9  5.861000e-001
10  5.449000e-001
11  1.169000e+001
12  8.250000e+000
13  1.838000e+001
14  1.215000e+001
15  3.387000e+001
16  6.876000e+001
17  3.032000e+001
18  6.696000e+000
19  1.732000e+000
22  4.433000e-001
23  1.094000e+001
24  1.461000e+001
25  1.048000e+001
26  2.000000e+001
27  2.754000e+001
28  6.458000e+001
29  1.619000e+001
30  4.394000e+000
31  1.214000e+000
32  6.238000e-001
33  4.286000e-001
34  3.312000e-001
35  6.522000e-001
36  7.929000e-001
37  2.049000e+000
38  5.802000e+000
39  2.132000e+001
40  6.699000e+001
41  3.993000e+001
42  1.062000e+001
43  2.031000e+000
44  8.687000e-001
45  5.139000e-001
46  3.816000e-001
47  6.420000e-001
48  4.753000e+000
49  6.328000e+000
50  3.698000e+000
51  1.001000e+001
52  4.452000e+001
53  4.442000e+001
54  3.279000e+000
55  1.115000e+000
56  8.192000e-001
57  5.363000e-001
58  3.099000e-001
59  2.740000e+000
60  2.703000e+000
61  5.391000e+000
62  1.398000e+001
63  1.918000e+001
64  4.187000e+001
65  5.273000e+000
66  1.803000e+000
67  6.847000e-001
68  4.180000e-001
69  3.058000e-001
70  2.003000e-001
71  1.326000e-001
72  1.336000e-001
77  7.386000e+000
78  1.385000e+000
79  4.392000e-001
80  1.974000e-001
81  1.345000e-001
82  9.884000e-002
83  4.615000e-001
84  1.566000e+000
85  1.622000e+000
86  1.522000e+000
87  3.835000e+000
88  2.358000e+001
89  9.114000e+000
90  1.578000e+000
91  4.785000e-001
92  2.004000e-001
93  1.340000e-001
94  1.550000e-001
95  2.052000e+000
96  2.442000e+000
97  2.097000e+000
98  2.021000e+000
99  2.546000e+001
100  3.571000e+001
101  1.765000e+001
102  2.673000e+000
103  8.081000e-001
104  4.455000e-001
105  3.150000e-001
106  2.194000e-001
107  9.182000e-001
108  4.869000e+000
   183 
1  5.647000e+000
2  6.312000e+000
3  3.816000e+001
4  8.803000e+001
5  3.811000e+001
6  3.503000e+000
7  3.338000e+000
9  4.081000e-001
10  4.897000e-001
11  1.537000e+001
12  7.182000e+000
13  1.688000e+001
14  1.145000e+001
15  3.917000e+001
16  7.428000e+001
17  1.915000e+001
18  8.596000e+000
19  1.176000e+000
22  7.651000e-001
23  1.562000e+001
24  1.178000e+001
25  1.012000e+001
26  1.966000e+001
27  3.253000e+001
28  6.474000e+001
29  1.097000e+001
30  3.215000e+000
31  7.376000e-001
32  3.704000e-001
33  2.773000e-001
34  2.334000e-001
35  2.071000e+000
36  7.388000e-001
37  3.007000e+000
38  7.102000e+000
39  2.158000e+001
40  7.550000e+001
41  3.242000e+001
42  6.989000e+000
43  1.708000e+000
44  5.638000e-001
45  3.060000e-001
46  3.215000e-001
47  1.294000e+000
48  6.512000e+000
49  7.459000e+000
50  4.600000e+000
51  8.738000e+000
52  5.165000e+001
53  3.575000e+001
54  2.237000e+000
55  1.037000e+000
56  7.703000e-001
57  3.690000e-001
58  2.041000e-001
59  4.132000e+000
60  2.568000e+000
61  9.615000e+000
62  1.491000e+001
63  1.913000e+001
64  3.748000e+001
65  3.398000e+000
66  1.475000e+000
67  3.697000e-001
68  3.746000e-001
69  2.641000e-001
70  1.279000e-001
71  1.050000e-001
72  1.852000e-001
77  6.759000e+000
78  1.001000e+000
79  2.163000e-001
80  1.065000e-001
81  7.344000e-002
82  7.743000e-002
83  1.577000e+000
84  1.416000e+000
85  1.496000e+000
86  1.897000e+000
87  5.476000e+000
88  2.405000e+001
89  7.712000e+000
90  1.075000e+000
91  2.221000e-001
92  1.019000e-001
93  6.971000e-002
94  9.516000e-001
95  2.583000e+000
96  2.967000e+000
97  1.913000e+000
98  3.307000e+000
99  2.814000e+001
100  3.375000e+001
101  1.517000e+001
102  1.786000e+000
103  4.174000e-001
104  3.566000e-001
105  1.937000e-001
106  2.009000e-001
107  1.873000e+000
108  6.282000e+000
   184 
1  6.373000e+000
2  7.392000e+000
3  3.051000e+001
4  6.404000e+001
5  4.389000e+001
6  1.489000e+001
7  1.025000e+001
9  3.046000e+000
10  2.019000e+000
11  1.600000e+001
12  6.711000e+000
13  1.434000e+001
14  9.213000e+000
15  2.681000e+001
16  5.804000e+001
17  2.933000e+001
18  1.888000e+001
19  7.223000e+000
22  2.512000e+000
23  1.564000e+001
24  1.033000e+001
25  1.029000e+001
26  1.465000e+001
27  2.039000e+001
28  5.455000e+001
29  2.112000e+001
30  1.051000e+001
31  5.849000e+000
32  3.378000e+000
33  2.115000e+000
34  1.328000e+000
35  3.095000e+000
36  9.221000e-001
37  3.298000e+000
38  7.298000e+000
39  1.419000e+001
40  4.958000e+001
41  3.888000e+001
42  1.696000e+001
43  8.556000e+000
44  4.662000e+000
45  2.759000e+000
46  1.898000e+000
47  2.437000e+000
48  6.247000e+000
49  7.300000e+000
50  5.594000e+000
51  7.610000e+000
52  3.149000e+001
53  3.382000e+001
54  1.185000e+001
55  7.324000e+000
56  4.146000e+000
57  2.323000e+000
58  1.459000e+000
59  5.042000e+000
60  2.414000e+000
61  9.808000e+000
62  1.554000e+001
63  1.440000e+001
64  2.627000e+001
65  9.736000e+000
66  5.377000e+000
67  3.122000e+000
68  1.921000e+000
69  1.187000e+000
70  6.707000e-001
71  4.475000e-001
72  4.077000e-001
77  8.172000e+000
78  3.034000e+000
79  1.807000e+000
80  1.082000e+000
81  6.600000e-001
82  4.626000e-001
83  1.999000e+000
84  1.479000e+000
85  1.361000e+000
86  2.142000e+000
87  4.293000e+000
88  1.823000e+001
89  9.002000e+000
90  3.027000e+000
91  1.805000e+000
92  1.069000e+000
93  6.518000e-001
94  1.654000e+000
95  2.575000e+000
96  2.601000e+000
97  1.630000e+000
98  3.892000e+000
99  1.899000e+001
100  2.843000e+001
101  1.722000e+001
102  6.757000e+000
103  3.895000e+000
104  2.372000e+000
105  1.359000e+000
106  1.000000e+000
107  2.560000e+000
108  5.401000e+000
   185 
1  1.116000e+001
2  8.432000e+000
3  2.927000e+001
4  6.489000e+001
5  5.021000e+001
6  2.199000e+001
7  6.864000e+000
9  1.664000e+000
10  1.133000e+000
11  6.726000e+000
12  9.135000e+000
13  1.590000e+001
14  1.303000e+001
15  2.714000e+001
16  5.274000e+001
17  4.490000e+001
18  1.556000e+001
19  5.694000e+000
22  1.012000e+000
23  6.351000e+000
24  1.278000e+001
25  1.056000e+001
26  1.798000e+001
27  2.429000e+001
28  5.059000e+001
29  3.177000e+001
30  9.842000e+000
31  3.838000e+000
32  1.879000e+000
33  1.286000e+000
34  8.660000e-001
35  6.567000e-001
36  6.043000e-001
37  8.016000e-001
38  4.710000e+000
39  1.616000e+001
40  4.574000e+001
41  4.935000e+001
42  2.248000e+001
43  7.021000e+000
44  2.811000e+000
45  1.608000e+000
46  1.055000e+000
47  7.524000e-001
48  1.646000e+000
49  5.738000e+000
50  5.539000e+000
51  8.712000e+000
52  3.196000e+001
53  4.333000e+001
54  1.512000e+001
55  4.837000e+000
56  2.115000e+000
57  1.442000e+000
58  9.750000e-001
59  8.313000e-001
60  2.215000e+000
61  5.362000e+000
62  1.176000e+001
63  1.774000e+001
64  3.333000e+001
65  1.380000e+001
66  5.359000e+000
67  2.328000e+000
68  1.439000e+000
69  9.465000e-001
70  6.776000e-001
71  4.601000e-001
72  3.197000e-001
77  9.937000e+000
78  4.237000e+000
79  2.008000e+000
80  1.295000e+000
81  8.395000e-001
82  5.428000e-001
83  3.353000e-001
84  3.379000e-001
85  8.663000e-001
86  1.430000e+000
87  2.431000e+000
88  1.753000e+001
89  1.239000e+001
90  4.907000e+000
91  2.187000e+000
92  1.358000e+000
93  8.702000e-001
94  5.660000e-001
95  4.427000e-001
96  1.424000e+000
97  2.418000e+000
98  2.085000e+000
99  1.759000e+001
100  3.120000e+001
101  2.269000e+001
102  8.193000e+000
103  3.207000e+000
104  1.653000e+000
105  1.100000e+000
106  7.662000e-001
107  5.153000e-001
108  1.817000e+000
   186 
1  8.921000e+000
2  9.214000e+000
3  2.891000e+001
4  6.338000e+001
5  4.558000e+001
6  1.923000e+001
7  1.007000e+001
9  2.829000e+000
10  1.518000e+000
11  1.213000e+001
12  5.853000e+000
13  1.440000e+001
14  1.102000e+001
15  2.442000e+001
16  5.688000e+001
17  3.299000e+001
18  1.884000e+001
19  8.318000e+000
22  1.855000e+000
23  1.075000e+001
24  1.032000e+001
25  1.166000e+001
26  1.393000e+001
27  2.022000e+001
28  5.087000e+001
29  2.536000e+001
30  1.340000e+001
31  6.690000e+000
32  3.395000e+000
33  1.876000e+000
34  1.109000e+000
35  1.709000e+000
36  4.874000e-001
37  2.131000e+000
38  5.127000e+000
39  1.238000e+001
40  4.869000e+001
41  4.021000e+001
42  2.065000e+001
43  1.021000e+001
44  5.021000e+000
45  2.665000e+000
46  1.613000e+000
47  1.774000e+000
48  4.362000e+000
49  5.586000e+000
50  5.372000e+000
51  6.323000e+000
52  3.178000e+001
53  3.466000e+001
54  1.543000e+001
55  7.945000e+000
56  3.999000e+000
57  2.037000e+000
58  1.224000e+000
59  3.206000e+000
60  2.269000e+000
61  8.406000e+000
62  1.183000e+001
63  1.241000e+001
64  2.796000e+001
65  1.387000e+001
66  6.925000e+000
67  3.597000e+000
68  1.865000e+000
69  1.019000e+000
70  5.434000e-001
71  3.475000e-001
72  3.592000e-001
77  8.903000e+000
78  4.045000e+000
79  2.102000e+000
80  1.094000e+000
81  5.724000e-001
82  4.287000e-001
83  1.258000e+000
84  1.287000e+000
85  1.464000e+000
86  2.088000e+000
87  3.035000e+000
88  1.612000e+001
89  9.818000e+000
90  4.400000e+000
91  2.266000e+000
92  1.159000e+000
93  6.090000e-001
94  1.060000e+000
95  1.873000e+000
96  2.122000e+000
97  1.609000e+000
98  3.521000e+000
99  1.582000e+001
100  2.657000e+001
101  1.973000e+001
102  9.837000e+000
103  4.934000e+000
104  2.526000e+000
105  1.334000e+000
106  8.854000e-001
107  2.025000e+000
108  4.086000e+000
   187 
1  1.068000e+001
2  9.661000e+000
3  2.114000e+001
4  4.856000e+001
5  4.338000e+001
6  2.420000e+001
7  1.500000e+001
9  8.098000e+000
10  6.117000e+000
11  9.965000e+000
12  8.403000e+000
13  1.182000e+001
14  1.005000e+001
15  2.042000e+001
16  4.017000e+001
17  3.366000e+001
18  2.393000e+001
19  1.411000e+001
22  5.644000e+000
23  1.037000e+001
24  9.348000e+000
25  9.480000e+000
26  1.256000e+001
27  1.518000e+001
28  3.983000e+001
29  2.686000e+001
30  1.571000e+001
31  1.162000e+001
32  8.659000e+000
33  6.484000e+000
34  4.834000e+000
35  4.039000e+000
36  3.182000e+000
37  2.963000e+000
38  4.489000e+000
39  8.285000e+000
40  3.251000e+001
41  3.254000e+001
42  2.291000e+001
43  1.420000e+001
44  1.049000e+001
45  7.875000e+000
46  5.876000e+000
47  4.547000e+000
48  4.666000e+000
49  5.405000e+000
50  6.460000e+000
51  6.891000e+000
52  2.220000e+001
53  2.476000e+001
54  1.467000e+001
55  1.180000e+001
56  9.057000e+000
57  6.945000e+000
58  5.196000e+000
59  4.671000e+000
60  3.840000e+000
61  6.685000e+000
62  8.835000e+000
63  1.206000e+001
64  1.809000e+001
65  1.249000e+001
66  1.006000e+001
67  7.746000e+000
68  5.869000e+000
69  4.471000e+000
70  3.352000e+000
71  2.446000e+000
72  1.923000e+000
77  8.895000e+000
78  6.593000e+000
79  5.021000e+000
80  3.757000e+000
81  2.881000e+000
82  2.208000e+000
83  1.838000e+000
84  1.676000e+000
85  1.620000e+000
86  1.591000e+000
87  1.889000e+000
88  7.253000e+000
89  9.332000e+000
90  6.635000e+000
91  5.038000e+000
92  3.806000e+000
93  2.935000e+000
94  2.398000e+000
95  2.288000e+000
96  2.327000e+000
97  2.257000e+000
98  2.485000e+000
99  7.110000e+000
100  1.877000e+001
101  1.753000e+001
102  1.134000e+001
103  8.681000e+000
104  6.654000e+000
105  4.960000e+000
106  3.717000e+000
107  2.797000e+000
108  3.405000e+000
   188 
1  7.956000e+000
2  7.757000e+000
3  3.792000e+001
4  8.174000e+001
5  4.763000e+001
6  5.063000e+000
7  3.665000e+000
9  5.505000e-001
10  5.563000e-001
11  1.410000e+001
12  1.092000e+001
13  1.973000e+001
14  1.221000e+001
15  3.479000e+001
16  7.202000e+001
17  2.927000e+001
18  9.859000e+000
19  1.872000e+000
22  4.776000e-001
23  1.392000e+001
24  1.594000e+001
25  1.111000e+001
26  2.174000e+001
27  2.836000e+001
28  6.674000e+001
29  1.751000e+001
30  4.569000e+000
31  1.192000e+000
32  5.813000e-001
33  3.943000e-001
34  3.149000e-001
35  1.058000e+000
36  1.073000e+000
37  2.898000e+000
38  8.512000e+000
39  2.277000e+001
40  6.841000e+001
41  4.127000e+001
42  1.222000e+001
43  2.285000e+000
44  8.996000e-001
45  4.797000e-001
46  3.545000e-001
47  1.222000e+000
48  5.876000e+000
49  7.549000e+000
50  5.108000e+000
51  1.243000e+001
52  4.680000e+001
53  4.361000e+001
54  3.828000e+000
55  1.269000e+000
56  9.892000e-001
57  6.049000e-001
58  3.013000e-001
59  4.367000e+000
60  2.956000e+000
61  7.089000e+000
62  1.659000e+001
63  2.084000e+001
64  4.157000e+001
65  5.269000e+000
66  2.019000e+000
67  7.067000e-001
68  4.468000e-001
69  3.515000e-001
70  2.208000e-001
71  1.304000e-001
72  1.393000e-001
77  8.595000e+000
78  1.551000e+000
79  4.710000e-001
80  1.936000e-001
81  1.274000e-001
82  9.470000e-002
83  9.018000e-001
84  1.933000e+000
85  1.733000e+000
86  1.765000e+000
87  4.367000e+000
88  2.484000e+001
89  1.145000e+001
90  1.688000e+000
91  4.841000e-001
92  1.940000e-001
93  1.269000e-001
94  2.334000e-001
95  2.834000e+000
96  2.805000e+000
97  2.194000e+000
98  2.543000e+000
99  2.761000e+001
100  3.832000e+001
101  1.952000e+001
102  2.688000e+000
103  8.029000e-001
104  4.475000e-001
105  3.367000e-001
106  2.163000e-001
107  1.739000e+000
108  5.643000e+000
   189 
1  8.414000e+000
2  8.795000e+000
3  3.087000e+001
4  6.752000e+001
5  4.689000e+001
6  1.667000e+001
7  7.608000e+000
9  1.739000e+000
10  1.026000e+000
11  1.301000e+001
12  6.034000e+000
13  1.575000e+001
14  1.140000e+001
15  2.629000e+001
16  6.181000e+001
17  3.228000e+001
18  1.663000e+001
19  5.924000e+000
22  1.410000e+000
23  1.175000e+001
24  1.114000e+001
25  1.172000e+001
26  1.524000e+001
27  2.219000e+001
28  5.457000e+001
29  2.437000e+001
30  1.092000e+001
31  4.696000e+000
32  2.125000e+000
33  1.094000e+000
34  6.267000e-001
35  1.577000e+000
36  2.684000e-001
37  2.636000e+000
38  5.616000e+000
39  1.502000e+001
40  5.279000e+001
41  4.200000e+001
42  1.869000e+001
43  7.665000e+000
44  3.300000e+000
45  1.569000e+000
46  1.020000e+000
47  1.479000e+000
48  4.921000e+000
49  6.063000e+000
50  5.556000e+000
51  6.943000e+000
52  3.512000e+001
53  3.727000e+001
54  1.331000e+001
55  5.929000e+000
56  2.643000e+000
57  1.187000e+000
58  7.691000e-001
59  3.484000e+000
60  2.298000e+000
61  8.782000e+000
62  1.319000e+001
63  1.379000e+001
64  3.056000e+001
65  1.266000e+001
66  5.361000e+000
67  2.491000e+000
68  1.145000e+000
69  5.450000e-001
70  2.915000e-001
71  2.259000e-001
72  2.868000e-001
77  8.868000e+000
78  3.286000e+000
79  1.442000e+000
80  6.414000e-001
81  3.091000e-001
82  4.084000e-001
83  1.314000e+000
84  1.324000e+000
85  1.599000e+000
86  2.106000e+000
87  3.747000e+000
88  1.771000e+001
89  9.965000e+000
90  3.635000e+000
91  1.576000e+000
92  6.891000e-001
93  3.321000e-001
94  1.292000e+000
95  1.979000e+000
96  2.269000e+000
97  1.365000e+000
98  4.198000e+000
99  1.826000e+001
100  2.919000e+001
101  1.964000e+001
102  8.123000e+000
103  3.545000e+000
104  1.571000e+000
105  7.439000e-001
106  5.677000e-001
107  2.510000e+000
108  4.127000e+000
   190 
1  9.119000e+000
2  6.155000e+000
3  3.131000e+001
4  7.722000e+001
5  5.180000e+001
6  6.797000e+000
7  4.251000e+000
9  4.255000e-001
10  5.059000e-001
11  1.290000e+001
12  1.008000e+001
13  1.598000e+001
14  1.123000e+001
15  2.996000e+001
16  6.757000e+001
17  3.560000e+001
18  9.833000e+000
19  1.900000e+000
22  5.582000e-001
23  1.351000e+001
24  1.407000e+001
25  9.148000e+000
26  1.846000e+001
27  2.323000e+001
28  6.413000e+001
29  2.234000e+001
30  4.841000e+000
31  1.152000e+000
32  4.329000e-001
33  2.760000e-001
34  2.307000e-001
35  1.909000e+000
36  1.257000e+000
37  2.634000e+000
38  7.714000e+000
39  1.719000e+001
40  6.233000e+001
41  4.217000e+001
42  1.493000e+001
43  2.382000e+000
44  7.899000e-001
45  3.334000e-001
46  3.166000e-001
47  1.085000e+000
48  5.420000e+000
49  8.664000e+000
50  4.307000e+000
51  9.238000e+000
52  3.590000e+001
53  4.970000e+001
54  4.693000e+000
55  1.265000e+000
56  9.698000e-001
57  5.078000e-001
58  2.192000e-001
59  3.606000e+000
60  3.048000e+000
61  6.579000e+000
62  1.729000e+001
63  1.505000e+001
64  3.911000e+001
65  7.560000e+000
66  2.016000e+000
67  5.961000e-001
68  3.981000e-001
69  3.050000e-001
70  1.750000e-001
71  1.196000e-001
72  1.601000e-001
77  9.052000e+000
78  1.667000e+000
79  3.923000e-001
80  1.243000e-001
81  7.416000e-002
82  5.804000e-002
83  1.264000e+000
84  1.727000e+000
85  1.385000e+000
86  1.782000e+000
87  3.817000e+000
88  2.112000e+001
89  1.262000e+001
90  1.839000e+000
91  4.229000e-001
92  1.230000e-001
93  7.026000e-002
94  3.781000e-001
95  3.094000e+000
96  2.809000e+000
97  2.390000e+000
98  2.125000e+000
99  2.109000e+001
100  3.506000e+001
101  2.150000e+001
102  3.184000e+000
103  7.182000e-001
104  3.525000e-001
105  2.607000e-001
106  1.584000e-001
107  9.415000e-001
108  5.974000e+000
   191 
1  8.008000e+000
2  6.326000e+000
3  3.388000e+001
4  7.996000e+001
5  4.789000e+001
6  7.326000e+000
7  4.954000e+000
9  6.316000e-001
10  7.912000e-001
11  1.669000e+001
12  1.120000e+001
13  1.733000e+001
14  1.138000e+001
15  3.212000e+001
16  7.334000e+001
17  2.909000e+001
18  1.234000e+001
19  2.080000e+000
22  8.767000e-001
23  1.735000e+001
24  1.465000e+001
25  1.004000e+001
26  1.966000e+001
27  2.560000e+001
28  6.548000e+001
29  2.122000e+001
30  4.560000e+000
31  1.155000e+000
32  5.712000e-001
33  3.364000e-001
34  2.532000e-001
35  2.856000e+000
36  1.418000e+000
37  4.053000e+000
38  8.775000e+000
39  1.952000e+001
40  6.514000e+001
41  4.320000e+001
42  1.369000e+001
43  2.912000e+000
44  1.034000e+000
45  4.849000e-001
46  4.080000e-001
47  1.880000e+000
48  7.285000e+000
49  9.830000e+000
50  5.454000e+000
51  1.060000e+001
52  4.486000e+001
53  4.144000e+001
54  4.970000e+000
55  1.530000e+000
56  1.270000e+000
57  7.720000e-001
58  3.737000e-001
59  5.437000e+000
60  3.490000e+000
61  7.351000e+000
62  1.798000e+001
63  1.825000e+001
64  3.867000e+001
65  7.157000e+000
66  1.959000e+000
67  7.703000e-001
68  5.446000e-001
69  4.680000e-001
70  3.254000e-001
71  2.407000e-001
72  2.276000e-001
77  9.030000e+000
78  1.730000e+000
79  6.232000e-001
80  2.345000e-001
81  1.090000e-001
82  7.038000e-002
83  1.769000e+000
84  1.987000e+000
85  1.621000e+000
86  1.988000e+000
87  5.609000e+000
88  2.274000e+001
89  1.247000e+001
90  1.852000e+000
91  6.364000e-001
92  2.373000e-001
93  1.070000e-001
94  9.352000e-001
95  3.584000e+000
96  3.649000e+000
97  2.154000e+000
98  3.186000e+000
99  2.343000e+001
100  3.698000e+001
101  2.185000e+001
102  3.258000e+000
103  8.817000e-001
104  4.829000e-001
105  4.070000e-001
106  2.217000e-001
107  2.042000e+000
108  7.424000e+000
   192 
1  7.575000e+000
2  7.901000e+000
3  3.861000e+001
4  8.377000e+001
5  4.535000e+001
6  4.598000e+000
7  3.378000e+000
9  5.660000e-001
10  5.748000e-001
11  1.454000e+001
12  1.050000e+001
13  2.002000e+001
14  1.224000e+001
15  3.638000e+001
16  7.222000e+001
17  2.735000e+001
18  9.700000e+000
19  1.779000e+000
22  5.121000e-001
23  1.436000e+001
24  1.571000e+001
25  1.127000e+001
26  2.180000e+001
27  2.988000e+001
28  6.721000e+001
29  1.538000e+001
30  4.273000e+000
31  1.144000e+000
32  5.943000e-001
33  4.181000e-001
34  3.356000e-001
35  1.016000e+000
36  9.640000e-001
37  2.997000e+000
38  8.329000e+000
39  2.356000e+001
40  7.074000e+001
41  3.989000e+001
42  1.076000e+001
43  2.144000e+000
44  8.681000e-001
45  4.970000e-001
46  3.756000e-001
47  1.368000e+000
48  5.864000e+000
49  7.311000e+000
50  5.190000e+000
51  1.244000e+001
52  4.870000e+001
53  4.209000e+001
54  3.560000e+000
55  1.242000e+000
56  9.482000e-001
57  5.786000e-001
58  3.089000e-001
59  4.517000e+000
60  2.831000e+000
61  7.354000e+000
62  1.588000e+001
63  2.205000e+001
64  4.142000e+001
65  4.603000e+000
66  1.953000e+000
67  6.779000e-001
68  4.543000e-001
69  3.466000e-001
70  2.173000e-001
71  1.355000e-001
72  1.568000e-001
77  8.391000e+000
78  1.457000e+000
79  4.441000e-001
80  1.988000e-001
81  1.373000e-001
82  1.043000e-001
83  9.649000e-001
84  1.939000e+000
85  1.742000e+000
86  1.741000e+000
87  4.813000e+000
88  2.536000e+001
89  1.054000e+001
90  1.574000e+000
91  4.523000e-001
92  1.988000e-001
93  1.366000e-001
94  2.979000e-001
95  2.835000e+000
96  2.756000e+000
97  2.095000e+000
98  2.710000e+000
99  2.954000e+001
100  3.757000e+001
101  1.839000e+001
102  2.480000e+000
103  7.635000e-001
104  4.599000e-001
105  3.349000e-001
106  2.314000e-001
107  1.992000e+000
108  5.565000e+000
   193 
1  8.755000e+000
2  9.207000e+000
3  2.560000e+001
4  4.561000e+001
5  3.969000e+001
6  2.314000e+001
7  1.823000e+001
9  7.805000e+000
10  4.938000e+000
11  1.264000e+001
12  6.953000e+000
13  1.135000e+001
14  8.654000e+000
15  1.763000e+001
16  4.075000e+001
17  3.134000e+001
18  2.527000e+001
19  1.609000e+001
22  4.715000e+000
23  1.111000e+001
24  9.754000e+000
25  1.008000e+001
26  1.216000e+001
27  1.337000e+001
28  3.955000e+001
29  2.366000e+001
30  1.840000e+001
31  1.337000e+001
32  8.924000e+000
33  5.790000e+000
34  3.614000e+000
35  3.146000e+000
36  2.004000e+000
37  1.800000e+000
38  5.875000e+000
39  7.615000e+000
40  3.128000e+001
41  3.235000e+001
42  2.360000e+001
43  1.691000e+001
44  1.176000e+001
45  7.675000e+000
46  4.904000e+000
47  3.696000e+000
48  4.482000e+000
49  5.852000e+000
50  5.057000e+000
51  6.928000e+000
52  1.797000e+001
53  2.576000e+001
54  1.739000e+001
55  1.407000e+001
56  9.711000e+000
57  6.208000e+000
58  3.895000e+000
59  4.422000e+000
60  2.963000e+000
61  6.693000e+000
62  1.472000e+001
63  1.061000e+001
64  1.834000e+001
65  1.136000e+001
66  9.876000e+000
67  7.262000e+000
68  4.894000e+000
69  3.204000e+000
70  2.015000e+000
71  1.270000e+000
72  8.451000e-001
77  7.491000e+000
78  5.274000e+000
79  4.047000e+000
80  2.835000e+000
81  1.991000e+000
82  1.292000e+000
83  1.391000e+000
84  1.621000e+000
85  1.261000e+000
86  1.584000e+000
87  2.264000e+000
88  1.194000e+001
89  8.188000e+000
90  5.219000e+000
91  4.093000e+000
92  2.893000e+000
93  2.026000e+000
94  1.450000e+000
95  2.375000e+000
96  2.072000e+000
97  1.703000e+000
98  2.064000e+000
99  1.128000e+001
100  1.915000e+001
101  1.651000e+001
102  1.193000e+001
103  9.123000e+000
104  6.304000e+000
105  3.991000e+000
106  2.713000e+000
107  2.150000e+000
108  4.107000e+000
   194 
1  1.615000e+001
2  1.548000e+001
3  1.607000e+001
4  2.072000e+001
5  2.418000e+001
6  2.341000e+001
7  2.212000e+001
9  2.020000e+001
10  1.812000e+001
11  1.623000e+001
12  1.458000e+001
13  1.338000e+001
14  1.320000e+001
15  1.311000e+001
16  1.623000e+001
17  1.991000e+001
18  2.001000e+001
19  2.019000e+001
22  1.641000e+001
23  1.473000e+001
24  1.332000e+001
25  1.219000e+001
26  1.208000e+001
27  1.173000e+001
28  1.523000e+001
29  1.678000e+001
30  1.768000e+001
31  1.798000e+001
32  1.705000e+001
33  1.565000e+001
34  1.418000e+001
35  1.272000e+001
36  1.126000e+001
37  9.835000e+000
38  8.778000e+000
39  8.248000e+000
40  9.477000e+000
41  1.264000e+001
42  1.493000e+001
43  1.538000e+001
44  1.515000e+001
45  1.437000e+001
46  1.341000e+001
47  1.234000e+001
48  1.120000e+001
49  1.006000e+001
50  9.442000e+000
51  8.491000e+000
52  8.684000e+000
53  1.058000e+001
54  1.223000e+001
55  1.270000e+001
56  1.248000e+001
57  1.199000e+001
58  1.133000e+001
59  1.052000e+001
60  9.601000e+000
61  8.797000e+000
62  8.525000e+000
63  8.120000e+000
64  8.469000e+000
65  9.420000e+000
66  9.843000e+000
67  9.939000e+000
68  9.748000e+000
69  9.331000e+000
70  8.732000e+000
71  8.047000e+000
72  7.391000e+000
77  4.469000e+000
78  4.379000e+000
79  4.493000e+000
80  4.607000e+000
81  4.629000e+000
82  4.600000e+000
83  4.511000e+000
84  4.336000e+000
85  4.087000e+000
86  3.798000e+000
87  3.505000e+000
88  3.276000e+000
89  3.120000e+000
90  3.069000e+000
91  3.203000e+000
92  3.450000e+000
93  3.715000e+000
94  3.925000e+000
95  4.039000e+000
96  4.039000e+000
97  3.937000e+000
98  3.921000e+000
99  3.642000e+000
100  3.954000e+000
101  5.168000e+000
102  6.496000e+000
103  7.417000e+000
104  7.970000e+000
105  8.150000e+000
106  8.000000e+000
107  7.589000e+000
108  7.083000e+000
   195 
1  1.192000e+001
2  1.048000e+001
3  2.727000e+001
4  5.510000e+001
5  5.642000e+001
6  2.496000e+001
7  1.058000e+001
9  2.122000e+000
10  1.173000e+000
11  1.038000e+001
12  8.608000e+000
13  1.644000e+001
14  1.261000e+001
15  2.180000e+001
16  5.097000e+001
17  4.753000e+001
18  2.227000e+001
19  8.733000e+000
22  1.158000e+000
23  8.970000e+000
24  1.278000e+001
25  1.315000e+001
26  1.506000e+001
27  1.831000e+001
28  4.928000e+001
29  3.588000e+001
30  1.569000e+001
31  6.594000e+000
32  2.943000e+000
33  1.495000e+000
34  8.236000e-001
35  9.869000e-001
36  7.287000e-001
37  1.569000e+000
38  6.811000e+000
39  1.200000e+001
40  4.117000e+001
41  4.880000e+001
42  2.977000e+001
43  1.090000e+001
44  4.575000e+000
45  2.211000e+000
46  1.173000e+000
47  1.069000e+000
48  3.529000e+000
49  6.185000e+000
50  5.545000e+000
51  9.282000e+000
52  2.402000e+001
53  4.526000e+001
54  1.957000e+001
55  8.153000e+000
56  3.548000e+000
57  1.692000e+000
58  8.894000e-001
59  2.802000e+000
60  2.655000e+000
61  6.275000e+000
62  1.488000e+001
63  1.214000e+001
64  3.115000e+001
65  1.741000e+001
66  7.827000e+000
67  3.411000e+000
68  1.677000e+000
69  8.648000e-001
70  4.280000e-001
71  2.479000e-001
72  1.947000e-001
77  1.218000e+001
78  5.522000e+000
79  2.480000e+000
80  1.180000e+000
81  5.738000e-001
82  3.014000e-001
83  7.073000e-001
84  1.396000e+000
85  1.420000e+000
86  2.032000e+000
87  2.302000e+000
88  1.547000e+001
89  1.391000e+001
90  6.231000e+000
91  2.750000e+000
92  1.285000e+000
93  6.202000e-001
94  4.343000e-001
95  1.724000e+000
96  2.071000e+000
97  1.873000e+000
98  2.641000e+000
99  1.467000e+001
100  2.836000e+001
101  2.617000e+001
102  1.210000e+001
103  5.057000e+000
104  2.372000e+000
105  1.148000e+000
106  6.270000e-001
107  8.470000e-001
108  4.013000e+000
   196 
1  6.311000e+000
2  7.812000e+000
3  3.120000e+001
4  6.459000e+001
5  4.470000e+001
6  1.569000e+001
7  9.468000e+000
9  2.677000e+000
10  1.668000e+000
11  1.486000e+001
12  5.702000e+000
13  1.456000e+001
14  9.908000e+000
15  2.660000e+001
16  6.005000e+001
17  2.892000e+001
18  1.821000e+001
19  6.992000e+000
22  2.180000e+000
23  1.412000e+001
24  9.902000e+000
25  1.082000e+001
26  1.472000e+001
27  2.123000e+001
28  5.390000e+001
29  2.207000e+001
30  1.072000e+001
31  5.627000e+000
32  3.034000e+000
33  1.748000e+000
34  1.065000e+000
35  2.497000e+000
36  4.625000e-001
37  3.076000e+000
38  6.568000e+000
39  1.452000e+001
40  5.016000e+001
41  3.977000e+001
42  1.717000e+001
43  8.368000e+000
44  4.317000e+000
45  2.412000e+000
46  1.581000e+000
47  2.063000e+000
48  5.773000e+000
49  6.538000e+000
50  5.579000e+000
51  6.952000e+000
52  3.324000e+001
53  3.366000e+001
54  1.254000e+001
55  7.020000e+000
56  3.706000e+000
57  1.952000e+000
58  1.228000e+000
59  4.380000e+000
60  2.165000e+000
61  9.632000e+000
62  1.549000e+001
63  1.375000e+001
64  2.667000e+001
65  1.057000e+001
66  5.326000e+000
67  3.012000e+000
68  1.632000e+000
69  9.144000e-001
70  5.008000e-001
71  3.380000e-001
72  3.675000e-001
77  8.084000e+000
78  3.129000e+000
79  1.712000e+000
80  9.357000e-001
81  5.093000e-001
82  5.244000e-001
83  1.780000e+000
84  1.244000e+000
85  1.442000e+000
86  2.277000e+000
87  4.279000e+000
88  1.748000e+001
89  8.902000e+000
90  3.230000e+000
91  1.754000e+000
92  9.457000e-001
93  5.180000e-001
94  1.817000e+000
95  2.010000e+000
96  2.473000e+000
97  1.306000e+000
98  4.386000e+000
99  1.846000e+001
100  2.825000e+001
101  1.745000e+001
102  7.281000e+000
103  3.935000e+000
104  2.146000e+000
105  1.170000e+000
106  8.640000e-001
107  2.812000e+000
108  4.604000e+000
   197 
1  9.467000e+000
2  1.070000e+001
3  1.672000e+001
4  3.511000e+001
5  4.384000e+001
6  3.770000e+001
7  2.386000e+001
9  1.239000e+001
10  8.691000e+000
11  6.873000e+000
12  6.545000e+000
13  8.744000e+000
14  1.081000e+001
15  1.359000e+001
16  2.950000e+001
17  4.002000e+001
18  3.216000e+001
19  2.214000e+001
22  8.290000e+000
23  6.274000e+000
24  6.394000e+000
25  8.068000e+000
26  1.100000e+001
27  1.268000e+001
28  3.015000e+001
29  3.247000e+001
30  2.452000e+001
31  1.916000e+001
32  1.419000e+001
33  1.020000e+001
34  7.221000e+000
35  5.057000e+000
36  3.538000e+000
37  2.744000e+000
38  2.568000e+000
39  3.129000e+000
40  1.271000e+001
41  3.251000e+001
42  3.250000e+001
43  2.275000e+001
44  1.723000e+001
45  1.266000e+001
46  9.005000e+000
47  6.409000e+000
48  4.442000e+000
49  3.404000e+000
50  3.656000e+000
51  4.881000e+000
52  8.412000e+000
53  2.415000e+001
54  2.333000e+001
55  1.891000e+001
56  1.464000e+001
57  1.085000e+001
58  7.793000e+000
59  5.583000e+000
60  4.047000e+000
61  3.595000e+000
62  5.010000e+000
63  7.129000e+000
64  1.231000e+001
65  1.671000e+001
66  1.575000e+001
67  1.297000e+001
68  9.899000e+000
69  7.276000e+000
70  5.183000e+000
71  3.601000e+000
72  2.755000e+000
77  6.652000e+000
78  7.782000e+000
79  7.399000e+000
80  6.235000e+000
81  4.928000e+000
82  3.770000e+000
83  2.878000e+000
84  2.454000e+000
85  2.108000e+000
86  1.750000e+000
87  1.490000e+000
88  1.665000e+000
89  5.498000e+000
90  7.420000e+000
91  7.245000e+000
92  6.326000e+000
93  5.115000e+000
94  3.955000e+000
95  3.017000e+000
96  2.540000e+000
97  2.253000e+000
98  2.052000e+000
99  2.038000e+000
100  7.505000e+000
101  1.648000e+001
102  1.774000e+001
103  1.506000e+001
104  1.173000e+001
105  8.629000e+000
106  6.188000e+000
107  4.279000e+000
108  3.127000e+000
   198 
1  1.074000e+001
2  6.278000e+000
3  2.797000e+001
4  6.668000e+001
5  5.435000e+001
6  1.579000e+001
7  5.306000e+000
9  1.078000e+000
10  6.264000e-001
11  1.054000e+001
12  1.107000e+001
13  1.490000e+001
14  1.138000e+001
15  2.822000e+001
16  5.703000e+001
17  4.326000e+001
18  1.365000e+001
19  3.776000e+000
22  5.045000e-001
23  1.117000e+001
24  1.446000e+001
25  9.220000e+000
26  1.710000e+001
27  2.326000e+001
28  5.550000e+001
29  2.963000e+001
30  7.141000e+000
31  2.135000e+000
32  1.097000e+000
33  5.950000e-001
34  3.336000e-001
35  8.595000e-001
36  1.768000e+000
37  2.227000e+000
38  7.298000e+000
39  1.569000e+001
40  4.990000e+001
41  4.962000e+001
42  1.895000e+001
43  4.300000e+000
44  1.742000e+000
45  8.792000e-001
46  5.058000e-001
47  5.277000e-001
48  3.982000e+000
49  8.993000e+000
50  5.870000e+000
51  8.502000e+000
52  3.159000e+001
53  4.627000e+001
54  1.109000e+001
55  2.347000e+000
56  1.425000e+000
57  9.497000e-001
58  5.937000e-001
59  1.865000e+000
60  3.562000e+000
61  6.016000e+000
62  1.508000e+001
63  1.691000e+001
64  3.438000e+001
65  1.113000e+001
66  3.100000e+000
67  1.439000e+000
68  7.708000e-001
69  4.755000e-001
70  3.499000e-001
71  2.577000e-001
72  2.083000e-001
77  1.008000e+001
78  3.012000e+000
79  1.324000e+000
80  6.393000e-001
81  2.677000e-001
82  1.273000e-001
83  2.527000e-001
84  1.519000e+000
85  1.572000e+000
86  1.552000e+000
87  3.320000e+000
88  1.952000e+001
89  1.368000e+001
90  3.425000e+000
91  1.379000e+000
92  6.629000e-001
93  2.740000e-001
94  1.467000e-001
95  1.959000e+000
96  3.109000e+000
97  2.594000e+000
98  1.952000e+000
99  1.923000e+001
100  3.226000e+001
101  2.252000e+001
102  5.643000e+000
103  1.753000e+000
104  8.813000e-001
105  4.950000e-001
106  3.094000e-001
107  2.934000e-001
108  4.561000e+000
   199 
1  1.076000e+001
2  9.695000e+000
3  2.990000e+001
4  6.436000e+001
5  5.524000e+001
6  1.760000e+001
7  7.631000e+000
9  1.419000e+000
10  8.524000e-001
11  1.239000e+001
12  9.077000e+000
13  1.773000e+001
14  1.249000e+001
15  2.533000e+001
16  5.878000e+001
17  4.255000e+001
18  1.761000e+001
19  5.949000e+000
22  9.575000e-001
23  1.098000e+001
24  1.398000e+001
25  1.300000e+001
26  1.637000e+001
27  2.123000e+001
28  5.596000e+001
29  3.047000e+001
30  1.151000e+001
31  4.405000e+000
32  1.885000e+000
33  9.804000e-001
34  5.860000e-001
35  1.206000e+000
36  6.984000e-001
37  2.278000e+000
38  7.166000e+000
39  1.508000e+001
40  5.040000e+001
41  4.812000e+001
42  2.372000e+001
43  7.584000e+000
44  2.956000e+000
45  1.393000e+000
46  7.774000e-001
47  1.392000e+000
48  4.617000e+000
49  6.661000e+000
50  5.610000e+000
51  9.753000e+000
52  3.091000e+001
53  4.644000e+001
54  1.414000e+001
55  5.687000e+000
56  2.387000e+000
57  1.079000e+000
58  5.872000e-001
59  3.677000e+000
60  2.732000e+000
61  7.114000e+000
62  1.486000e+001
63  1.468000e+001
64  3.509000e+001
65  1.395000e+001
66  5.663000e+000
67  2.274000e+000
68  1.130000e+000
69  6.075000e-001
70  3.034000e-001
71  1.867000e-001
72  2.175000e-001
77  1.124000e+001
78  4.059000e+000
79  1.677000e+000
80  7.612000e-001
81  3.652000e-001
82  2.092000e-001
83  1.053000e+000
84  1.645000e+000
85  1.601000e+000
86  2.106000e+000
87  3.094000e+000
88  1.869000e+001
89  1.319000e+001
90  4.603000e+000
91  1.870000e+000
92  8.293000e-001
93  3.926000e-001
94  5.233000e-001
95  2.235000e+000
96  2.383000e+000
97  1.910000e+000
98  3.114000e+000
99  1.866000e+001
100  3.219000e+001
101  2.423000e+001
102  8.902000e+000
103  3.437000e+000
104  1.561000e+000
105  7.304000e-001
106  4.501000e-001
107  1.654000e+000
108  4.602000e+000
   200 
1  1.257000e+001
2  9.563000e+000
3  2.314000e+001
4  4.607000e+001
5  4.716000e+001
6  3.595000e+001
7  1.652000e+001
9  4.821000e+000
10  2.997000e+000
11  7.827000e+000
12  1.066000e+001
13  1.343000e+001
14  1.204000e+001
15  1.959000e+001
16  3.878000e+001
17  4.471000e+001
18  3.182000e+001
19  1.326000e+001
22  2.613000e+000
23  7.369000e+000
24  1.224000e+001
25  1.092000e+001
26  1.466000e+001
27  1.674000e+001
28  4.018000e+001
29  3.818000e+001
30  1.860000e+001
31  1.005000e+001
32  5.944000e+000
33  3.629000e+000
34  2.305000e+000
35  1.899000e+000
36  1.651000e+000
37  1.635000e+000
38  5.568000e+000
39  1.003000e+001
40  3.162000e+001
41  4.226000e+001
42  3.436000e+001
43  1.506000e+001
44  8.325000e+000
45  4.959000e+000
46  3.002000e+000
47  2.113000e+000
48  2.460000e+000
49  6.271000e+000
50  6.913000e+000
51  8.387000e+000
52  1.998000e+001
53  3.437000e+001
54  2.372000e+001
55  1.180000e+001
56  7.037000e+000
57  4.272000e+000
58  2.557000e+000
59  2.354000e+000
60  3.288000e+000
61  5.709000e+000
62  1.294000e+001
63  1.399000e+001
64  2.503000e+001
65  1.608000e+001
66  9.899000e+000
67  5.950000e+000
68  3.631000e+000
69  2.297000e+000
70  1.661000e+000
71  1.106000e+000
72  7.992000e-001
77  1.132000e+001
78  6.590000e+000
79  3.972000e+000
80  2.475000e+000
81  1.773000e+000
82  1.240000e+000
83  9.223000e-001
84  8.922000e-001
85  1.308000e+000
86  1.469000e+000
87  2.031000e+000
88  9.995000e+000
89  1.416000e+001
90  7.615000e+000
91  4.341000e+000
92  2.637000e+000
93  1.841000e+000
94  1.292000e+000
95  1.233000e+000
96  2.031000e+000
97  2.169000e+000
98  2.060000e+000
99  1.024000e+001
100  2.488000e+001
101  2.480000e+001
102  1.339000e+001
103  7.865000e+000
104  4.702000e+000
105  2.815000e+000
106  1.921000e+000
107  1.385000e+000
108  2.205000e+000
   166 
1  1.385000e+001
2  9.251000e+000
3  2.579000e+001
4  5.280000e+001
5  6.190000e+001
6  2.901000e+001
7  7.694000e+000
9  1.313000e+000
10  7.872000e-001
11  7.395000e+000
12  1.167000e+001
13  1.663000e+001
14  1.359000e+001
15  2.256000e+001
16  4.837000e+001
17  5.418000e+001
18  2.204000e+001
19  5.687000e+000
22  6.711000e-001
23  7.241000e+000
24  1.476000e+001
25  1.236000e+001
26  1.577000e+001
27  1.994000e+001
28  4.824000e+001
29  4.265000e+001
30  1.302000e+001
31  3.874000e+000
32  1.770000e+000
33  9.714000e-001
34  5.594000e-001
35  5.066000e-001
36  9.831000e-001
37  1.156000e+000
38  7.063000e+000
39  1.330000e+001
40  3.902000e+001
41  5.320000e+001
42  3.389000e+001
43  8.016000e+000
44  2.577000e+000
45  1.260000e+000
46  7.033000e-001
47  4.832000e-001
48  2.453000e+000
49  7.392000e+000
50  6.194000e+000
51  9.493000e+000
52  2.495000e+001
53  4.593000e+001
54  2.364000e+001
55  5.086000e+000
56  2.081000e+000
57  1.180000e+000
58  6.816000e-001
59  1.095000e+000
60  3.462000e+000
61  5.523000e+000
62  1.485000e+001
63  1.390000e+001
64  3.249000e+001
65  2.036000e+001
66  5.871000e+000
67  2.221000e+000
68  1.143000e+000
69  6.683000e-001
70  4.156000e-001
71  2.525000e-001
72  1.624000e-001
77  1.346000e+001
78  5.227000e+000
79  2.073000e+000
80  1.009000e+000
81  4.674000e-001
82  2.249000e-001
83  1.933000e-001
84  1.064000e+000
85  1.562000e+000
86  1.784000e+000
87  2.343000e+000
88  1.527000e+001
89  1.668000e+001
90  6.366000e+000
91  2.283000e+000
92  1.073000e+000
93  4.897000e-001
94  2.361000e-001
95  8.838000e-001
96  2.414000e+000
97  2.386000e+000
98  2.028000e+000
99  1.445000e+001
100  3.108000e+001
101  3.002000e+001
102  1.092000e+001
103  3.232000e+000
104  1.474000e+000
105  8.106000e-001
106  4.393000e-001
107  3.032000e-001
108  3.209000e+000
