   1 
1  4.700000e+000
2  5.941000e+000
3  1.637000e+001
4  3.865000e+001
5  2.938000e+001
6  1.142000e+001
7  5.468000e+000
8  2.439000e+000
9  1.443000e+000
10  9.796000e-001
11  1.248000e+001
12  5.319000e+000
13  1.272000e+001
14  8.455000e+000
15  1.673000e+001
16  3.452000e+001
17  1.953000e+001
18  1.125000e+001
19  4.369000e+000
20  2.080000e+000
21  1.046000e+000
22  1.312000e+000
23  1.070000e+001
24  8.330000e+000
25  9.915000e+000
26  1.080000e+001
27  1.301000e+001
28  2.813000e+001
29  1.498000e+001
30  7.462000e+000
31  3.525000e+000
32  1.656000e+000
33  8.857000e-001
34  5.262000e-001
35  1.435000e+000
36  2.145000e-001
38  2.917000e+000
39  7.633000e+000
40  3.083000e+001
41  2.290000e+001
42  1.101000e+001
43  4.894000e+000
44  2.265000e+000
45  1.110000e+000
46  8.192000e-001
47  1.327000e+000
48  4.777000e+000
49  5.199000e+000
50  5.126000e+000
51  4.709000e+000
52  2.076000e+001
53  2.258000e+001
54  8.356000e+000
55  4.212000e+000
56  1.985000e+000
57  9.071000e-001
58  6.639000e-001
59  3.237000e+000
60  2.179000e+000
61  7.080000e+000
62  8.482000e+000
63  7.425000e+000
64  1.790000e+001
65  7.445000e+000
66  3.541000e+000
67  1.788000e+000
68  8.761000e-001
69  4.146000e-001
70  2.244000e-001
71  1.777000e-001
72  3.078000e-001
73  1.675000e+000
74  5.941000e+000
75  9.717000e+000
76  1.158000e+001
77  8.178000e+000
78  3.429000e+000
79  1.579000e+000
80  7.574000e-001
81  3.785000e-001
82  5.141000e-001
83  1.354000e+000
84  1.219000e+000
85  1.618000e+000
86  2.038000e+000
87  3.592000e+000
88  1.596000e+001
89  8.943000e+000
90  3.605000e+000
91  1.657000e+000
92  7.770000e-001
93  3.932000e-001
94  1.348000e+000
95  1.952000e+000
96  1.933000e+000
97  1.301000e+000
98  3.563000e+000
99  1.373000e+001
100  1.888000e+001
101  1.317000e+001
102  5.758000e+000
103  2.812000e+000
104  1.277000e+000
105  6.414000e-001
106  5.457000e-001
107  2.436000e+000
108  4.110000e+000
   2 
1  5.632000e+000
2  5.837000e+000
3  1.653000e+001
4  3.741000e+001
5  3.560000e+001
6  1.059000e+001
7  3.278000e+000
8  1.216000e+000
9  5.999000e-001
10  5.027000e-001
11  1.059000e+001
12  6.791000e+000
13  1.348000e+001
14  8.911000e+000
15  1.737000e+001
16  3.255000e+001
17  2.625000e+001
18  8.183000e+000
19  2.622000e+000
20  1.006000e+000
21  5.100000e-001
22  5.078000e-001
23  8.995000e+000
24  1.015000e+001
25  9.531000e+000
26  1.190000e+001
27  1.379000e+001
28  2.917000e+001
29  1.724000e+001
30  5.487000e+000
31  2.151000e+000
32  8.185000e-001
33  4.525000e-001
34  2.899000e-001
35  8.397000e-001
36  6.168000e-001
38  3.338000e+000
39  8.194000e+000
40  2.781000e+001
41  3.055000e+001
42  1.001000e+001
43  3.027000e+000
44  1.136000e+000
45  5.188000e-001
46  3.146000e-001
47  7.712000e-001
48  3.894000e+000
49  5.714000e+000
50  4.571000e+000
51  5.385000e+000
52  1.965000e+001
53  2.867000e+001
54  7.055000e+000
55  2.453000e+000
56  1.063000e+000
57  5.016000e-001
58  2.787000e-001
59  1.941000e+000
60  2.604000e+000
61  5.331000e+000
62  9.409000e+000
63  7.670000e+000
64  2.132000e+001
65  7.170000e+000
66  2.810000e+000
67  1.064000e+000
68  5.342000e-001
69  3.115000e-001
70  1.639000e-001
71  9.565000e-002
72  1.382000e-001
73  9.137000e-001
74  4.859000e+000
75  8.878000e+000
76  1.564000e+001
77  8.432000e+000
78  2.812000e+000
79  1.040000e+000
80  4.383000e-001
81  2.129000e-001
82  1.396000e-001
83  7.856000e-001
84  1.315000e+000
85  1.497000e+000
86  1.893000e+000
87  3.150000e+000
88  1.665000e+001
89  1.111000e+001
90  3.042000e+000
91  1.147000e+000
92  4.514000e-001
93  2.152000e-001
94  3.912000e-001
95  1.762000e+000
96  2.036000e+000
97  1.944000e+000
98  2.169000e+000
99  1.370000e+001
100  2.208000e+001
101  1.480000e+001
102  4.356000e+000
103  1.714000e+000
104  6.920000e-001
105  3.476000e-001
106  2.328000e-001
107  8.567000e-001
108  4.393000e+000
   3 
1  4.179000e+000
2  4.903000e+000
3  2.241000e+001
4  5.171000e+001
5  2.398000e+001
6  3.761000e+000
7  1.912000e+000
8  6.787000e-001
9  4.063000e-001
10  5.087000e-001
11  1.362000e+001
12  5.796000e+000
13  1.418000e+001
14  8.921000e+000
15  2.479000e+001
16  4.351000e+001
17  9.645000e+000
18  5.573000e+000
19  1.374000e+000
20  5.327000e-001
21  2.968000e-001
22  4.685000e-001
23  1.309000e+001
24  8.620000e+000
25  8.984000e+000
26  1.331000e+001
27  2.004000e+001
28  3.259000e+001
29  8.314000e+000
30  3.091000e+000
31  9.313000e-001
32  4.288000e-001
33  2.606000e-001
34  2.004000e-001
35  1.131000e+000
36  6.202000e-001
38  3.248000e+000
39  1.162000e+001
40  4.539000e+001
41  1.680000e+001
42  4.317000e+000
43  1.533000e+000
44  5.624000e-001
45  2.927000e-001
46  2.034000e-001
47  8.510000e-001
48  5.968000e+000
49  5.273000e+000
50  4.405000e+000
51  6.392000e+000
52  3.447000e+001
53  1.804000e+001
54  2.526000e+000
55  1.012000e+000
56  6.573000e-001
57  3.923000e-001
58  2.135000e-001
59  2.789000e+000
60  2.433000e+000
61  6.793000e+000
62  9.291000e+000
63  1.170000e+001
64  2.066000e+001
65  3.455000e+000
66  1.507000e+000
67  5.056000e-001
68  3.217000e-001
69  2.303000e-001
70  1.330000e-001
71  7.461000e-002
72  1.287000e-001
73  1.201000e+000
74  5.960000e+000
75  1.406000e+001
76  1.477000e+001
77  5.093000e+000
78  1.387000e+000
79  4.569000e-001
80  1.886000e-001
81  1.070000e-001
82  1.308000e-001
83  1.145000e+000
84  1.309000e+000
85  1.610000e+000
86  1.916000e+000
87  5.210000e+000
88  2.094000e+001
89  6.902000e+000
90  1.523000e+000
91  4.697000e-001
92  1.870000e-001
93  1.033000e-001
94  6.098000e-001
95  2.193000e+000
96  2.167000e+000
97  1.707000e+000
98  2.789000e+000
99  2.107000e+001
100  2.115000e+001
101  1.067000e+001
102  2.182000e+000
103  6.585000e-001
104  3.630000e-001
105  2.162000e-001
106  1.696000e-001
107  1.458000e+000
108  6.244000e+000
   4 
1  2.065000e+000
2  4.888000e+000
3  2.548000e+001
4  5.570000e+001
5  1.910000e+001
6  2.073000e+000
7  9.216000e-001
8  2.819000e-001
9  4.603000e-001
10  8.861000e-001
11  1.650000e+001
12  4.476000e+000
13  1.538000e+001
14  9.025000e+000
15  2.689000e+001
16  4.567000e+001
17  4.776000e+000
18  4.676000e+000
19  3.807000e-001
20  2.654000e-001
21  1.933000e-001
22  1.059000e+000
23  1.573000e+001
24  7.743000e+000
25  9.410000e+000
26  1.415000e+001
27  2.181000e+001
28  3.172000e+001
29  7.683000e+000
30  6.244000e-001
31  3.241000e-001
32  2.208000e-001
33  2.019000e-001
34  1.780000e-001
35  1.521000e+000
36  1.068000e-001
38  3.144000e+000
39  1.408000e+001
40  4.859000e+001
41  1.430000e+001
42  2.007000e+000
43  4.412000e-001
44  2.421000e-001
45  1.749000e-001
46  4.225000e-001
47  1.313000e+000
48  7.611000e+000
49  4.701000e+000
50  4.749000e+000
51  6.986000e+000
52  3.981000e+001
53  1.318000e+001
54  6.077000e-001
55  7.116000e-001
56  3.644000e-001
57  1.521000e-001
58  3.286000e-001
59  4.293000e+000
60  2.467000e+000
61  8.252000e+000
62  8.419000e+000
63  1.345000e+001
64  2.001000e+001
65  2.072000e+000
66  2.418000e-001
67  3.193000e-001
68  2.080000e-001
69  8.698000e-002
70  5.759000e-002
71  1.000000e-001
72  4.289000e-001
73  2.081000e+000
74  7.701000e+000
75  1.665000e+001
76  1.306000e+001
77  3.250000e+000
78  2.068000e-001
79  1.359000e-001
80  9.558000e-002
81  6.920000e-002
82  5.804000e-001
83  1.758000e+000
84  1.139000e+000
85  1.812000e+000
86  2.196000e+000
87  6.872000e+000
88  2.165000e+001
89  5.104000e+000
90  2.156000e-001
91  1.300000e-001
92  9.063000e-002
93  8.147000e-002
94  1.736000e+000
95  2.663000e+000
96  2.553000e+000
97  2.378000e-001
98  4.950000e+000
99  2.369000e+001
100  2.046000e+001
101  9.128000e+000
102  3.281000e-001
103  3.170000e-001
104  1.588000e-001
105  1.073000e-001
106  3.215000e-001
107  3.641000e+000
108  6.119000e+000
   5 
1  3.214000e+000
2  4.527000e+000
3  1.981000e+001
4  4.393000e+001
5  2.237000e+001
6  9.415000e+000
7  4.462000e+000
8  2.333000e+000
9  1.627000e+000
10  2.042000e+000
11  1.611000e+001
12  3.867000e+000
13  1.261000e+001
14  7.051000e+000
15  1.962000e+001
16  3.867000e+001
17  1.238000e+001
18  9.992000e+000
19  3.569000e+000
20  1.993000e+000
21  1.127000e+000
22  1.995000e+000
23  1.552000e+001
24  6.283000e+000
25  9.029000e+000
26  1.077000e+001
27  1.442000e+001
28  2.915000e+001
29  1.233000e+001
30  5.228000e+000
31  2.925000e+000
32  1.625000e+000
33  9.558000e-001
34  5.933000e-001
35  2.450000e+000
36  2.596000e-001
38  2.979000e+000
39  9.518000e+000
40  3.533000e+001
41  1.844000e+001
42  7.985000e+000
43  3.781000e+000
44  2.020000e+000
45  1.136000e+000
46  1.028000e+000
47  1.854000e+000
48  7.141000e+000
49  4.869000e+000
50  5.731000e+000
51  4.510000e+000
52  2.718000e+001
53  1.556000e+001
54  6.075000e+000
55  3.965000e+000
56  1.976000e+000
57  1.011000e+000
58  8.122000e-001
59  4.057000e+000
60  1.997000e+000
61  9.989000e+000
62  8.051000e+000
63  9.865000e+000
64  1.573000e+001
65  5.139000e+000
66  2.301000e+000
67  1.499000e+000
68  8.244000e-001
69  4.035000e-001
70  2.329000e-001
71  1.967000e-001
72  6.454000e-001
73  2.073000e+000
74  7.158000e+000
75  1.281000e+001
76  1.014000e+001
77  5.789000e+000
78  2.372000e+000
79  1.307000e+000
80  7.049000e-001
81  3.983000e-001
82  1.046000e+000
83  2.118000e+000
84  9.048000e-001
85  1.599000e+000
86  2.228000e+000
87  5.409000e+000
88  1.673000e+001
89  7.046000e+000
90  2.320000e+000
91  1.266000e+000
92  6.752000e-001
93  4.161000e-001
94  2.426000e+000
95  2.132000e+000
96  1.890000e+000
97  7.064000e-001
98  4.930000e+000
99  1.694000e+001
100  1.845000e+001
101  1.114000e+001
102  3.574000e+000
103  2.175000e+000
104  1.093000e+000
105  6.086000e-001
106  6.759000e-001
107  3.510000e+000
108  6.078000e+000
   6 
1  5.329000e+000
2  5.855000e+000
3  1.078000e+001
4  1.988000e+001
5  2.015000e+001
6  2.326000e+001
7  1.583000e+001
8  1.037000e+001
9  6.569000e+000
10  4.405000e+000
11  4.604000e+000
12  5.594000e+000
13  8.695000e+000
14  9.093000e+000
15  1.179000e+001
16  1.916000e+001
17  2.304000e+001
18  1.822000e+001
19  1.251000e+001
20  7.878000e+000
21  5.164000e+000
22  3.883000e+000
23  3.749000e+000
24  5.227000e+000
25  7.272000e+000
26  9.985000e+000
27  1.044000e+001
28  1.746000e+001
29  1.789000e+001
30  1.430000e+001
31  9.544000e+000
32  6.443000e+000
33  4.430000e+000
34  3.451000e+000
35  2.438000e+000
36  1.774000e+000
38  1.647000e+000
39  3.295000e+000
40  1.102000e+001
41  1.760000e+001
42  1.686000e+001
43  1.260000e+001
44  8.007000e+000
45  5.363000e+000
46  3.961000e+000
47  2.926000e+000
48  2.154000e+000
49  2.408000e+000
50  3.432000e+000
51  4.444000e+000
52  9.428000e+000
53  1.566000e+001
54  1.413000e+001
55  1.035000e+001
56  6.936000e+000
57  4.735000e+000
58  3.688000e+000
59  2.697000e+000
60  2.232000e+000
61  2.556000e+000
62  3.849000e+000
63  5.322000e+000
64  1.066000e+001
65  1.104000e+001
66  7.708000e+000
67  5.837000e+000
68  4.271000e+000
69  3.359000e+000
70  2.325000e+000
71  1.533000e+000
72  1.139000e+000
73  9.063000e-001
74  8.686000e-001
75  1.880000e+000
76  5.842000e+000
77  8.109000e+000
78  6.849000e+000
79  5.614000e+000
80  4.233000e+000
81  3.347000e+000
82  2.320000e+000
83  1.573000e+000
84  1.226000e+000
85  1.121000e+000
86  1.190000e+000
87  1.405000e+000
88  3.312000e+000
89  7.961000e+000
90  6.874000e+000
91  5.816000e+000
92  4.403000e+000
93  3.526000e+000
94  2.477000e+000
95  1.776000e+000
96  1.558000e+000
97  1.592000e+000
98  1.712000e+000
99  3.039000e+000
100  1.001000e+001
101  1.243000e+001
102  1.187000e+001
103  7.836000e+000
104  5.452000e+000
105  4.040000e+000
106  3.023000e+000
107  2.053000e+000
108  1.822000e+000
   7 
1  4.510000e+000
2  5.348000e+000
3  1.832000e+001
4  4.243000e+001
5  2.528000e+001
6  1.084000e+001
7  4.987000e+000
8  2.424000e+000
9  1.414000e+000
10  1.387000e+000
11  1.385000e+001
12  4.653000e+000
13  1.323000e+001
14  8.242000e+000
15  1.850000e+001
16  3.706000e+001
17  1.591000e+001
18  1.071000e+001
19  4.171000e+000
20  2.088000e+000
21  1.087000e+000
22  1.256000e+000
23  1.314000e+001
24  7.270000e+000
25  9.587000e+000
26  1.104000e+001
27  1.394000e+001
28  2.868000e+001
29  1.391000e+001
30  6.814000e+000
31  3.362000e+000
32  1.677000e+000
33  8.916000e-001
34  5.100000e-001
35  1.406000e+000
36  2.165000e-001
38  2.734000e+000
39  8.486000e+000
40  3.348000e+001
41  2.080000e+001
42  1.002000e+001
43  4.603000e+000
44  2.240000e+000
45  1.155000e+000
46  8.137000e-001
47  1.261000e+000
48  5.873000e+000
49  4.895000e+000
50  5.957000e+000
51  4.599000e+000
52  2.524000e+001
53  1.825000e+001
54  7.713000e+000
55  4.128000e+000
56  1.922000e+000
57  9.424000e-001
58  6.307000e-001
59  3.620000e+000
60  2.155000e+000
61  9.381000e+000
62  7.129000e+000
63  8.953000e+000
64  1.683000e+001
65  6.685000e+000
66  3.154000e+000
67  1.693000e+000
68  8.432000e-001
69  4.057000e-001
70  2.252000e-001
71  1.720000e-001
72  4.291000e-001
73  1.830000e+000
74  6.506000e+000
75  1.135000e+001
76  1.065000e+001
77  7.164000e+000
78  3.082000e+000
79  1.522000e+000
80  7.419000e-001
81  3.825000e-001
82  6.358000e-001
83  1.509000e+000
84  9.561000e-001
85  1.720000e+000
86  2.113000e+000
87  4.296000e+000
88  1.615000e+001
89  8.277000e+000
90  3.167000e+000
91  1.563000e+000
92  7.511000e-001
93  4.117000e-001
94  1.470000e+000
95  2.049000e+000
96  1.735000e+000
97  1.054000e+000
98  4.312000e+000
99  1.497000e+001
100  1.862000e+001
101  1.240000e+001
102  5.136000e+000
103  2.641000e+000
104  1.253000e+000
105  6.415000e-001
106  5.200000e-001
107  2.884000e+000
108  5.283000e+000
   8 
1  5.957000e+000
2  6.715000e+000
3  1.667000e+001
4  2.913000e+001
5  1.932000e+001
6  1.141000e+001
7  8.784000e+000
8  7.251000e+000
9  6.489000e+000
10  6.073000e+000
11  9.800000e+000
12  6.566000e+000
13  1.055000e+001
14  8.609000e+000
15  1.827000e+001
16  2.736000e+001
17  1.297000e+001
18  1.100000e+001
19  8.242000e+000
20  6.869000e+000
21  6.269000e+000
22  5.720000e+000
23  8.768000e+000
24  7.235000e+000
25  7.454000e+000
26  1.116000e+001
27  1.546000e+001
28  2.189000e+001
29  1.143000e+001
30  7.977000e+000
31  6.823000e+000
32  6.248000e+000
33  5.671000e+000
34  5.056000e+000
35  4.679000e+000
36  3.986000e+000
38  4.154000e+000
39  7.959000e+000
40  2.081000e+001
41  1.242000e+001
42  7.724000e+000
43  6.356000e+000
44  5.955000e+000
45  5.541000e+000
46  5.046000e+000
47  4.558000e+000
48  5.430000e+000
49  4.673000e+000
50  5.389000e+000
51  5.745000e+000
52  1.820000e+001
53  1.055000e+001
54  6.763000e+000
55  6.153000e+000
56  5.793000e+000
57  5.350000e+000
58  4.829000e+000
59  5.001000e+000
60  4.112000e+000
61  5.984000e+000
62  5.326000e+000
63  8.022000e+000
64  1.108000e+001
65  5.615000e+000
66  5.360000e+000
67  5.024000e+000
68  4.611000e+000
69  4.158000e+000
70  3.774000e+000
71  3.635000e+000
72  3.417000e+000
73  3.153000e+000
74  3.601000e+000
75  4.842000e+000
76  4.641000e+000
77  4.492000e+000
78  4.234000e+000
79  4.111000e+000
80  3.853000e+000
81  3.642000e+000
82  3.556000e+000
83  3.394000e+000
84  3.193000e+000
85  2.967000e+000
86  2.758000e+000
87  2.894000e+000
88  5.751000e+000
89  4.179000e+000
90  3.578000e+000
91  3.622000e+000
92  3.551000e+000
93  3.539000e+000
94  3.459000e+000
95  3.333000e+000
96  3.185000e+000
97  3.032000e+000
98  3.136000e+000
99  6.833000e+000
100  9.925000e+000
101  8.334000e+000
102  5.486000e+000
103  5.183000e+000
104  4.801000e+000
105  4.371000e+000
106  3.910000e+000
107  3.915000e+000
108  4.187000e+000
   9 
1  3.047000e+000
2  4.613000e+000
3  2.138000e+001
4  5.399000e+001
5  2.330000e+001
6  3.675000e+000
7  1.239000e+000
8  2.602000e-001
9  4.861000e-001
10  1.227000e+000
11  1.643000e+001
12  4.663000e+000
13  1.421000e+001
14  8.329000e+000
15  2.334000e+001
16  4.559000e+001
17  9.357000e+000
18  5.491000e+000
19  4.275000e-001
20  2.414000e-001
21  1.742000e-001
22  1.375000e+000
23  1.549000e+001
24  7.746000e+000
25  9.225000e+000
26  1.301000e+001
27  1.872000e+001
28  3.372000e+001
29  8.987000e+000
30  1.691000e+000
31  3.528000e-001
32  2.000000e-001
33  1.838000e-001
34  1.698000e-001
35  2.119000e+000
36  1.173000e-001
38  3.146000e+000
39  1.170000e+001
40  4.544000e+001
41  1.798000e+001
42  3.607000e+000
43  5.577000e-001
44  2.206000e-001
45  1.566000e-001
46  4.381000e-001
47  1.608000e+000
48  7.432000e+000
49  5.415000e+000
50  5.078000e+000
51  5.032000e+000
52  3.454000e+001
53  1.855000e+001
54  1.548000e+000
55  9.562000e-001
56  4.177000e-001
57  1.407000e-001
58  3.111000e-001
59  4.183000e+000
60  2.350000e+000
61  9.312000e+000
62  8.622000e+000
63  1.071000e+001
64  2.079000e+001
65  3.185000e+000
66  4.574000e-001
67  3.746000e-001
68  2.289000e-001
69  8.497000e-002
70  5.318000e-002
71  9.379000e-002
72  5.399000e-001
73  2.172000e+000
74  7.728000e+000
75  1.455000e+001
76  1.352000e+001
77  4.925000e+000
78  3.895000e-001
79  1.307000e-001
80  8.505000e-002
81  6.169000e-002
82  7.922000e-001
83  1.947000e+000
84  1.011000e+000
85  1.778000e+000
86  2.138000e+000
87  6.172000e+000
88  2.112000e+001
89  6.278000e+000
90  4.628000e-001
91  1.277000e-001
92  7.949000e-002
93  7.169000e-002
94  2.154000e+000
95  2.186000e+000
96  2.324000e+000
97  7.562000e-001
98  4.892000e+000
99  2.109000e+001
100  2.145000e+001
101  1.036000e+001
102  8.832000e-001
103  3.608000e-001
104  1.628000e-001
105  9.080000e-002
106  3.673000e-001
107  3.429000e+000
108  6.101000e+000
   10 
1  5.735000e+000
2  6.297000e+000
3  1.226000e+001
4  2.123000e+001
5  2.197000e+001
6  1.803000e+001
7  1.300000e+001
8  9.023000e+000
9  7.166000e+000
10  5.912000e+000
11  6.191000e+000
12  6.184000e+000
13  9.720000e+000
14  9.396000e+000
15  1.515000e+001
16  2.059000e+001
17  1.919000e+001
18  1.535000e+001
19  1.050000e+001
20  7.778000e+000
21  6.499000e+000
22  5.287000e+000
23  6.044000e+000
24  6.058000e+000
25  6.860000e+000
26  1.030000e+001
27  1.313000e+001
28  1.808000e+001
29  1.622000e+001
30  1.105000e+001
31  8.145000e+000
32  6.731000e+000
33  5.617000e+000
34  4.500000e+000
35  3.916000e+000
36  3.530000e+000
38  2.826000e+000
39  4.812000e+000
40  1.496000e+001
41  1.484000e+001
42  1.221000e+001
43  8.575000e+000
44  6.877000e+000
45  6.000000e+000
46  4.969000e+000
47  4.083000e+000
48  3.762000e+000
49  3.628000e+000
50  3.857000e+000
51  4.893000e+000
52  1.291000e+001
53  1.492000e+001
54  1.009000e+001
55  7.697000e+000
56  6.494000e+000
57  5.527000e+000
58  4.476000e+000
59  3.919000e+000
60  3.650000e+000
61  3.696000e+000
62  3.682000e+000
63  5.792000e+000
64  1.154000e+001
65  7.651000e+000
66  6.479000e+000
67  5.856000e+000
68  4.977000e+000
69  4.122000e+000
70  3.753000e+000
71  3.270000e+000
72  2.715000e+000
73  2.190000e+000
74  2.061000e+000
75  2.535000e+000
76  4.455000e+000
77  5.414000e+000
78  5.313000e+000
79  5.007000e+000
80  4.342000e+000
81  3.857000e+000
82  3.528000e+000
83  3.039000e+000
84  2.559000e+000
85  2.165000e+000
86  1.900000e+000
87  1.750000e+000
88  3.206000e+000
89  5.073000e+000
90  4.723000e+000
91  4.869000e+000
92  4.408000e+000
93  3.885000e+000
94  3.606000e+000
95  3.172000e+000
96  2.766000e+000
97  2.460000e+000
98  2.345000e+000
99  3.468000e+000
100  1.033000e+001
101  1.052000e+001
102  7.376000e+000
103  6.409000e+000
104  5.650000e+000
105  4.706000e+000
106  3.969000e+000
107  3.626000e+000
108  3.581000e+000
   11 
1  4.948000e+000
2  5.272000e+000
3  2.002000e+001
4  4.226000e+001
5  3.260000e+001
6  6.417000e+000
7  2.528000e+000
8  1.040000e+000
9  5.592000e-001
10  4.395000e-001
11  1.104000e+001
12  6.912000e+000
13  1.410000e+001
14  9.263000e+000
15  2.107000e+001
16  3.523000e+001
17  2.059000e+001
18  6.451000e+000
19  2.176000e+000
20  8.318000e-001
21  4.629000e-001
22  3.477000e-001
23  9.556000e+000
24  1.013000e+001
25  9.141000e+000
26  1.338000e+001
27  1.745000e+001
28  3.101000e+001
29  1.256000e+001
30  3.953000e+000
31  1.578000e+000
32  6.528000e-001
33  3.869000e-001
34  2.526000e-001
35  5.851000e-001
36  7.351000e-001
38  3.313000e+000
39  1.074000e+001
40  3.451000e+001
41  2.586000e+001
42  6.542000e+000
43  2.312000e+000
44  8.838000e-001
45  4.671000e-001
46  2.728000e-001
47  5.186000e-001
48  4.121000e+000
49  5.817000e+000
50  3.921000e+000
51  6.654000e+000
52  2.624000e+001
53  2.505000e+001
54  4.250000e+000
55  1.645000e+000
56  8.126000e-001
57  5.215000e-001
58  2.964000e-001
59  1.743000e+000
60  2.721000e+000
61  5.006000e+000
62  9.571000e+000
63  9.958000e+000
64  2.203000e+001
65  5.049000e+000
66  2.184000e+000
67  8.103000e-001
68  4.618000e-001
69  2.889000e-001
70  1.820000e-001
71  1.035000e-001
72  9.549000e-002
73  6.220000e-001
74  4.918000e+000
75  1.124000e+001
76  1.639000e+001
77  6.506000e+000
78  2.133000e+000
79  7.754000e-001
80  3.729000e-001
81  1.790000e-001
82  1.093000e-001
83  5.363000e-001
84  1.297000e+000
85  1.593000e+000
86  1.641000e+000
87  3.978000e+000
88  1.967000e+001
89  8.750000e+000
90  2.372000e+000
91  8.341000e-001
92  3.816000e-001
93  1.795000e-001
94  2.312000e-001
95  1.680000e+000
96  2.224000e+000
97  2.014000e+000
98  1.732000e+000
99  1.753000e+001
100  2.254000e+001
101  1.254000e+001
102  3.128000e+000
103  1.167000e+000
104  5.592000e-001
105  3.243000e-001
106  1.956000e-001
107  6.842000e-001
108  4.576000e+000
   12 
1  5.202000e+000
2  5.382000e+000
3  1.490000e+001
4  2.941000e+001
5  3.111000e+001
6  1.390000e+001
7  7.479000e+000
8  4.167000e+000
9  2.867000e+000
10  1.907000e+000
11  1.150000e+001
12  6.882000e+000
13  1.121000e+001
14  7.514000e+000
15  1.429000e+001
16  2.648000e+001
17  2.468000e+001
18  1.275000e+001
19  5.858000e+000
20  3.664000e+000
21  2.409000e+000
22  1.953000e+000
23  9.524000e+000
24  9.211000e+000
25  8.786000e+000
26  1.071000e+001
27  1.086000e+001
28  2.478000e+001
29  1.627000e+001
30  8.426000e+000
31  4.836000e+000
32  3.142000e+000
33  2.034000e+000
34  1.289000e+000
35  1.920000e+000
36  1.166000e+000
38  3.682000e+000
39  6.417000e+000
40  2.197000e+001
41  2.530000e+001
42  1.190000e+001
43  6.001000e+000
44  3.699000e+000
45  2.405000e+000
46  1.552000e+000
47  1.809000e+000
48  3.927000e+000
49  5.689000e+000
50  4.738000e+000
51  5.323000e+000
52  1.430000e+001
53  2.319000e+001
54  8.884000e+000
55  5.537000e+000
56  3.555000e+000
57  2.192000e+000
58  1.362000e+000
59  2.822000e+000
60  2.694000e+000
61  5.204000e+000
62  1.062000e+001
63  7.433000e+000
64  1.602000e+001
65  6.750000e+000
66  4.157000e+000
67  2.568000e+000
68  1.628000e+000
69  1.010000e+000
70  6.644000e-001
71  4.281000e-001
72  3.583000e-001
73  1.178000e+000
74  4.242000e+000
75  7.917000e+000
76  1.205000e+001
77  7.669000e+000
78  4.038000e+000
79  2.543000e+000
80  1.527000e+000
81  9.448000e-001
82  6.961000e-001
83  1.471000e+000
84  1.522000e+000
85  1.353000e+000
86  1.864000e+000
87  2.688000e+000
88  1.355000e+001
89  9.543000e+000
90  4.035000e+000
91  2.478000e+000
92  1.473000e+000
93  9.063000e-001
94  1.030000e+000
95  2.291000e+000
96  1.912000e+000
97  1.640000e+000
98  1.931000e+000
99  1.196000e+001
100  1.779000e+001
101  1.336000e+001
102  5.968000e+000
103  3.601000e+000
104  2.412000e+000
105  1.413000e+000
106  9.908000e-001
107  1.366000e+000
108  4.143000e+000
   13 
1  5.389000e+000
2  6.478000e+000
3  1.614000e+001
4  3.532000e+001
5  2.612000e+001
6  1.369000e+001
7  8.086000e+000
8  4.952000e+000
9  3.220000e+000
10  2.144000e+000
11  1.272000e+001
12  5.715000e+000
13  1.243000e+001
14  8.370000e+000
15  1.585000e+001
16  3.237000e+001
17  1.841000e+001
18  1.371000e+001
19  7.098000e+000
20  4.483000e+000
21  2.817000e+000
22  2.115000e+000
23  1.124000e+001
24  7.665000e+000
25  9.898000e+000
26  1.062000e+001
27  1.179000e+001
28  2.587000e+001
29  1.543000e+001
30  9.513000e+000
31  6.035000e+000
32  3.757000e+000
33  2.378000e+000
34  1.427000e+000
35  1.820000e+000
36  8.419000e-001
38  3.320000e+000
39  6.187000e+000
40  2.748000e+001
41  2.069000e+001
42  1.290000e+001
43  7.431000e+000
44  4.684000e+000
45  2.922000e+000
46  1.830000e+000
47  1.931000e+000
48  4.316000e+000
49  5.168000e+000
50  6.023000e+000
51  5.341000e+000
52  1.824000e+001
53  1.926000e+001
54  1.016000e+001
55  6.715000e+000
56  4.136000e+000
57  2.495000e+000
58  1.501000e+000
59  3.597000e+000
60  2.513000e+000
61  7.161000e+000
62  9.241000e+000
63  7.854000e+000
64  1.494000e+001
65  8.070000e+000
66  5.320000e+000
67  3.439000e+000
68  2.162000e+000
69  1.222000e+000
70  7.530000e-001
71  4.850000e-001
72  3.903000e-001
73  1.689000e+000
74  5.108000e+000
75  8.755000e+000
76  9.838000e+000
77  7.953000e+000
78  5.063000e+000
79  3.264000e+000
80  1.997000e+000
81  1.127000e+000
82  7.859000e-001
83  1.482000e+000
84  1.431000e+000
85  1.449000e+000
86  2.136000e+000
87  2.737000e+000
88  1.346000e+001
89  8.861000e+000
90  4.941000e+000
91  3.245000e+000
92  1.994000e+000
93  1.125000e+000
94  1.286000e+000
95  2.022000e+000
96  1.772000e+000
97  1.590000e+000
98  3.008000e+000
99  1.175000e+001
100  1.702000e+001
101  1.335000e+001
102  7.462000e+000
103  4.913000e+000
104  3.072000e+000
105  1.803000e+000
106  1.145000e+000
107  2.037000e+000
108  4.986000e+000
   14 
1  2.146000e+000
2  5.147000e+000
3  2.676000e+001
4  5.572000e+001
5  1.790000e+001
6  2.055000e+000
7  8.847000e-001
8  3.370000e-001
9  4.925000e-001
10  8.082000e-001
11  1.762000e+001
12  4.711000e+000
13  1.610000e+001
14  9.110000e+000
15  2.821000e+001
16  4.446000e+001
17  4.425000e+000
18  4.920000e+000
19  4.512000e-001
20  3.185000e-001
21  2.333000e-001
22  1.019000e+000
23  1.695000e+001
24  7.566000e+000
25  9.376000e+000
26  1.464000e+001
27  2.199000e+001
28  3.147000e+001
29  7.721000e+000
30  6.599000e-001
31  3.805000e-001
32  2.636000e-001
33  2.357000e-001
34  1.996000e-001
35  1.254000e+000
36  1.439000e-001
38  3.209000e+000
39  1.504000e+001
40  4.881000e+001
41  1.394000e+001
42  2.126000e+000
43  4.943000e-001
44  2.925000e-001
45  2.131000e-001
46  4.574000e-001
47  1.592000e+000
48  7.796000e+000
49  4.661000e+000
50  4.879000e+000
51  8.227000e+000
52  4.058000e+001
53  1.192000e+001
54  6.429000e-001
55  6.939000e-001
56  3.889000e-001
57  1.802000e-001
58  3.525000e-001
59  4.956000e+000
60  2.485000e+000
61  7.470000e+000
62  7.644000e+000
63  1.611000e+001
64  1.971000e+001
65  2.062000e+000
66  2.846000e-001
67  3.479000e-001
68  2.321000e-001
69  1.081000e-001
70  7.360000e-002
71  1.165000e-001
72  4.600000e-001
73  2.510000e+000
74  7.700000e+000
75  1.727000e+001
76  1.307000e+001
77  3.060000e+000
78  2.421000e-001
79  1.638000e-001
80  1.167000e-001
81  8.525000e-002
82  4.774000e-001
83  2.073000e+000
84  1.161000e+000
85  1.726000e+000
86  2.091000e+000
87  7.519000e+000
88  2.149000e+001
89  5.217000e+000
90  2.520000e-001
91  1.594000e-001
92  1.127000e-001
93  1.012000e-001
94  1.855000e+000
95  2.764000e+000
96  2.508000e+000
97  2.288000e-001
98  4.807000e+000
99  2.444000e+001
100  2.059000e+001
101  9.167000e+000
102  3.834000e-001
103  3.573000e-001
104  1.896000e-001
105  1.338000e-001
106  3.325000e-001
107  4.077000e+000
108  6.694000e+000
   15 
1  3.966000e+000
2  5.285000e+000
3  1.729000e+001
4  4.145000e+001
5  3.153000e+001
6  8.127000e+000
7  4.238000e+000
8  1.204000e+000
9  7.898000e-001
10  5.798000e-001
11  1.425000e+001
12  5.716000e+000
13  1.283000e+001
14  7.902000e+000
15  1.761000e+001
16  3.787000e+001
17  1.932000e+001
18  9.313000e+000
19  2.371000e+000
20  9.567000e-001
21  4.772000e-001
22  1.106000e+000
23  1.178000e+001
24  9.081000e+000
25  9.445000e+000
26  1.155000e+001
27  1.396000e+001
28  3.124000e+001
29  1.383000e+001
30  5.152000e+000
31  1.957000e+000
32  8.049000e-001
33  4.290000e-001
34  2.689000e-001
35  1.932000e+000
36  3.265000e-001
38  3.603000e+000
39  8.671000e+000
40  3.345000e+001
41  2.464000e+001
42  8.608000e+000
43  2.897000e+000
44  1.055000e+000
45  4.988000e-001
46  3.761000e-001
47  1.565000e+000
48  5.402000e+000
49  5.769000e+000
50  4.437000e+000
51  5.373000e+000
52  2.215000e+001
53  2.514000e+001
54  5.889000e+000
55  2.904000e+000
56  1.204000e+000
57  4.554000e-001
58  3.056000e-001
59  3.562000e+000
60  2.108000e+000
61  6.541000e+000
62  1.104000e+001
63  8.062000e+000
64  1.954000e+001
65  5.719000e+000
66  2.321000e+000
67  9.671000e-001
68  5.037000e-001
69  2.711000e-001
70  1.045000e-001
71  8.478000e-002
72  2.473000e-001
73  1.991000e+000
74  6.156000e+000
75  1.003000e+001
76  1.403000e+001
77  7.578000e+000
78  2.329000e+000
79  8.819000e-001
80  3.830000e-001
81  1.792000e-001
82  3.445000e-001
83  1.832000e+000
84  1.221000e+000
85  1.488000e+000
86  2.173000e+000
87  4.123000e+000
88  1.826000e+001
89  8.526000e+000
90  2.404000e+000
91  8.984000e-001
92  3.854000e-001
93  1.826000e-001
94  1.404000e+000
95  2.028000e+000
96  2.051000e+000
97  1.416000e+000
98  3.362000e+000
99  1.633000e+001
100  2.089000e+001
101  1.286000e+001
102  3.643000e+000
103  1.444000e+000
104  7.024000e-001
105  2.737000e-001
106  3.369000e-001
107  2.250000e+000
108  4.648000e+000
   16 
1  6.615000e+000
2  6.454000e+000
3  1.366000e+001
4  2.735000e+001
5  2.745000e+001
6  2.459000e+001
7  9.269000e+000
8  4.184000e+000
9  2.410000e+000
10  1.290000e+000
11  5.891000e+000
12  6.970000e+000
13  1.192000e+001
14  9.628000e+000
15  1.413000e+001
16  2.405000e+001
17  2.791000e+001
18  1.659000e+001
19  6.519000e+000
20  3.479000e+000
21  1.955000e+000
22  1.064000e+000
23  4.339000e+000
24  9.192000e+000
25  9.168000e+000
26  1.158000e+001
27  1.205000e+001
28  2.352000e+001
29  1.963000e+001
30  1.070000e+001
31  5.151000e+000
32  3.028000e+000
33  1.635000e+000
34  9.428000e-001
35  7.198000e-001
36  7.783000e-001
38  2.328000e+000
39  5.702000e+000
40  2.113000e+001
41  2.366000e+001
42  1.877000e+001
43  7.496000e+000
44  3.805000e+000
45  2.159000e+000
46  1.109000e+000
47  7.935000e-001
48  1.406000e+000
49  4.422000e+000
50  5.095000e+000
51  5.686000e+000
52  1.405000e+001
53  2.369000e+001
54  1.356000e+001
55  6.027000e+000
56  3.432000e+000
57  1.967000e+000
58  1.042000e+000
59  9.877000e-001
60  2.061000e+000
61  3.914000e+000
62  7.460000e+000
63  7.615000e+000
64  1.616000e+001
65  1.085000e+001
66  5.593000e+000
67  3.313000e+000
68  1.879000e+000
69  1.017000e+000
70  6.888000e-001
71  4.277000e-001
72  2.538000e-001
73  2.453000e-001
74  1.738000e+000
75  5.653000e+000
76  1.328000e+001
77  9.934000e+000
78  5.487000e+000
79  3.356000e+000
80  1.874000e+000
81  9.905000e-001
82  6.572000e-001
83  4.746000e-001
84  7.884000e-001
85  1.180000e+000
86  1.572000e+000
87  1.911000e+000
88  9.544000e+000
89  1.252000e+001
90  6.362000e+000
91  3.644000e+000
92  2.047000e+000
93  1.028000e+000
94  6.707000e-001
95  8.580000e-001
96  1.602000e+000
97  1.882000e+000
98  1.818000e+000
99  8.245000e+000
100  1.753000e+001
101  1.678000e+001
102  8.457000e+000
103  4.449000e+000
104  2.643000e+000
105  1.344000e+000
106  8.284000e-001
107  5.867000e-001
108  2.081000e+000
   17 
1  3.717000e+000
2  4.918000e+000
3  1.996000e+001
4  4.807000e+001
5  3.024000e+001
6  4.121000e+000
7  2.841000e+000
8  5.964000e-001
9  4.142000e-001
10  8.568000e-001
11  1.747000e+001
12  7.111000e+000
13  1.435000e+001
14  8.305000e+000
15  2.251000e+001
16  4.104000e+001
17  1.532000e+001
18  7.239000e+000
19  1.131000e+000
20  3.586000e-001
21  1.858000e-001
22  1.109000e+000
23  1.498000e+001
24  1.017000e+001
25  9.050000e+000
26  1.396000e+001
27  1.794000e+001
28  3.419000e+001
29  1.053000e+001
30  2.922000e+000
31  6.748000e-001
32  2.806000e-001
33  1.820000e-001
34  1.538000e-001
35  2.255000e+000
36  7.602000e-001
38  4.208000e+000
39  1.192000e+001
40  4.173000e+001
41  2.238000e+001
42  5.077000e+000
43  1.458000e+000
44  4.338000e-001
45  1.896000e-001
46  2.338000e-001
47  2.176000e+000
48  6.776000e+000
49  6.919000e+000
50  4.723000e+000
51  6.724000e+000
52  2.939000e+001
53  2.410000e+001
54  2.406000e+000
55  1.378000e+000
56  8.742000e-001
57  3.568000e-001
58  1.814000e-001
59  4.546000e+000
60  2.700000e+000
61  6.534000e+000
62  1.177000e+001
63  1.088000e+001
64  2.309000e+001
65  3.772000e+000
66  1.429000e+000
67  4.714000e-001
68  4.642000e-001
69  3.465000e-001
70  1.258000e-001
71  5.810000e-002
72  2.837000e-001
73  2.609000e+000
74  7.039000e+000
75  1.355000e+001
76  1.619000e+001
77  5.974000e+000
78  1.159000e+000
79  2.967000e-001
80  1.071000e-001
81  6.492000e-002
82  2.508000e-001
83  2.241000e+000
84  1.737000e+000
85  1.582000e+000
86  1.990000e+000
87  5.828000e+000
88  2.168000e+001
89  7.748000e+000
90  1.248000e+000
91  3.128000e-001
92  1.053000e-001
93  6.152000e-002
94  1.489000e+000
95  2.640000e+000
96  2.482000e+000
97  1.634000e+000
98  3.685000e+000
99  2.080000e+001
100  2.329000e+001
101  1.201000e+001
102  1.880000e+000
103  4.641000e-001
104  4.425000e-001
105  1.850000e-001
106  2.328000e-001
107  2.806000e+000
108  6.347000e+000
   18 
1  4.732000e+000
2  5.763000e+000
3  1.557000e+001
4  3.336000e+001
5  3.297000e+001
6  1.312000e+001
7  7.006000e+000
8  2.862000e+000
9  1.351000e+000
10  7.784000e-001
11  1.262000e+001
12  5.893000e+000
13  1.199000e+001
14  8.057000e+000
15  1.541000e+001
16  3.041000e+001
17  2.453000e+001
18  1.307000e+001
19  4.887000e+000
20  2.263000e+000
21  9.826000e-001
22  1.011000e+000
23  1.003000e+001
24  8.935000e+000
25  9.421000e+000
26  1.094000e+001
27  1.173000e+001
28  2.760000e+001
29  1.674000e+001
30  8.291000e+000
31  4.095000e+000
32  1.874000e+000
33  8.687000e-001
34  4.731000e-001
35  1.514000e+000
36  6.418000e-001
38  3.791000e+000
39  6.897000e+000
40  2.612000e+001
41  2.595000e+001
42  1.272000e+001
43  5.634000e+000
44  2.605000e+000
45  1.083000e+000
46  5.906000e-001
47  1.348000e+000
48  4.238000e+000
49  5.588000e+000
50  4.996000e+000
51  5.529000e+000
52  1.565000e+001
53  2.536000e+001
54  9.671000e+000
55  5.357000e+000
56  2.548000e+000
57  9.817000e-001
58  5.152000e-001
59  2.984000e+000
60  2.232000e+000
61  6.059000e+000
62  1.085000e+001
63  7.414000e+000
64  1.682000e+001
65  7.612000e+000
66  4.365000e+000
67  2.148000e+000
68  9.799000e-001
69  5.298000e-001
70  2.266000e-001
71  1.186000e-001
72  1.990000e-001
73  1.651000e+000
74  5.115000e+000
75  8.981000e+000
76  1.195000e+001
77  8.606000e+000
78  4.331000e+000
79  2.146000e+000
80  9.115000e-001
81  4.350000e-001
82  2.835000e-001
83  1.468000e+000
84  1.334000e+000
85  1.380000e+000
86  2.090000e+000
87  3.039000e+000
88  1.517000e+001
89  9.613000e+000
90  4.350000e+000
91  2.199000e+000
92  9.269000e-001
93  4.412000e-001
94  9.189000e-001
95  2.094000e+000
96  1.817000e+000
97  1.549000e+000
98  2.747000e+000
99  1.320000e+001
100  1.900000e+001
101  1.416000e+001
102  6.281000e+000
103  3.257000e+000
104  1.488000e+000
105  6.534000e-001
106  4.231000e-001
107  1.477000e+000
108  4.255000e+000
   19 
1  5.499000e+000
2  6.304000e+000
3  1.610000e+001
4  3.705000e+001
5  3.425000e+001
6  1.077000e+001
7  4.589000e+000
8  1.682000e+000
9  9.485000e-001
10  5.670000e-001
11  1.161000e+001
12  6.484000e+000
13  1.339000e+001
14  8.883000e+000
15  1.679000e+001
16  3.270000e+001
17  2.441000e+001
18  1.001000e+001
19  3.526000e+000
20  1.419000e+000
21  7.004000e-001
22  8.360000e-001
23  9.531000e+000
24  9.671000e+000
25  9.993000e+000
26  1.141000e+001
27  1.330000e+001
28  2.912000e+001
29  1.609000e+001
30  6.876000e+000
31  2.830000e+000
32  1.133000e+000
33  6.014000e-001
34  3.670000e-001
35  1.159000e+000
36  3.597000e-001
38  3.305000e+000
39  7.599000e+000
40  2.985000e+001
41  2.703000e+001
42  1.081000e+001
43  4.130000e+000
44  1.595000e+000
45  7.337000e-001
46  4.658000e-001
47  1.177000e+000
48  4.203000e+000
49  5.567000e+000
50  4.808000e+000
51  5.580000e+000
52  1.884000e+001
53  2.727000e+001
54  7.893000e+000
55  3.422000e+000
56  1.441000e+000
57  6.082000e-001
58  3.807000e-001
59  2.916000e+000
60  2.508000e+000
61  5.715000e+000
62  9.261000e+000
63  7.394000e+000
64  2.022000e+001
65  7.656000e+000
66  3.391000e+000
67  1.378000e+000
68  6.554000e-001
69  3.473000e-001
70  1.627000e-001
71  1.170000e-001
72  2.233000e-001
73  1.524000e+000
74  5.348000e+000
75  9.177000e+000
76  1.381000e+001
77  8.682000e+000
78  3.320000e+000
79  1.268000e+000
80  5.542000e-001
81  2.658000e-001
82  2.355000e-001
83  1.139000e+000
84  1.396000e+000
85  1.602000e+000
86  2.009000e+000
87  3.009000e+000
88  1.659000e+001
89  1.024000e+001
90  3.595000e+000
91  1.373000e+000
92  5.867000e-001
93  2.780000e-001
94  7.748000e-001
95  1.970000e+000
96  2.051000e+000
97  1.705000e+000
98  2.597000e+000
99  1.382000e+001
100  2.069000e+001
101  1.420000e+001
102  5.440000e+000
103  2.255000e+000
104  9.467000e-001
105  4.275000e-001
106  3.508000e-001
107  1.574000e+000
108  4.527000e+000
   20 
1  7.206000e+000
2  6.552000e+000
3  1.193000e+001
4  2.364000e+001
5  2.651000e+001
6  1.834000e+001
7  1.174000e+001
8  7.801000e+000
9  5.713000e+000
10  4.378000e+000
11  8.277000e+000
12  8.604000e+000
13  1.062000e+001
14  8.592000e+000
15  1.275000e+001
16  2.259000e+001
17  2.260000e+001
18  1.676000e+001
19  9.923000e+000
20  7.102000e+000
21  5.005000e+000
22  3.994000e+000
23  7.010000e+000
24  8.481000e+000
25  8.310000e+000
26  1.058000e+001
27  1.097000e+001
28  2.073000e+001
29  1.692000e+001
30  1.114000e+001
31  7.984000e+000
32  6.002000e+000
33  4.470000e+000
34  3.495000e+000
35  2.735000e+000
36  2.365000e+000
38  3.088000e+000
39  4.895000e+000
40  1.629000e+001
41  1.943000e+001
42  1.535000e+001
43  9.644000e+000
44  7.130000e+000
45  5.097000e+000
46  4.014000e+000
47  3.110000e+000
48  2.926000e+000
49  4.683000e+000
50  5.572000e+000
51  5.996000e+000
52  1.114000e+001
53  1.734000e+001
54  1.172000e+001
55  8.664000e+000
56  6.719000e+000
57  4.862000e+000
58  3.820000e+000
59  3.055000e+000
60  3.199000e+000
61  4.295000e+000
62  6.343000e+000
63  8.109000e+000
64  1.352000e+001
65  8.823000e+000
66  7.026000e+000
67  5.181000e+000
68  4.145000e+000
69  3.135000e+000
70  2.138000e+000
71  1.415000e+000
72  1.087000e+000
73  9.379000e-001
74  1.739000e+000
75  4.553000e+000
76  8.373000e+000
77  8.130000e+000
78  6.597000e+000
79  4.974000e+000
80  3.985000e+000
81  2.931000e+000
82  1.997000e+000
83  1.580000e+000
84  1.739000e+000
85  1.764000e+000
86  1.735000e+000
87  1.935000e+000
88  6.655000e+000
89  8.431000e+000
90  6.575000e+000
91  5.088000e+000
92  4.051000e+000
93  2.983000e+000
94  2.111000e+000
95  2.031000e+000
96  2.236000e+000
97  2.206000e+000
98  2.104000e+000
99  5.477000e+000
100  1.375000e+001
101  1.406000e+001
102  8.900000e+000
103  6.840000e+000
104  4.972000e+000
105  3.931000e+000
106  2.823000e+000
107  2.027000e+000
108  2.909000e+000
   21 
1  5.461000e+000
2  6.178000e+000
3  1.362000e+001
4  3.027000e+001
5  2.833000e+001
6  1.457000e+001
7  8.614000e+000
8  5.606000e+000
9  3.855000e+000
10  2.682000e+000
11  9.480000e+000
12  5.505000e+000
13  1.028000e+001
14  8.054000e+000
15  1.372000e+001
16  2.710000e+001
17  2.193000e+001
18  1.373000e+001
19  7.669000e+000
20  5.138000e+000
21  3.401000e+000
22  2.543000e+000
23  7.860000e+000
24  7.630000e+000
25  9.024000e+000
26  9.682000e+000
27  1.071000e+001
28  2.341000e+001
29  1.569000e+001
30  1.006000e+001
31  6.453000e+000
32  4.342000e+000
33  2.938000e+000
34  1.936000e+000
35  1.792000e+000
36  1.123000e+000
38  2.659000e+000
39  4.496000e+000
40  2.225000e+001
41  2.105000e+001
42  1.321000e+001
43  7.782000e+000
44  5.174000e+000
45  3.435000e+000
46  2.374000e+000
47  1.958000e+000
48  2.977000e+000
49  4.698000e+000
50  4.716000e+000
51  4.621000e+000
52  1.332000e+001
53  2.077000e+001
54  1.049000e+001
55  6.805000e+000
56  4.625000e+000
57  3.000000e+000
58  1.989000e+000
59  2.349000e+000
60  2.433000e+000
61  4.951000e+000
62  8.261000e+000
63  6.035000e+000
64  1.397000e+001
65  8.177000e+000
66  5.568000e+000
67  3.764000e+000
68  2.590000e+000
69  1.612000e+000
70  9.647000e-001
71  6.808000e-001
72  5.139000e-001
73  7.960000e-001
74  2.974000e+000
75  6.688000e+000
76  9.717000e+000
77  7.994000e+000
78  5.194000e+000
79  3.517000e+000
80  2.383000e+000
81  1.465000e+000
82  9.440000e-001
83  1.170000e+000
84  1.239000e+000
85  1.260000e+000
86  1.715000e+000
87  1.923000e+000
88  1.145000e+001
89  8.739000e+000
90  5.070000e+000
91  3.499000e+000
92  2.389000e+000
93  1.476000e+000
94  1.173000e+000
95  1.713000e+000
96  1.751000e+000
97  1.657000e+000
98  1.855000e+000
99  9.170000e+000
100  1.493000e+001
101  1.299000e+001
102  7.737000e+000
103  5.259000e+000
104  3.498000e+000
105  2.320000e+000
106  1.511000e+000
107  1.395000e+000
108  3.460000e+000
   22 
1  5.615000e+000
2  5.781000e+000
3  1.708000e+001
4  4.425000e+001
5  3.196000e+001
6  7.662000e+000
7  3.476000e+000
8  1.005000e+000
9  5.010000e-001
10  3.482000e-001
11  1.075000e+001
12  6.064000e+000
13  1.302000e+001
14  8.685000e+000
15  1.883000e+001
16  3.987000e+001
17  1.888000e+001
18  8.186000e+000
19  2.369000e+000
20  8.460000e-001
21  4.105000e-001
22  3.759000e-001
23  9.232000e+000
24  9.272000e+000
25  9.568000e+000
26  1.136000e+001
27  1.513000e+001
28  3.296000e+001
29  1.301000e+001
30  5.727000e+000
31  1.903000e+000
32  7.218000e-001
33  3.438000e-001
34  2.102000e-001
35  7.764000e-001
36  4.754000e-001
38  3.408000e+000
39  7.558000e+000
40  3.646000e+001
41  2.422000e+001
42  8.446000e+000
43  2.895000e+000
44  9.213000e-001
45  4.193000e-001
46  2.406000e-001
47  4.903000e-001
48  3.614000e+000
49  5.755000e+000
50  4.360000e+000
51  5.387000e+000
52  2.396000e+001
53  2.551000e+001
54  6.290000e+000
55  2.285000e+000
56  8.946000e-001
57  3.817000e-001
58  2.047000e-001
59  2.010000e+000
60  2.278000e+000
61  6.398000e+000
62  9.239000e+000
63  7.712000e+000
64  2.045000e+001
65  6.706000e+000
66  2.647000e+000
67  8.531000e-001
68  4.014000e-001
69  2.045000e-001
70  1.010000e-001
71  6.893000e-002
72  9.002000e-002
73  8.845000e-001
74  4.771000e+000
75  1.016000e+001
76  1.383000e+001
77  8.389000e+000
78  2.802000e+000
79  8.657000e-001
80  3.297000e-001
81  1.484000e-001
82  1.130000e-001
83  7.128000e-001
84  1.072000e+000
85  1.465000e+000
86  2.066000e+000
87  2.712000e+000
88  1.836000e+001
89  9.373000e+000
90  3.026000e+000
91  9.140000e-001
92  3.427000e-001
93  1.509000e-001
94  3.459000e-001
95  1.587000e+000
96  1.840000e+000
97  1.712000e+000
98  2.169000e+000
99  1.528000e+001
100  2.171000e+001
101  1.316000e+001
102  4.592000e+000
103  1.386000e+000
104  5.884000e-001
105  2.432000e-001
106  1.735000e-001
107  7.841000e-001
108  4.452000e+000
   23 
1  4.298000e+000
2  5.426000e+000
3  1.679000e+001
4  3.839000e+001
5  2.564000e+001
6  1.072000e+001
7  6.741000e+000
8  3.680000e+000
9  2.443000e+000
10  1.633000e+000
11  1.450000e+001
12  5.417000e+000
13  1.195000e+001
14  7.430000e+000
15  1.653000e+001
16  3.486000e+001
17  1.603000e+001
18  1.203000e+001
19  5.304000e+000
20  3.226000e+000
21  1.908000e+000
22  2.007000e+000
23  1.256000e+001
24  7.867000e+000
25  9.129000e+000
26  1.062000e+001
27  1.239000e+001
28  2.762000e+001
29  1.342000e+001
30  7.320000e+000
31  4.422000e+000
32  2.670000e+000
33  1.599000e+000
34  1.035000e+000
35  2.273000e+000
36  7.232000e-001
38  3.739000e+000
39  7.391000e+000
40  3.105000e+001
41  1.945000e+001
42  1.013000e+001
43  5.607000e+000
44  3.284000e+000
45  1.925000e+000
46  1.308000e+000
47  2.073000e+000
48  5.273000e+000
49  5.482000e+000
50  5.068000e+000
51  5.215000e+000
52  2.062000e+001
53  1.889000e+001
54  7.892000e+000
55  5.339000e+000
56  3.190000e+000
57  1.707000e+000
58  1.129000e+000
59  3.936000e+000
60  2.245000e+000
61  7.221000e+000
62  1.027000e+001
63  8.123000e+000
64  1.587000e+001
65  6.214000e+000
66  3.712000e+000
67  2.244000e+000
68  1.325000e+000
69  8.422000e-001
70  4.801000e-001
71  3.143000e-001
72  3.602000e-001
73  2.006000e+000
74  5.677000e+000
75  1.023000e+001
76  1.043000e+001
77  7.290000e+000
78  3.653000e+000
79  2.139000e+000
80  1.216000e+000
81  7.749000e-001
82  6.641000e-001
83  1.948000e+000
84  1.370000e+000
85  1.434000e+000
86  2.122000e+000
87  3.531000e+000
88  1.571000e+001
89  7.995000e+000
90  3.538000e+000
91  2.077000e+000
92  1.172000e+000
93  7.507000e-001
94  1.545000e+000
95  2.297000e+000
96  1.891000e+000
97  1.396000e+000
98  3.191000e+000
99  1.464000e+001
100  1.801000e+001
101  1.200000e+001
102  5.329000e+000
103  3.278000e+000
104  1.974000e+000
105  1.106000e+000
106  8.843000e-001
107  2.281000e+000
108  5.186000e+000
   24 
1  2.930000e+000
2  5.481000e+000
3  2.206000e+001
4  5.246000e+001
5  2.466000e+001
6  2.376000e+000
7  1.449000e+000
8  3.591000e-001
9  4.272000e-001
10  3.777000e-001
11  1.506000e+001
12  5.854000e+000
13  1.516000e+001
14  9.073000e+000
15  2.254000e+001
16  4.462000e+001
17  1.033000e+001
18  5.223000e+000
19  5.529000e-001
20  3.132000e-001
21  2.263000e-001
22  7.851000e-001
23  1.299000e+001
24  9.898000e+000
25  9.471000e+000
26  1.405000e+001
27  1.756000e+001
28  3.476000e+001
29  8.475000e+000
30  1.904000e+000
31  4.048000e-001
32  2.624000e-001
33  2.242000e-001
34  2.003000e-001
35  1.396000e+000
36  2.429000e-001
38  3.246000e+000
39  1.217000e+001
40  4.473000e+001
41  1.873000e+001
42  3.375000e+000
43  7.680000e-001
44  3.006000e-001
45  2.070000e-001
46  2.588000e-001
47  1.387000e+000
48  6.415000e+000
49  5.397000e+000
50  3.769000e+000
51  7.194000e+000
52  3.471000e+001
53  1.888000e+001
54  1.144000e+000
55  7.296000e-001
56  4.979000e-001
57  1.937000e-001
58  2.181000e-001
59  4.150000e+000
60  2.480000e+000
61  6.098000e+000
62  1.015000e+001
63  1.040000e+001
64  2.342000e+001
65  2.396000e+000
66  7.268000e-001
67  2.798000e-001
68  2.457000e-001
69  1.570000e-001
70  7.737000e-002
71  7.900000e-002
72  2.204000e-001
73  1.971000e+000
74  7.051000e+000
75  1.296000e+001
76  1.617000e+001
77  4.719000e+000
78  4.300000e-001
79  1.688000e-001
80  1.152000e-001
81  8.286000e-002
82  2.576000e-001
83  1.469000e+000
84  1.545000e+000
85  1.779000e+000
86  1.874000e+000
87  5.419000e+000
88  2.256000e+001
89  5.990000e+000
90  4.648000e-001
91  1.638000e-001
92  1.097000e-001
93  7.942000e-002
94  1.078000e+000
95  2.500000e+000
96  2.585000e+000
97  1.055000e+000
98  3.545000e+000
99  2.136000e+001
100  2.238000e+001
101  1.035000e+001
102  8.656000e-001
103  2.837000e-001
104  2.683000e-001
105  1.292000e-001
106  2.460000e-001
107  2.794000e+000
108  5.467000e+000
   25 
1  2.883000e+000
2  4.401000e+000
3  1.941000e+001
4  4.668000e+001
5  2.393000e+001
6  8.176000e+000
7  3.570000e+000
8  1.324000e+000
9  9.782000e-001
10  1.795000e+000
11  1.639000e+001
12  3.974000e+000
13  1.275000e+001
14  7.151000e+000
15  2.045000e+001
16  4.109000e+001
17  1.208000e+001
18  9.153000e+000
19  2.313000e+000
20  1.058000e+000
21  5.288000e-001
22  1.808000e+000
23  1.528000e+001
24  6.845000e+000
25  9.075000e+000
26  1.127000e+001
27  1.541000e+001
28  3.069000e+001
29  1.218000e+001
30  4.147000e+000
31  1.882000e+000
32  8.525000e-001
33  4.686000e-001
34  2.879000e-001
35  2.495000e+000
36  1.428000e-001
38  3.071000e+000
39  1.006000e+001
40  3.770000e+001
41  1.941000e+001
42  7.084000e+000
43  2.646000e+000
44  1.114000e+000
45  5.440000e-001
46  7.462000e-001
47  1.730000e+000
48  7.197000e+000
49  5.277000e+000
50  5.644000e+000
51  4.257000e+000
52  2.862000e+001
53  1.722000e+001
54  5.247000e+000
55  3.037000e+000
56  1.182000e+000
57  4.901000e-001
58  5.119000e-001
59  3.993000e+000
60  1.955000e+000
61  9.879000e+000
62  8.106000e+000
63  1.006000e+001
64  1.709000e+001
65  4.932000e+000
66  1.711000e+000
67  1.024000e+000
68  5.112000e-001
69  1.879000e-001
70  9.872000e-002
71  1.313000e-001
72  7.415000e-001
73  2.032000e+000
74  7.458000e+000
75  1.341000e+001
76  1.081000e+001
77  5.956000e+000
78  1.803000e+000
79  7.943000e-001
80  3.617000e-001
81  1.803000e-001
82  1.051000e+000
83  2.197000e+000
84  8.230000e-001
85  1.615000e+000
86  2.208000e+000
87  5.774000e+000
88  1.784000e+001
89  7.130000e+000
90  1.813000e+000
91  7.920000e-001
92  3.568000e-001
93  2.268000e-001
94  2.558000e+000
95  2.124000e+000
96  1.956000e+000
97  5.951000e-001
98  5.096000e+000
99  1.806000e+001
100  1.940000e+001
101  1.116000e+001
102  2.741000e+000
103  1.443000e+000
104  5.516000e-001
105  2.702000e-001
106  5.144000e-001
107  3.603000e+000
108  5.497000e+000
   26 
1  5.572000e+000
2  5.679000e+000
3  1.979000e+001
4  5.063000e+001
5  2.648000e+001
6  4.918000e+000
7  2.130000e+000
8  8.524000e-001
9  4.875000e-001
10  4.284000e-001
11  1.176000e+001
12  6.851000e+000
13  1.445000e+001
14  8.938000e+000
15  2.321000e+001
16  4.244000e+001
17  1.283000e+001
18  6.051000e+000
19  2.027000e+000
20  7.346000e-001
21  3.776000e-001
22  4.025000e-001
23  1.077000e+001
24  9.897000e+000
25  9.012000e+000
26  1.330000e+001
27  1.842000e+001
28  3.322000e+001
29  9.319000e+000
30  4.675000e+000
31  1.359000e+000
32  5.709000e-001
33  3.246000e-001
34  2.492000e-001
35  6.609000e-001
36  6.516000e-001
38  3.245000e+000
39  9.898000e+000
40  4.489000e+001
41  1.820000e+001
42  5.991000e+000
43  2.143000e+000
44  7.614000e-001
45  3.680000e-001
46  2.528000e-001
47  6.923000e-001
48  4.826000e+000
49  5.572000e+000
50  4.013000e+000
51  6.297000e+000
52  3.052000e+001
53  2.251000e+001
54  3.847000e+000
55  1.220000e+000
56  7.481000e-001
57  4.047000e-001
58  2.351000e-001
59  2.308000e+000
60  2.943000e+000
61  5.004000e+000
62  8.365000e+000
63  1.159000e+001
64  2.258000e+001
65  4.743000e+000
66  1.947000e+000
67  6.984000e-001
68  3.829000e-001
69  2.523000e-001
70  1.418000e-001
71  9.169000e-002
72  1.484000e-001
73  9.291000e-001
74  5.147000e+000
75  1.252000e+001
76  1.534000e+001
77  6.842000e+000
78  1.971000e+000
79  6.224000e-001
80  2.359000e-001
81  1.349000e-001
82  1.128000e-001
83  6.607000e-001
84  1.550000e+000
85  1.692000e+000
86  1.692000e+000
87  3.640000e+000
88  2.119000e+001
89  8.015000e+000
90  2.299000e+000
91  6.714000e-001
92  2.440000e-001
93  1.339000e-001
94  2.719000e-001
95  2.046000e+000
96  2.237000e+000
97  1.983000e+000
98  1.827000e+000
99  1.924000e+001
100  2.210000e+001
101  1.176000e+001
102  3.385000e+000
103  9.589000e-001
104  4.469000e-001
105  2.477000e-001
106  1.948000e-001
107  1.003000e+000
108  5.415000e+000
   27 
1  6.215000e+000
2  6.351000e+000
3  1.305000e+001
4  2.873000e+001
5  3.041000e+001
6  1.882000e+001
7  8.927000e+000
8  5.319000e+000
9  3.573000e+000
10  2.220000e+000
11  4.923000e+000
12  6.107000e+000
13  1.033000e+001
14  9.162000e+000
15  1.454000e+001
16  2.622000e+001
17  2.634000e+001
18  1.439000e+001
19  7.345000e+000
20  4.579000e+000
21  3.084000e+000
22  1.819000e+000
23  3.775000e+000
24  7.423000e+000
25  8.471000e+000
26  1.094000e+001
27  1.250000e+001
28  2.401000e+001
29  1.852000e+001
30  9.800000e+000
31  6.197000e+000
32  4.036000e+000
33  2.666000e+000
34  1.535000e+000
35  1.070000e+000
36  9.739000e-001
38  2.036000e+000
39  4.467000e+000
40  1.980000e+001
41  2.345000e+001
42  1.633000e+001
43  8.030000e+000
44  4.929000e+000
45  3.316000e+000
46  1.926000e+000
47  1.202000e+000
48  1.293000e+000
49  3.351000e+000
50  4.558000e+000
51  5.424000e+000
52  1.304000e+001
53  2.220000e+001
54  1.269000e+001
55  7.084000e+000
56  4.509000e+000
57  3.081000e+000
58  1.777000e+000
59  1.315000e+000
60  1.800000e+000
61  3.161000e+000
62  6.191000e+000
63  7.342000e+000
64  1.581000e+001
65  9.150000e+000
66  6.311000e+000
67  4.177000e+000
68  2.802000e+000
69  1.605000e+000
70  1.055000e+000
71  7.571000e-001
72  5.029000e-001
73  3.493000e-001
74  9.534000e-001
75  4.579000e+000
76  1.089000e+001
77  9.027000e+000
78  6.237000e+000
79  4.217000e+000
80  2.838000e+000
81  1.607000e+000
82  1.051000e+000
83  7.925000e-001
84  7.763000e-001
85  9.957000e-001
86  1.329000e+000
87  1.739000e+000
88  8.565000e+000
89  1.053000e+001
90  6.348000e+000
91  4.424000e+000
92  3.011000e+000
93  1.687000e+000
94  1.069000e+000
95  9.580000e-001
96  1.380000e+000
97  1.704000e+000
98  1.765000e+000
99  6.627000e+000
100  1.647000e+001
101  1.550000e+001
102  8.341000e+000
103  5.446000e+000
104  3.664000e+000
105  2.245000e+000
106  1.298000e+000
107  9.466000e-001
108  1.761000e+000
   28 
1  2.146000e+000
2  5.086000e+000
3  2.441000e+001
4  5.538000e+001
5  2.032000e+001
6  2.204000e+000
7  1.191000e+000
8  2.739000e-001
9  4.693000e-001
10  8.403000e-001
11  1.706000e+001
12  4.709000e+000
13  1.549000e+001
14  9.128000e+000
15  2.615000e+001
16  4.589000e+001
17  5.326000e+000
18  5.087000e+000
19  3.722000e-001
20  2.590000e-001
21  1.904000e-001
22  1.116000e+000
23  1.592000e+001
24  8.001000e+000
25  9.418000e+000
26  1.445000e+001
27  2.139000e+001
28  3.194000e+001
29  7.799000e+000
30  7.893000e-001
31  3.162000e-001
32  2.158000e-001
33  1.988000e-001
34  1.821000e-001
35  1.696000e+000
36  1.194000e-001
38  3.377000e+000
39  1.394000e+001
40  4.849000e+001
41  1.477000e+001
42  2.218000e+000
43  4.697000e-001
44  2.371000e-001
45  1.728000e-001
46  3.900000e-001
47  1.584000e+000
48  7.666000e+000
49  4.919000e+000
50  4.791000e+000
51  7.086000e+000
52  3.864000e+001
53  1.456000e+001
54  6.777000e-001
55  7.838000e-001
56  4.144000e-001
57  1.518000e-001
58  3.155000e-001
59  4.698000e+000
60  2.469000e+000
61  8.228000e+000
62  9.043000e+000
63  1.335000e+001
64  2.019000e+001
65  2.136000e+000
66  2.795000e-001
67  3.340000e-001
68  2.174000e-001
69  9.147000e-002
70  6.038000e-002
71  9.900000e-002
72  4.066000e-001
73  2.459000e+000
74  7.862000e+000
75  1.630000e+001
76  1.337000e+001
77  3.553000e+000
78  2.155000e-001
79  1.336000e-001
80  9.494000e-002
81  6.958000e-002
82  5.866000e-001
83  1.833000e+000
84  1.283000e+000
85  1.828000e+000
86  2.170000e+000
87  6.895000e+000
88  2.182000e+001
89  5.246000e+000
90  2.226000e-001
91  1.269000e-001
92  8.933000e-002
93  7.377000e-002
94  1.826000e+000
95  2.597000e+000
96  2.631000e+000
97  3.549000e-001
98  4.901000e+000
99  2.378000e+001
100  2.082000e+001
101  9.319000e+000
102  3.505000e-001
103  3.136000e-001
104  1.732000e-001
105  1.054000e-001
106  3.247000e-001
107  3.813000e+000
108  6.100000e+000
   29 
1  4.779000e+000
2  5.918000e+000
3  1.821000e+001
4  4.247000e+001
5  2.679000e+001
6  1.084000e+001
7  5.067000e+000
8  2.313000e+000
9  1.406000e+000
10  1.313000e+000
11  1.506000e+001
12  5.745000e+000
13  1.413000e+001
14  8.559000e+000
15  1.860000e+001
16  3.795000e+001
17  1.629000e+001
18  1.121000e+001
19  4.127000e+000
20  2.020000e+000
21  1.007000e+000
22  1.558000e+000
23  1.359000e+001
24  8.242000e+000
25  1.027000e+001
26  1.165000e+001
27  1.434000e+001
28  2.947000e+001
29  1.438000e+001
30  6.922000e+000
31  3.364000e+000
32  1.621000e+000
33  8.568000e-001
34  5.104000e-001
35  1.712000e+000
36  2.481000e-001
38  3.403000e+000
39  9.042000e+000
40  3.461000e+001
41  2.179000e+001
42  1.040000e+001
43  4.672000e+000
44  2.213000e+000
45  1.083000e+000
46  8.179000e-001
47  1.822000e+000
48  6.057000e+000
49  5.382000e+000
50  6.339000e+000
51  5.376000e+000
52  2.527000e+001
53  1.970000e+001
54  7.796000e+000
55  4.250000e+000
56  1.978000e+000
57  8.813000e-001
58  6.590000e-001
59  4.490000e+000
60  2.322000e+000
61  9.144000e+000
62  8.334000e+000
63  9.448000e+000
64  1.807000e+001
65  7.156000e+000
66  3.384000e+000
67  1.809000e+000
68  8.791000e-001
69  4.152000e-001
70  2.250000e-001
71  1.749000e-001
72  4.963000e-001
73  2.499000e+000
74  6.786000e+000
75  1.160000e+001
76  1.140000e+001
77  7.805000e+000
78  3.295000e+000
79  1.571000e+000
80  7.433000e-001
81  3.788000e-001
82  6.306000e-001
83  1.842000e+000
84  1.285000e+000
85  1.744000e+000
86  2.205000e+000
87  4.403000e+000
88  1.702000e+001
89  8.882000e+000
90  3.393000e+000
91  1.615000e+000
92  7.505000e-001
93  3.888000e-001
94  1.745000e+000
95  2.246000e+000
96  1.962000e+000
97  1.180000e+000
98  4.304000e+000
99  1.590000e+001
100  1.980000e+001
101  1.331000e+001
102  5.381000e+000
103  2.731000e+000
104  1.246000e+000
105  6.245000e-001
106  5.468000e-001
107  3.320000e+000
108  5.386000e+000
   30 
1  4.772000e+000
2  5.505000e+000
3  1.857000e+001
4  4.646000e+001
5  3.172000e+001
6  4.615000e+000
7  1.691000e+000
8  4.629000e-001
9  4.973000e-001
10  3.873000e-001
11  1.282000e+001
12  6.357000e+000
13  1.416000e+001
14  8.694000e+000
15  2.002000e+001
16  3.963000e+001
17  1.850000e+001
18  6.000000e+000
19  1.078000e+000
20  4.225000e-001
21  2.805000e-001
22  7.652000e-001
23  1.103000e+001
24  1.023000e+001
25  9.474000e+000
26  1.239000e+001
27  1.555000e+001
28  3.373000e+001
29  1.171000e+001
30  3.853000e+000
31  7.518000e-001
32  3.408000e-001
33  2.709000e-001
34  2.336000e-001
35  1.225000e+000
36  2.237000e-001
38  3.013000e+000
39  9.607000e+000
40  3.827000e+001
41  2.452000e+001
42  6.054000e+000
43  1.318000e+000
44  4.160000e-001
45  2.572000e-001
46  3.096000e-001
47  1.132000e+000
48  5.201000e+000
49  5.671000e+000
50  4.039000e+000
51  5.513000e+000
52  2.593000e+001
53  2.698000e+001
54  3.198000e+000
55  9.162000e-001
56  5.285000e-001
57  2.248000e-001
58  2.605000e-001
59  3.200000e+000
60  2.524000e+000
61  6.076000e+000
62  8.842000e+000
63  8.486000e+000
64  2.381000e+001
65  4.589000e+000
66  1.254000e+000
67  4.176000e-001
68  2.678000e-001
69  1.710000e-001
70  9.510000e-002
71  9.855000e-002
72  2.238000e-001
73  1.496000e+000
74  6.160000e+000
75  1.073000e+001
76  1.596000e+001
77  7.024000e+000
78  1.086000e+000
79  2.736000e-001
80  1.452000e-001
81  1.033000e-001
82  2.374000e-001
83  1.199000e+000
84  1.461000e+000
85  1.748000e+000
86  1.836000e+000
87  3.902000e+000
88  2.043000e+001
89  8.575000e+000
90  1.321000e+000
91  2.881000e-001
92  1.423000e-001
93  1.003000e-001
94  9.071000e-001
95  2.166000e+000
96  2.241000e+000
97  1.580000e+000
98  2.618000e+000
99  1.724000e+001
100  2.318000e+001
101  1.234000e+001
102  2.421000e+000
103  5.146000e-001
104  3.073000e-001
105  1.600000e-001
106  2.718000e-001
107  1.915000e+000
108  4.921000e+000
   31 
1  6.111000e+000
2  6.150000e+000
3  1.466000e+001
4  2.621000e+001
5  2.974000e+001
6  1.950000e+001
7  8.882000e+000
8  4.697000e+000
9  3.137000e+000
10  2.211000e+000
11  1.094000e+001
12  8.439000e+000
13  1.221000e+001
14  8.687000e+000
15  1.388000e+001
16  2.382000e+001
17  2.651000e+001
18  1.565000e+001
19  6.756000e+000
20  4.159000e+000
21  2.798000e+000
22  2.131000e+000
23  9.098000e+000
24  1.008000e+001
25  9.350000e+000
26  1.153000e+001
27  1.101000e+001
28  2.148000e+001
29  2.013000e+001
30  1.012000e+001
31  5.505000e+000
32  3.549000e+000
33  2.436000e+000
34  1.547000e+000
35  1.768000e+000
36  1.359000e+000
38  3.962000e+000
39  6.632000e+000
40  1.959000e+001
41  2.364000e+001
42  1.769000e+001
43  7.247000e+000
44  4.326000e+000
45  2.862000e+000
46  1.880000e+000
47  1.929000e+000
48  3.807000e+000
49  5.921000e+000
50  5.364000e+000
51  6.221000e+000
52  1.350000e+001
53  2.285000e+001
54  1.165000e+001
55  6.179000e+000
56  4.030000e+000
57  2.604000e+000
58  1.611000e+000
59  3.060000e+000
60  3.119000e+000
61  4.843000e+000
62  1.095000e+001
63  7.821000e+000
64  1.658000e+001
65  8.409000e+000
66  4.949000e+000
67  3.141000e+000
68  2.154000e+000
69  1.319000e+000
70  8.110000e-001
71  5.578000e-001
72  4.168000e-001
73  1.289000e+000
74  4.275000e+000
75  7.377000e+000
76  1.251000e+001
77  8.615000e+000
78  4.728000e+000
79  3.046000e+000
80  1.970000e+000
81  1.187000e+000
82  8.034000e-001
83  1.364000e+000
84  1.752000e+000
85  1.498000e+000
86  1.855000e+000
87  2.563000e+000
88  1.220000e+001
89  1.107000e+001
90  4.860000e+000
91  3.032000e+000
92  1.945000e+000
93  1.160000e+000
94  1.035000e+000
95  2.261000e+000
96  2.106000e+000
97  1.844000e+000
98  1.923000e+000
99  1.093000e+001
100  1.805000e+001
101  1.488000e+001
102  7.321000e+000
103  4.388000e+000
104  2.949000e+000
105  1.848000e+000
106  1.203000e+000
107  1.347000e+000
108  4.072000e+000
   32 
1  3.024000e+000
2  5.324000e+000
3  2.304000e+001
4  5.373000e+001
5  2.397000e+001
6  3.266000e+000
7  2.133000e+000
8  3.053000e-001
9  4.259000e-001
10  7.775000e-001
11  1.779000e+001
12  6.156000e+000
13  1.528000e+001
14  8.862000e+000
15  2.533000e+001
16  4.578000e+001
17  8.083000e+000
18  6.801000e+000
19  5.240000e-001
20  2.510000e-001
21  1.792000e-001
22  1.188000e+000
23  1.543000e+001
24  9.392000e+000
25  9.489000e+000
26  1.478000e+001
27  2.053000e+001
28  3.354000e+001
29  8.944000e+000
30  2.039000e+000
31  3.531000e-001
32  2.137000e-001
33  1.649000e-001
34  1.481000e-001
35  2.073000e+000
36  2.709000e-001
38  4.165000e+000
39  1.321000e+001
40  4.768000e+001
41  1.739000e+001
42  3.826000e+000
43  8.570000e-001
44  2.557000e-001
45  1.663000e-001
46  2.484000e-001
47  2.104000e+000
48  7.220000e+000
49  5.801000e+000
50  5.052000e+000
51  7.334000e+000
52  3.481000e+001
53  1.972000e+001
54  1.371000e+000
55  1.104000e+000
56  6.160000e-001
57  1.668000e-001
58  1.750000e-001
59  5.141000e+000
60  2.429000e+000
61  7.955000e+000
62  1.043000e+001
63  1.301000e+001
64  2.184000e+001
65  2.857000e+000
66  7.880000e-001
67  3.593000e-001
68  3.206000e-001
69  1.919000e-001
70  5.761000e-002
71  6.658000e-002
72  3.394000e-001
73  2.919000e+000
74  7.490000e+000
75  1.530000e+001
76  1.454000e+001
77  5.164000e+000
78  4.925000e-001
79  1.385000e-001
80  9.243000e-002
81  6.616000e-002
82  3.919000e-001
83  2.111000e+000
84  1.352000e+000
85  1.689000e+000
86  2.178000e+000
87  6.281000e+000
88  2.232000e+001
89  6.762000e+000
90  4.947000e-001
91  1.325000e-001
92  8.709000e-002
93  6.269000e-002
94  1.726000e+000
95  2.271000e+000
96  2.528000e+000
97  1.113000e+000
98  4.180000e+000
99  2.346000e+001
100  2.220000e+001
101  1.103000e+001
102  9.316000e-001
103  2.729000e-001
104  3.499000e-001
105  1.010000e-001
106  2.826000e-001
107  3.335000e+000
108  6.410000e+000
   33 
1  3.631000e+000
2  4.820000e+000
3  2.128000e+001
4  5.140000e+001
5  2.450000e+001
6  5.481000e+000
7  1.491000e+000
8  3.633000e-001
9  5.101000e-001
10  1.255000e+000
11  1.634000e+001
12  4.979000e+000
13  1.461000e+001
14  8.504000e+000
15  2.259000e+001
16  4.382000e+001
17  1.156000e+001
18  6.546000e+000
19  8.097000e-001
20  3.272000e-001
21  2.073000e-001
22  1.324000e+000
23  1.546000e+001
24  7.963000e+000
25  9.388000e+000
26  1.284000e+001
27  1.763000e+001
28  3.300000e+001
29  1.080000e+001
30  2.725000e+000
31  6.499000e-001
32  2.693000e-001
33  2.162000e-001
34  1.795000e-001
35  1.871000e+000
36  1.241000e-001
38  3.161000e+000
39  1.132000e+001
40  4.307000e+001
41  1.969000e+001
42  5.312000e+000
43  1.039000e+000
44  3.244000e-001
45  1.914000e-001
46  4.776000e-001
47  1.603000e+000
48  7.358000e+000
49  5.341000e+000
50  5.528000e+000
51  5.369000e+000
52  3.257000e+001
53  1.922000e+001
54  3.105000e+000
55  1.295000e+000
56  4.362000e-001
57  1.657000e-001
58  3.490000e-001
59  4.482000e+000
60  2.405000e+000
61  9.693000e+000
62  8.046000e+000
63  1.082000e+001
64  2.030000e+001
65  4.437000e+000
66  8.704000e-001
67  4.721000e-001
68  2.576000e-001
69  9.084000e-002
70  5.912000e-002
71  1.089000e-001
72  6.367000e-001
73  2.314000e+000
74  7.658000e+000
75  1.403000e+001
76  1.307000e+001
77  5.877000e+000
78  8.812000e-001
79  2.341000e-001
80  1.110000e-001
81  7.369000e-002
82  7.669000e-001
83  1.933000e+000
84  1.007000e+000
85  1.888000e+000
86  2.162000e+000
87  5.745000e+000
88  2.019000e+001
89  7.357000e+000
90  9.986000e-001
91  2.451000e-001
92  1.073000e-001
93  9.826000e-002
94  2.027000e+000
95  2.346000e+000
96  2.206000e+000
97  8.112000e-001
98  4.831000e+000
99  1.979000e+001
100  2.161000e+001
101  1.142000e+001
102  1.796000e+000
103  5.833000e-001
104  1.833000e-001
105  1.124000e-001
106  3.685000e-001
107  3.629000e+000
108  6.140000e+000
   34 
1  3.061000e+000
2  5.255000e+000
3  2.129000e+001
4  5.417000e+001
5  2.387000e+001
6  2.594000e+000
7  1.056000e+000
8  3.316000e-001
9  4.855000e-001
10  6.826000e-001
11  1.491000e+001
12  5.449000e+000
13  1.492000e+001
14  9.031000e+000
15  2.281000e+001
16  4.508000e+001
17  9.963000e+000
18  5.004000e+000
19  4.899000e-001
20  3.120000e-001
21  2.277000e-001
22  9.744000e-001
23  1.339000e+001
24  9.422000e+000
25  9.464000e+000
26  1.365000e+001
27  1.796000e+001
28  3.436000e+001
29  8.557000e+000
30  1.844000e+000
31  3.888000e-001
32  2.583000e-001
33  2.278000e-001
34  2.024000e-001
35  1.381000e+000
36  1.229000e-001
38  2.792000e+000
39  1.174000e+001
40  4.606000e+001
41  1.786000e+001
42  3.452000e+000
43  6.118000e-001
44  2.866000e-001
45  2.072000e-001
46  4.095000e-001
47  1.277000e+000
48  6.643000e+000
49  5.383000e+000
50  4.229000e+000
51  5.862000e+000
52  3.497000e+001
53  1.906000e+001
54  1.100000e+000
55  7.052000e-001
56  4.159000e-001
57  1.785000e-001
58  3.270000e-001
59  4.084000e+000
60  2.448000e+000
61  7.532000e+000
62  8.272000e+000
63  1.072000e+001
64  2.302000e+001
65  2.536000e+000
66  4.983000e-001
67  3.392000e-001
68  2.223000e-001
69  1.057000e-001
70  7.279000e-002
71  1.049000e-001
72  3.401000e-001
73  1.949000e+000
74  7.325000e+000
75  1.360000e+001
76  1.486000e+001
77  4.826000e+000
78  3.259000e-001
79  1.614000e-001
80  1.138000e-001
81  8.291000e-002
82  4.738000e-001
83  1.497000e+000
84  1.390000e+000
85  1.837000e+000
86  1.811000e+000
87  5.474000e+000
88  2.226000e+001
89  6.033000e+000
90  3.764000e-001
91  1.561000e-001
92  1.089000e-001
93  8.611000e-002
94  1.440000e+000
95  2.493000e+000
96  2.430000e+000
97  7.865000e-001
98  3.950000e+000
99  2.116000e+001
100  2.219000e+001
101  1.028000e+001
102  7.563000e-001
103  3.379000e-001
104  1.997000e-001
105  1.291000e-001
106  3.133000e-001
107  3.098000e+000
108  5.410000e+000
   35 
1  6.360000e+000
2  6.901000e+000
3  1.603000e+001
4  2.670000e+001
5  1.759000e+001
6  1.123000e+001
7  9.000000e+000
8  7.688000e+000
9  6.708000e+000
10  6.358000e+000
11  1.061000e+001
12  6.642000e+000
13  1.111000e+001
14  8.864000e+000
15  1.774000e+001
16  2.605000e+001
17  1.192000e+001
18  1.078000e+001
19  8.209000e+000
20  7.033000e+000
21  6.362000e+000
22  5.968000e+000
23  1.019000e+001
24  7.266000e+000
25  7.732000e+000
26  1.053000e+001
27  1.479000e+001
28  2.069000e+001
29  1.045000e+001
30  7.957000e+000
31  6.917000e+000
32  6.281000e+000
33  5.894000e+000
34  5.452000e+000
35  5.176000e+000
36  4.580000e+000
38  4.543000e+000
39  8.470000e+000
40  1.989000e+001
41  1.119000e+001
42  7.194000e+000
43  6.192000e+000
44  5.879000e+000
45  5.579000e+000
46  5.221000e+000
47  4.843000e+000
48  5.248000e+000
49  4.927000e+000
50  5.130000e+000
51  6.189000e+000
52  1.715000e+001
53  9.864000e+000
54  6.566000e+000
55  5.991000e+000
56  5.720000e+000
57  5.415000e+000
58  5.046000e+000
59  5.442000e+000
60  4.500000e+000
61  5.969000e+000
62  5.145000e+000
63  8.019000e+000
64  1.062000e+001
65  5.561000e+000
66  5.269000e+000
67  5.004000e+000
68  4.688000e+000
69  4.344000e+000
70  3.978000e+000
71  3.645000e+000
72  3.540000e+000
73  3.408000e+000
74  4.530000e+000
75  5.371000e+000
76  4.739000e+000
77  4.247000e+000
78  3.969000e+000
79  3.862000e+000
80  3.683000e+000
81  3.523000e+000
82  3.477000e+000
83  3.382000e+000
84  3.252000e+000
85  3.102000e+000
86  2.968000e+000
87  2.868000e+000
88  5.910000e+000
89  3.716000e+000
90  3.306000e+000
91  3.383000e+000
92  3.379000e+000
93  3.398000e+000
94  3.369000e+000
95  3.375000e+000
96  3.231000e+000
97  3.123000e+000
98  3.142000e+000
99  5.869000e+000
100  9.119000e+000
101  7.373000e+000
102  5.066000e+000
103  4.895000e+000
104  4.655000e+000
105  4.372000e+000
106  4.051000e+000
107  4.188000e+000
108  4.455000e+000
   36 
1  5.429000e+000
2  5.556000e+000
3  1.715000e+001
4  3.893000e+001
5  3.502000e+001
6  9.010000e+000
7  3.338000e+000
8  1.445000e+000
9  6.483000e-001
10  5.357000e-001
11  1.067000e+001
12  6.502000e+000
13  1.325000e+001
14  8.793000e+000
15  1.826000e+001
16  3.439000e+001
17  2.389000e+001
18  7.809000e+000
19  2.675000e+000
20  1.138000e+000
21  5.536000e-001
22  4.666000e-001
23  9.321000e+000
24  9.609000e+000
25  9.440000e+000
26  1.183000e+001
27  1.467000e+001
28  3.044000e+001
29  1.532000e+001
30  5.144000e+000
31  2.246000e+000
32  9.376000e-001
33  5.014000e-001
34  3.190000e-001
35  7.549000e-001
36  7.301000e-001
38  3.321000e+000
39  8.425000e+000
40  3.207000e+001
41  2.689000e+001
42  8.894000e+000
43  3.000000e+000
44  1.290000e+000
45  5.734000e-001
46  3.469000e-001
47  6.443000e-001
48  3.809000e+000
49  5.713000e+000
50  4.761000e+000
51  5.322000e+000
52  2.172000e+001
53  2.701000e+001
54  6.196000e+000
55  2.565000e+000
56  1.238000e+000
57  5.812000e-001
58  3.327000e-001
59  1.636000e+000
60  2.494000e+000
61  5.840000e+000
62  9.268000e+000
63  8.189000e+000
64  2.087000e+001
65  6.490000e+000
66  2.797000e+000
67  1.218000e+000
68  5.834000e-001
69  3.543000e-001
70  1.988000e-001
71  1.090000e-001
72  1.154000e-001
73  7.681000e-001
74  4.725000e+000
75  9.844000e+000
76  1.512000e+001
77  7.712000e+000
78  2.831000e+000
79  1.216000e+000
80  5.174000e-001
81  2.671000e-001
82  1.505000e-001
83  6.937000e-001
84  1.261000e+000
85  1.455000e+000
86  1.850000e+000
87  3.376000e+000
88  1.700000e+001
89  1.039000e+001
90  2.995000e+000
91  1.325000e+000
92  5.286000e-001
93  2.660000e-001
94  3.581000e-001
95  1.644000e+000
96  1.922000e+000
97  1.954000e+000
98  2.291000e+000
99  1.470000e+001
100  2.179000e+001
101  1.393000e+001
102  4.098000e+000
103  1.827000e+000
104  7.718000e-001
105  4.135000e-001
106  2.449000e-001
107  6.882000e-001
108  4.666000e+000
   37 
1  5.563000e+000
2  6.025000e+000
3  1.106000e+001
4  1.875000e+001
5  2.069000e+001
6  1.835000e+001
7  1.528000e+001
8  1.146000e+001
9  7.539000e+000
10  5.597000e+000
11  6.545000e+000
12  6.234000e+000
13  9.274000e+000
14  9.349000e+000
15  1.177000e+001
16  1.797000e+001
17  1.895000e+001
18  1.764000e+001
19  1.274000e+001
20  8.894000e+000
21  6.168000e+000
22  4.951000e+000
23  5.730000e+000
24  6.405000e+000
25  6.985000e+000
26  1.000000e+001
27  1.036000e+001
28  1.566000e+001
29  1.541000e+001
30  1.386000e+001
31  1.024000e+001
32  6.906000e+000
33  5.356000e+000
34  4.279000e+000
35  3.358000e+000
36  2.923000e+000
38  2.333000e+000
39  3.510000e+000
40  1.071000e+001
41  1.425000e+001
42  1.463000e+001
43  1.205000e+001
44  8.319000e+000
45  5.958000e+000
46  4.832000e+000
47  3.837000e+000
48  3.143000e+000
49  3.274000e+000
50  3.791000e+000
51  4.439000e+000
52  1.026000e+001
53  1.343000e+001
54  1.253000e+001
55  9.915000e+000
56  6.812000e+000
57  5.313000e+000
58  4.313000e+000
59  3.458000e+000
60  3.023000e+000
61  3.636000e+000
62  3.907000e+000
63  5.123000e+000
64  1.061000e+001
65  1.008000e+001
66  6.777000e+000
67  5.308000e+000
68  4.565000e+000
69  3.733000e+000
70  3.046000e+000
71  2.714000e+000
72  2.256000e+000
73  1.802000e+000
74  1.792000e+000
75  2.430000e+000
76  4.777000e+000
77  6.773000e+000
78  5.259000e+000
79  4.694000e+000
80  4.198000e+000
81  3.476000e+000
82  2.952000e+000
83  2.647000e+000
84  2.263000e+000
85  1.918000e+000
86  1.691000e+000
87  1.594000e+000
88  3.052000e+000
89  5.970000e+000
90  5.837000e+000
91  4.544000e+000
92  4.249000e+000
93  3.655000e+000
94  3.045000e+000
95  2.794000e+000
96  2.494000e+000
97  2.231000e+000
98  2.138000e+000
99  3.196000e+000
100  9.450000e+000
101  1.135000e+001
102  9.822000e+000
103  6.769000e+000
104  5.292000e+000
105  4.469000e+000
106  3.566000e+000
107  2.974000e+000
108  3.035000e+000
   38 
1  7.954000e+000
2  8.083000e+000
3  1.198000e+001
4  1.355000e+001
5  1.244000e+001
6  1.302000e+001
7  1.163000e+001
8  1.056000e+001
9  9.566000e+000
10  8.827000e+000
11  8.932000e+000
12  8.593000e+000
13  1.005000e+001
14  1.013000e+001
15  1.318000e+001
16  1.439000e+001
17  1.321000e+001
18  1.267000e+001
19  1.153000e+001
20  1.044000e+001
21  9.403000e+000
22  8.734000e+000
23  9.084000e+000
24  8.648000e+000
25  8.561000e+000
26  1.060000e+001
27  1.148000e+001
28  1.385000e+001
29  1.170000e+001
30  1.054000e+001
31  9.675000e+000
32  8.804000e+000
33  8.348000e+000
34  8.003000e+000
35  7.651000e+000
36  7.223000e+000
38  6.798000e+000
39  9.072000e+000
40  1.002000e+001
41  9.304000e+000
42  8.199000e+000
43  7.954000e+000
44  7.707000e+000
45  7.439000e+000
46  7.141000e+000
47  6.816000e+000
48  6.498000e+000
49  6.314000e+000
50  6.422000e+000
51  6.819000e+000
52  9.421000e+000
53  8.127000e+000
54  7.569000e+000
55  7.427000e+000
56  7.228000e+000
57  6.991000e+000
58  6.709000e+000
59  6.412000e+000
60  6.105000e+000
61  6.535000e+000
62  6.050000e+000
63  6.185000e+000
64  7.629000e+000
65  6.430000e+000
66  6.291000e+000
67  6.130000e+000
68  5.936000e+000
69  5.716000e+000
70  5.463000e+000
71  5.186000e+000
72  4.889000e+000
73  4.730000e+000
74  4.922000e+000
75  4.736000e+000
76  4.548000e+000
77  4.589000e+000
78  4.597000e+000
79  4.607000e+000
80  4.597000e+000
81  4.565000e+000
82  4.510000e+000
83  4.430000e+000
84  4.327000e+000
85  4.204000e+000
86  4.072000e+000
87  3.933000e+000
88  3.815000e+000
89  3.768000e+000
90  3.755000e+000
91  3.762000e+000
92  3.777000e+000
93  3.789000e+000
94  3.790000e+000
95  3.773000e+000
96  3.739000e+000
97  3.689000e+000
98  3.770000e+000
99  3.621000e+000
100  4.839000e+000
101  4.856000e+000
102  4.663000e+000
103  4.705000e+000
104  4.699000e+000
105  4.650000e+000
106  4.553000e+000
107  4.523000e+000
108  4.704000e+000
   39 
1  5.543000e+000
2  6.107000e+000
3  1.941000e+001
4  4.916000e+001
5  2.823000e+001
6  5.740000e+000
7  2.960000e+000
8  9.334000e-001
9  5.015000e-001
10  5.191000e-001
11  1.436000e+001
12  7.394000e+000
13  1.525000e+001
14  8.823000e+000
15  2.184000e+001
16  4.277000e+001
17  1.422000e+001
18  7.622000e+000
19  2.182000e+000
20  7.471000e-001
21  3.788000e-001
22  5.037000e-001
23  1.283000e+001
24  1.024000e+001
25  9.807000e+000
26  1.331000e+001
27  1.751000e+001
28  3.358000e+001
29  1.133000e+001
30  4.691000e+000
31  1.560000e+000
32  6.096000e-001
33  3.271000e-001
34  2.305000e-001
35  1.057000e+000
36  6.741000e-001
38  4.003000e+000
39  1.025000e+001
40  4.331000e+001
41  2.076000e+001
42  7.004000e+000
43  2.430000e+000
44  7.912000e-001
45  3.797000e-001
46  2.439000e-001
47  1.158000e+000
48  5.627000e+000
49  6.072000e+000
50  5.330000e+000
51  6.684000e+000
52  2.947000e+001
53  2.327000e+001
54  4.483000e+000
55  1.786000e+000
56  8.735000e-001
57  4.568000e-001
58  2.348000e-001
59  3.502000e+000
60  2.926000e+000
61  6.818000e+000
62  9.315000e+000
63  1.139000e+001
64  2.240000e+001
65  5.471000e+000
66  2.367000e+000
67  7.740000e-001
68  4.541000e-001
69  2.810000e-001
70  1.465000e-001
71  8.352000e-002
72  1.489000e-001
73  1.829000e+000
74  6.162000e+000
75  1.261000e+001
76  1.530000e+001
77  7.297000e+000
78  2.331000e+000
79  7.164000e-001
80  2.825000e-001
81  1.353000e-001
82  1.131000e-001
83  1.222000e+000
84  1.684000e+000
85  1.715000e+000
86  2.007000e+000
87  4.147000e+000
88  2.090000e+001
89  8.838000e+000
90  2.522000e+000
91  7.489000e-001
92  2.869000e-001
93  1.337000e-001
94  5.629000e-001
95  2.294000e+000
96  2.252000e+000
97  1.955000e+000
98  2.558000e+000
99  1.942000e+001
100  2.295000e+001
101  1.294000e+001
102  3.662000e+000
103  1.093000e+000
104  5.277000e-001
105  2.659000e-001
106  1.955000e-001
107  1.858000e+000
108  5.778000e+000
   40 
1  5.355000e+000
2  5.625000e+000
3  1.921000e+001
4  3.909000e+001
5  3.391000e+001
6  9.190000e+000
7  2.820000e+000
8  1.209000e+000
9  6.512000e-001
10  4.814000e-001
11  9.527000e+000
12  7.438000e+000
13  1.425000e+001
14  9.460000e+000
15  2.029000e+001
16  3.232000e+001
17  2.359000e+001
18  7.229000e+000
19  2.585000e+000
20  1.064000e+000
21  5.932000e-001
22  4.111000e-001
23  8.177000e+000
24  1.032000e+001
25  9.097000e+000
26  1.365000e+001
27  1.628000e+001
28  2.936000e+001
29  1.511000e+001
30  4.690000e+000
31  1.948000e+000
32  8.153000e-001
33  5.007000e-001
34  3.258000e-001
35  3.483000e-001
36  5.534000e-001
38  3.091000e+000
39  1.059000e+001
40  3.134000e+001
41  2.761000e+001
42  8.078000e+000
43  2.741000e+000
44  1.120000e+000
45  5.919000e-001
46  3.698000e-001
47  3.934000e-001
48  3.382000e+000
49  5.508000e+000
50  3.928000e+000
51  6.932000e+000
52  2.346000e+001
53  2.640000e+001
54  5.839000e+000
55  2.022000e+000
56  9.096000e-001
57  5.814000e-001
58  3.620000e-001
59  1.357000e+000
60  2.746000e+000
61  4.269000e+000
62  8.014000e+000
63  1.027000e+001
64  2.259000e+001
65  5.923000e+000
66  2.582000e+000
67  1.040000e+000
68  5.618000e-001
69  3.432000e-001
70  2.191000e-001
71  1.366000e-001
72  1.065000e-001
73  4.097000e-001
74  4.222000e+000
75  1.045000e+001
76  1.638000e+001
77  7.095000e+000
78  2.484000e+000
79  9.717000e-001
80  4.892000e-001
81  2.588000e-001
82  1.533000e-001
83  2.774000e-001
84  1.159000e+000
85  1.528000e+000
86  1.502000e+000
87  3.405000e+000
88  1.845000e+001
89  9.818000e+000
90  2.821000e+000
91  1.073000e+000
92  5.041000e-001
93  2.624000e-001
94  1.790000e-001
95  1.331000e+000
96  2.055000e+000
97  2.010000e+000
98  1.459000e+000
99  1.574000e+001
100  2.276000e+001
101  1.343000e+001
102  3.680000e+000
103  1.506000e+000
104  6.853000e-001
105  4.188000e-001
106  2.528000e-001
107  4.149000e-001
108  4.007000e+000
   41 
1  2.373000e+000
2  4.764000e+000
3  2.523000e+001
4  5.565000e+001
5  1.916000e+001
6  2.326000e+000
7  1.020000e+000
8  2.866000e-001
9  4.429000e-001
10  7.954000e-001
11  1.622000e+001
12  4.304000e+000
13  1.492000e+001
14  9.097000e+000
15  2.734000e+001
16  4.500000e+001
17  5.162000e+000
18  4.806000e+000
19  3.943000e-001
20  2.685000e-001
21  1.957000e-001
22  1.011000e+000
23  1.557000e+001
24  7.468000e+000
25  9.370000e+000
26  1.382000e+001
27  2.162000e+001
28  3.194000e+001
29  7.608000e+000
30  9.411000e-001
31  3.287000e-001
32  2.233000e-001
33  2.020000e-001
34  1.747000e-001
35  1.594000e+000
36  1.185000e-001
38  3.141000e+000
39  1.353000e+001
40  4.834000e+001
41  1.436000e+001
42  2.302000e+000
43  4.989000e-001
44  2.448000e-001
45  1.770000e-001
46  3.400000e-001
47  1.274000e+000
48  7.635000e+000
49  4.525000e+000
50  4.702000e+000
51  6.522000e+000
52  3.941000e+001
53  1.363000e+001
54  7.447000e-001
55  7.109000e-001
56  4.058000e-001
57  1.563000e-001
58  2.767000e-001
59  4.009000e+000
60  2.420000e+000
61  8.470000e+000
62  8.457000e+000
63  1.289000e+001
64  1.987000e+001
65  2.170000e+000
66  3.385000e-001
67  3.026000e-001
68  2.004000e-001
69  1.010000e-001
70  6.238000e-002
71  8.811000e-002
72  3.109000e-001
73  1.927000e+000
74  7.555000e+000
75  1.623000e+001
76  1.312000e+001
77  3.521000e+000
78  2.501000e-001
79  1.384000e-001
80  9.758000e-002
81  7.101000e-002
82  5.173000e-001
83  1.571000e+000
84  1.154000e+000
85  1.808000e+000
86  2.140000e+000
87  6.736000e+000
88  2.142000e+001
89  5.320000e+000
90  2.540000e-001
91  1.319000e-001
92  9.226000e-002
93  7.037000e-002
94  1.575000e+000
95  2.445000e+000
96  2.550000e+000
97  4.612000e-001
98  4.611000e+000
99  2.330000e+001
100  2.036000e+001
101  9.373000e+000
102  4.139000e-001
103  2.804000e-001
104  1.979000e-001
105  1.073000e-001
106  2.854000e-001
107  3.230000e+000
108  6.467000e+000
   42 
1  5.505000e+000
2  5.860000e+000
3  2.004000e+001
4  4.207000e+001
5  3.186000e+001
6  8.221000e+000
7  3.455000e+000
8  1.759000e+000
9  8.941000e-001
10  6.053000e-001
11  1.203000e+001
12  8.766000e+000
13  1.501000e+001
14  9.536000e+000
15  2.109000e+001
16  3.534000e+001
17  2.050000e+001
18  8.212000e+000
19  2.713000e+000
20  1.454000e+000
21  7.074000e-001
22  5.448000e-001
23  1.087000e+001
24  1.055000e+001
25  9.353000e+000
26  1.444000e+001
27  1.773000e+001
28  3.063000e+001
29  1.387000e+001
30  4.545000e+000
31  2.142000e+000
32  1.108000e+000
33  5.896000e-001
34  4.137000e-001
35  6.070000e-001
36  8.196000e-001
38  4.133000e+000
39  1.147000e+001
40  3.433000e+001
41  2.631000e+001
42  8.004000e+000
43  2.911000e+000
44  1.570000e+000
45  7.449000e-001
46  4.708000e-001
47  8.040000e-001
48  4.577000e+000
49  5.799000e+000
50  5.453000e+000
51  7.663000e+000
52  2.595000e+001
53  2.489000e+001
54  5.204000e+000
55  2.408000e+000
56  1.439000e+000
57  7.639000e-001
58  4.873000e-001
59  2.416000e+000
60  2.913000e+000
61  5.613000e+000
62  9.720000e+000
63  1.172000e+001
64  2.183000e+001
65  5.971000e+000
66  2.735000e+000
67  1.484000e+000
68  7.550000e-001
69  4.978000e-001
70  3.482000e-001
71  2.197000e-001
72  1.436000e-001
73  9.282000e-001
74  5.178000e+000
75  1.193000e+001
76  1.636000e+001
77  7.028000e+000
78  2.613000e+000
79  1.393000e+000
80  6.444000e-001
81  3.982000e-001
82  2.354000e-001
83  6.555000e-001
84  1.349000e+000
85  1.572000e+000
86  1.731000e+000
87  4.470000e+000
88  1.902000e+001
89  9.725000e+000
90  2.863000e+000
91  1.507000e+000
92  6.769000e-001
93  4.057000e-001
94  4.204000e-001
95  1.776000e+000
96  2.139000e+000
97  1.963000e+000
98  2.450000e+000
99  1.795000e+001
100  2.283000e+001
101  1.394000e+001
102  3.606000e+000
103  1.818000e+000
104  9.346000e-001
105  5.413000e-001
106  3.645000e-001
107  1.225000e+000
108  4.818000e+000
   43 
1  6.467000e+000
2  6.580000e+000
3  1.395000e+001
4  2.601000e+001
5  2.950000e+001
6  1.861000e+001
7  9.235000e+000
8  5.600000e+000
9  3.831000e+000
10  2.606000e+000
11  1.022000e+001
12  7.992000e+000
13  1.189000e+001
14  8.656000e+000
15  1.312000e+001
16  2.279000e+001
17  2.702000e+001
18  1.528000e+001
19  7.940000e+000
20  5.076000e+000
21  3.493000e+000
22  2.500000e+000
23  8.337000e+000
24  9.588000e+000
25  9.488000e+000
26  1.122000e+001
27  1.050000e+001
28  2.278000e+001
29  1.737000e+001
30  1.103000e+001
31  6.544000e+000
32  4.303000e+000
33  2.924000e+000
34  1.885000e+000
35  1.840000e+000
36  1.322000e+000
38  3.750000e+000
39  5.591000e+000
40  1.964000e+001
41  2.447000e+001
42  1.481000e+001
43  8.050000e+000
44  5.156000e+000
45  3.519000e+000
46  2.297000e+000
47  2.031000e+000
48  3.243000e+000
49  5.659000e+000
50  5.339000e+000
51  6.330000e+000
52  1.226000e+001
53  2.257000e+001
54  1.141000e+001
55  6.985000e+000
56  4.603000e+000
57  3.033000e+000
58  1.913000e+000
59  2.967000e+000
60  3.269000e+000
61  4.244000e+000
62  1.047000e+001
63  7.475000e+000
64  1.572000e+001
65  8.561000e+000
66  5.621000e+000
67  3.700000e+000
68  2.435000e+000
69  1.525000e+000
70  1.013000e+000
71  7.012000e-001
72  5.139000e-001
73  1.200000e+000
74  3.672000e+000
75  6.584000e+000
76  1.162000e+001
77  8.539000e+000
78  5.314000e+000
79  3.526000e+000
80  2.241000e+000
81  1.393000e+000
82  9.758000e-001
83  1.264000e+000
84  1.661000e+000
85  1.472000e+000
86  1.871000e+000
87  2.146000e+000
88  1.091000e+001
89  1.075000e+001
90  5.414000e+000
91  3.512000e+000
92  2.219000e+000
93  1.372000e+000
94  1.140000e+000
95  2.041000e+000
96  1.994000e+000
97  1.778000e+000
98  1.813000e+000
99  9.613000e+000
100  1.657000e+001
101  1.446000e+001
102  8.154000e+000
103  5.105000e+000
104  3.513000e+000
105  2.207000e+000
106  1.449000e+000
107  1.398000e+000
108  3.919000e+000
   44 
1  7.405000e+000
2  7.415000e+000
3  1.177000e+001
4  1.522000e+001
5  1.313000e+001
6  1.181000e+001
7  1.168000e+001
8  1.010000e+001
9  9.250000e+000
10  8.633000e+000
11  1.014000e+001
12  9.408000e+000
13  1.097000e+001
14  1.054000e+001
15  1.218000e+001
16  1.582000e+001
17  1.378000e+001
18  1.219000e+001
19  1.192000e+001
20  1.033000e+001
21  9.290000e+000
22  8.797000e+000
23  9.930000e+000
24  9.686000e+000
25  9.557000e+000
26  1.110000e+001
27  1.142000e+001
28  1.400000e+001
29  1.175000e+001
30  1.175000e+001
31  1.006000e+001
32  8.960000e+000
33  8.231000e+000
34  7.617000e+000
35  7.272000e+000
36  6.642000e+000
38  6.791000e+000
39  8.806000e+000
40  1.208000e+001
41  1.255000e+001
42  1.075000e+001
43  8.605000e+000
44  7.506000e+000
45  7.028000e+000
46  6.587000e+000
47  6.432000e+000
48  6.687000e+000
49  6.321000e+000
50  7.114000e+000
51  6.861000e+000
52  1.045000e+001
53  1.161000e+001
54  9.186000e+000
55  7.602000e+000
56  6.890000e+000
57  6.451000e+000
58  6.039000e+000
59  6.161000e+000
60  5.586000e+000
61  6.924000e+000
62  6.601000e+000
63  7.231000e+000
64  1.028000e+001
65  7.643000e+000
66  6.434000e+000
67  6.032000e+000
68  5.631000e+000
69  5.283000e+000
70  4.963000e+000
71  4.796000e+000
72  4.728000e+000
73  4.579000e+000
74  5.210000e+000
75  5.684000e+000
76  5.630000e+000
77  5.466000e+000
78  4.766000e+000
79  4.703000e+000
80  4.612000e+000
81  4.513000e+000
82  4.413000e+000
83  4.320000e+000
84  4.182000e+000
85  4.097000e+000
86  3.996000e+000
87  4.037000e+000
88  4.857000e+000
89  4.884000e+000
90  4.082000e+000
91  4.052000e+000
92  3.999000e+000
93  3.945000e+000
94  3.902000e+000
95  3.851000e+000
96  3.758000e+000
97  3.683000e+000
98  4.081000e+000
99  4.859000e+000
100  7.244000e+000
101  7.009000e+000
102  5.259000e+000
103  4.901000e+000
104  4.736000e+000
105  4.640000e+000
106  4.537000e+000
107  4.461000e+000
108  4.735000e+000
   45 
1  2.961000e+000
2  5.877000e+000
3  2.269000e+001
4  5.353000e+001
5  2.434000e+001
6  2.641000e+000
7  1.810000e+000
8  3.469000e-001
9  4.592000e-001
10  6.371000e-001
11  1.724000e+001
12  7.126000e+000
13  1.614000e+001
14  9.099000e+000
15  2.329000e+001
16  4.556000e+001
17  9.449000e+000
18  6.458000e+000
19  5.299000e-001
20  3.108000e-001
21  2.240000e-001
22  1.074000e+000
23  1.484000e+001
24  1.061000e+001
25  9.832000e+000
26  1.501000e+001
27  1.862000e+001
28  3.476000e+001
29  9.206000e+000
30  1.703000e+000
31  3.986000e-001
32  2.618000e-001
33  2.242000e-001
34  1.985000e-001
35  1.590000e+000
36  2.669000e-001
38  3.918000e+000
39  1.336000e+001
40  4.591000e+001
41  1.944000e+001
42  3.593000e+000
43  7.952000e-001
44  3.006000e-001
45  2.078000e-001
46  2.811000e-001
47  2.180000e+000
48  6.933000e+000
49  5.765000e+000
50  4.904000e+000
51  8.157000e+000
52  3.592000e+001
53  1.858000e+001
54  1.176000e+000
55  8.897000e-001
56  5.482000e-001
57  1.922000e-001
58  2.289000e-001
59  5.575000e+000
60  2.502000e+000
61  6.895000e+000
62  1.044000e+001
63  1.309000e+001
64  2.310000e+001
65  2.733000e+000
66  7.275000e-001
67  3.318000e-001
68  2.768000e-001
69  1.775000e-001
70  7.872000e-002
71  8.221000e-002
72  3.348000e-001
73  3.060000e+000
74  7.498000e+000
75  1.436000e+001
76  1.604000e+001
77  4.862000e+000
78  4.562000e-001
79  1.726000e-001
80  1.179000e-001
81  8.494000e-002
82  3.335000e-001
83  2.040000e+000
84  1.537000e+000
85  1.790000e+000
86  2.009000e+000
87  6.163000e+000
88  2.309000e+001
89  6.551000e+000
90  4.350000e-001
91  1.662000e-001
92  1.129000e-001
93  8.168000e-002
94  1.567000e+000
95  2.704000e+000
96  2.613000e+000
97  9.094000e-001
98  4.035000e+000
99  2.320000e+001
100  2.315000e+001
101  1.095000e+001
102  7.945000e-001
103  3.043000e-001
104  3.044000e-001
105  1.316000e-001
106  2.713000e-001
107  3.925000e+000
108  5.735000e+000
   46 
1  4.558000e+000
2  5.788000e+000
3  1.609000e+001
4  3.658000e+001
5  2.595000e+001
6  1.185000e+001
7  6.891000e+000
8  4.136000e+000
9  2.802000e+000
10  1.941000e+000
11  1.291000e+001
12  4.733000e+000
13  1.187000e+001
14  7.777000e+000
15  1.610000e+001
16  3.277000e+001
17  1.711000e+001
18  1.205000e+001
19  6.014000e+000
20  3.696000e+000
21  2.311000e+000
22  2.104000e+000
23  1.143000e+001
24  7.410000e+000
25  9.479000e+000
26  1.009000e+001
27  1.212000e+001
28  2.596000e+001
29  1.398000e+001
30  8.209000e+000
31  4.989000e+000
32  3.049000e+000
33  1.933000e+000
34  1.214000e+000
35  1.922000e+000
36  5.610000e-001
38  2.895000e+000
39  6.842000e+000
40  2.887000e+001
41  1.958000e+001
42  1.094000e+001
43  6.185000e+000
44  3.758000e+000
45  2.339000e+000
46  1.623000e+000
47  1.840000e+000
48  4.972000e+000
49  4.762000e+000
50  5.363000e+000
51  4.476000e+000
52  2.023000e+001
53  1.830000e+001
54  8.592000e+000
55  5.536000e+000
56  3.333000e+000
57  1.957000e+000
58  1.342000e+000
59  3.435000e+000
60  2.174000e+000
61  7.663000e+000
62  8.154000e+000
63  7.454000e+000
64  1.521000e+001
65  6.878000e+000
66  4.133000e+000
67  2.662000e+000
68  1.600000e+000
69  9.177000e-001
70  5.841000e-001
71  4.003000e-001
72  4.205000e-001
73  1.636000e+000
74  5.504000e+000
75  9.603000e+000
76  9.762000e+000
77  7.179000e+000
78  3.922000e+000
79  2.413000e+000
80  1.439000e+000
81  8.484000e-001
82  7.935000e-001
83  1.532000e+000
84  1.304000e+000
85  1.535000e+000
86  2.095000e+000
87  3.320000e+000
88  1.445000e+001
89  7.914000e+000
90  3.880000e+000
91  2.404000e+000
92  1.429000e+000
93  8.470000e-001
94  1.529000e+000
95  2.030000e+000
96  1.820000e+000
97  1.372000e+000
98  3.481000e+000
99  1.280000e+001
100  1.670000e+001
101  1.203000e+001
102  6.159000e+000
103  3.889000e+000
104  2.356000e+000
105  1.397000e+000
106  1.045000e+000
107  2.514000e+000
108  4.707000e+000
   47 
1  5.878000e+000
2  5.591000e+000
3  1.747000e+001
4  3.663000e+001
5  3.619000e+001
6  1.131000e+001
7  3.130000e+000
8  1.202000e+000
9  6.309000e-001
10  4.122000e-001
11  8.176000e+000
12  7.272000e+000
13  1.356000e+001
14  9.228000e+000
15  1.898000e+001
16  3.133000e+001
17  2.685000e+001
18  7.602000e+000
19  2.793000e+000
20  1.039000e+000
21  5.569000e-001
22  3.409000e-001
23  6.705000e+000
24  1.056000e+001
25  9.108000e+000
26  1.273000e+001
27  1.509000e+001
28  2.947000e+001
29  1.668000e+001
30  5.371000e+000
31  2.133000e+000
32  8.320000e-001
33  4.589000e-001
34  2.674000e-001
35  3.227000e-001
36  5.657000e-001
38  3.045000e+000
39  8.606000e+000
40  2.861000e+001
41  3.055000e+001
42  9.181000e+000
43  3.001000e+000
44  1.103000e+000
45  5.616000e-001
46  3.119000e-001
47  2.712000e-001
48  2.543000e+000
49  5.569000e+000
50  4.096000e+000
51  5.840000e+000
52  2.173000e+001
53  2.796000e+001
54  6.847000e+000
55  2.184000e+000
56  9.012000e-001
57  5.440000e-001
58  2.994000e-001
59  9.467000e-001
60  2.527000e+000
61  4.464000e+000
62  8.459000e+000
63  8.560000e+000
64  2.230000e+001
65  6.828000e+000
66  2.757000e+000
67  1.022000e+000
68  5.196000e-001
69  2.869000e-001
70  1.692000e-001
71  9.914000e-002
72  7.707000e-002
73  2.852000e-001
74  3.430000e+000
75  8.806000e+000
76  1.668000e+001
77  8.119000e+000
78  2.849000e+000
79  1.017000e+000
80  4.696000e-001
81  2.141000e-001
82  1.201000e-001
83  2.313000e-001
84  9.326000e-001
85  1.372000e+000
86  1.658000e+000
87  2.685000e+000
88  1.674000e+001
89  1.129000e+001
90  3.281000e+000
91  1.126000e+000
92  4.868000e-001
93  2.168000e-001
94  1.417000e-001
95  1.024000e+000
96  1.878000e+000
97  1.987000e+000
98  1.424000e+000
99  1.386000e+001
100  2.274000e+001
101  1.432000e+001
102  4.237000e+000
103  1.562000e+000
104  6.810000e-001
105  3.638000e-001
106  2.003000e-001
107  2.640000e-001
108  3.480000e+000
   48 
1  5.227000e+000
2  5.371000e+000
3  1.920000e+001
4  4.399000e+001
5  3.067000e+001
6  6.987000e+000
7  3.332000e+000
8  1.696000e+000
9  8.113000e-001
10  5.940000e-001
11  1.023000e+001
12  6.605000e+000
13  1.324000e+001
14  9.240000e+000
15  2.160000e+001
16  3.716000e+001
17  1.816000e+001
18  7.095000e+000
19  2.836000e+000
20  1.391000e+000
21  7.044000e-001
22  4.768000e-001
23  9.077000e+000
24  9.123000e+000
25  9.027000e+000
26  1.297000e+001
27  1.848000e+001
28  3.128000e+001
29  1.143000e+001
30  4.338000e+000
31  2.244000e+000
32  1.044000e+000
33  6.064000e-001
34  3.895000e-001
35  5.599000e-001
36  7.431000e-001
38  2.976000e+000
39  1.010000e+001
40  3.606000e+001
41  2.346000e+001
42  6.937000e+000
43  2.987000e+000
44  1.480000e+000
45  7.190000e-001
46  4.537000e-001
47  4.368000e-001
48  3.313000e+000
49  5.726000e+000
50  4.831000e+000
51  5.615000e+000
52  2.690000e+001
53  2.350000e+001
54  4.894000e+000
55  2.404000e+000
56  1.307000e+000
57  7.274000e-001
58  4.836000e-001
59  1.282000e+000
60  2.266000e+000
61  5.736000e+000
62  8.758000e+000
63  9.917000e+000
64  2.080000e+001
65  5.502000e+000
66  2.876000e+000
67  1.406000e+000
68  7.062000e-001
69  4.638000e-001
70  2.925000e-001
71  1.730000e-001
72  1.108000e-001
73  3.828000e-001
74  3.968000e+000
75  1.114000e+001
76  1.575000e+001
77  6.544000e+000
78  2.784000e+000
79  1.353000e+000
80  6.587000e-001
81  3.822000e-001
82  2.005000e-001
83  4.473000e-001
84  1.106000e+000
85  1.325000e+000
86  1.587000e+000
87  3.655000e+000
88  1.839000e+001
89  8.985000e+000
90  3.096000e+000
91  1.511000e+000
92  6.863000e-001
93  3.902000e-001
94  2.796000e-001
95  1.276000e+000
96  1.932000e+000
97  2.046000e+000
98  2.114000e+000
99  1.729000e+001
100  2.112000e+001
101  1.248000e+001
102  3.705000e+000
103  1.915000e+000
104  8.790000e-001
105  5.465000e-001
106  3.296000e-001
107  5.805000e-001
108  4.048000e+000
   49 
1  4.886000e+000
2  6.167000e+000
3  1.434000e+001
4  3.050000e+001
5  2.714000e+001
6  1.350000e+001
7  8.685000e+000
8  5.528000e+000
9  3.805000e+000
10  2.547000e+000
11  1.155000e+001
12  5.357000e+000
13  1.074000e+001
14  7.564000e+000
15  1.339000e+001
16  2.779000e+001
17  2.034000e+001
18  1.358000e+001
19  7.601000e+000
20  4.999000e+000
21  3.308000e+000
22  2.668000e+000
23  9.663000e+000
24  7.647000e+000
25  9.373000e+000
26  9.652000e+000
27  1.036000e+001
28  2.329000e+001
29  1.497000e+001
30  9.657000e+000
31  6.366000e+000
32  4.138000e+000
33  2.795000e+000
34  1.828000e+000
35  2.184000e+000
36  9.551000e-001
38  3.109000e+000
39  5.269000e+000
40  2.313000e+001
41  1.979000e+001
42  1.259000e+001
43  7.579000e+000
44  4.967000e+000
45  3.276000e+000
46  2.254000e+000
47  2.205000e+000
48  4.022000e+000
49  4.803000e+000
50  4.965000e+000
51  4.773000e+000
52  1.441000e+001
53  1.955000e+001
54  9.716000e+000
55  6.738000e+000
56  4.375000e+000
57  2.784000e+000
58  1.882000e+000
59  3.248000e+000
60  2.328000e+000
61  6.051000e+000
62  9.143000e+000
63  6.238000e+000
64  1.384000e+001
65  7.341000e+000
66  5.030000e+000
67  3.386000e+000
68  2.194000e+000
69  1.365000e+000
70  8.912000e-001
71  6.219000e-001
72  5.398000e-001
73  1.355000e+000
74  4.339000e+000
75  7.345000e+000
76  9.461000e+000
77  7.568000e+000
78  4.718000e+000
79  3.136000e+000
80  1.989000e+000
81  1.247000e+000
82  9.612000e-001
83  1.514000e+000
84  1.354000e+000
85  1.413000e+000
86  2.037000e+000
87  2.357000e+000
88  1.256000e+001
89  8.004000e+000
90  4.640000e+000
91  3.092000e+000
92  1.962000e+000
93  1.237000e+000
94  1.437000e+000
95  1.989000e+000
96  1.827000e+000
97  1.529000e+000
98  2.558000e+000
99  1.058000e+001
100  1.507000e+001
101  1.203000e+001
102  7.209000e+000
103  4.871000e+000
104  3.199000e+000
105  2.026000e+000
106  1.442000e+000
107  1.954000e+000
108  4.176000e+000
   50 
1  4.499000e+000
2  5.796000e+000
3  1.711000e+001
4  4.175000e+001
5  2.828000e+001
6  1.032000e+001
7  4.627000e+000
8  1.856000e+000
9  1.134000e+000
10  9.861000e-001
11  1.327000e+001
12  5.284000e+000
13  1.324000e+001
14  8.526000e+000
15  1.783000e+001
16  3.693000e+001
17  1.773000e+001
18  1.034000e+001
19  3.575000e+000
20  1.576000e+000
21  7.758000e-001
22  1.227000e+000
23  1.166000e+001
24  8.330000e+000
25  9.976000e+000
26  1.119000e+001
27  1.383000e+001
28  2.920000e+001
29  1.429000e+001
30  6.556000e+000
31  2.861000e+000
32  1.258000e+000
33  6.589000e-001
34  3.919000e-001
35  1.453000e+000
36  1.692000e-001
38  3.002000e+000
39  8.408000e+000
40  3.359000e+001
41  2.226000e+001
42  1.000000e+001
43  4.089000e+000
44  1.729000e+000
45  8.258000e-001
46  6.884000e-001
47  1.306000e+000
48  5.255000e+000
49  5.366000e+000
50  5.408000e+000
51  4.709000e+000
52  2.356000e+001
53  2.155000e+001
54  7.542000e+000
55  3.591000e+000
56  1.543000e+000
57  6.690000e-001
58  5.514000e-001
59  3.507000e+000
60  2.239000e+000
61  7.959000e+000
62  8.130000e+000
63  8.173000e+000
64  1.832000e+001
65  6.979000e+000
66  2.988000e+000
67  1.440000e+000
68  6.775000e-001
69  2.966000e-001
70  1.588000e-001
71  1.484000e-001
72  3.691000e-001
73  1.846000e+000
74  6.435000e+000
75  1.070000e+001
76  1.176000e+001
77  7.820000e+000
78  2.933000e+000
79  1.250000e+000
80  5.585000e-001
81  2.722000e-001
82  5.575000e-001
83  1.473000e+000
84  1.177000e+000
85  1.704000e+000
86  2.046000e+000
87  4.085000e+000
88  1.680000e+001
89  8.736000e+000
90  3.114000e+000
91  1.312000e+000
92  5.764000e-001
93  2.917000e-001
94  1.486000e+000
95  2.101000e+000
96  1.943000e+000
97  1.168000e+000
98  3.853000e+000
99  1.504000e+001
100  1.954000e+001
101  1.285000e+001
102  5.066000e+000
103  2.276000e+000
104  9.597000e-001
105  4.582000e-001
106  4.650000e-001
107  2.796000e+000
108  4.430000e+000
   51 
1  3.724000e+000
2  5.080000e+000
3  2.007000e+001
4  4.940000e+001
5  2.928000e+001
6  3.043000e+000
7  2.101000e+000
8  4.075000e-001
9  3.390000e-001
10  3.737000e-001
11  1.446000e+001
12  6.421000e+000
13  1.422000e+001
14  8.761000e+000
15  2.165000e+001
16  4.252000e+001
17  1.410000e+001
18  5.838000e+000
19  7.178000e-001
20  2.815000e-001
21  1.957000e-001
22  7.406000e-001
23  1.256000e+001
24  9.661000e+000
25  9.224000e+000
26  1.377000e+001
27  1.742000e+001
28  3.440000e+001
29  9.277000e+000
30  2.747000e+000
31  4.463000e-001
32  2.339000e-001
33  1.817000e-001
34  1.566000e-001
35  1.617000e+000
36  3.731000e-001
38  3.706000e+000
39  1.102000e+001
40  4.204000e+001
41  2.142000e+001
42  4.299000e+000
43  9.664000e-001
44  2.988000e-001
45  1.782000e-001
46  1.955000e-001
47  1.300000e+000
48  5.950000e+000
49  5.772000e+000
50  3.805000e+000
51  6.548000e+000
52  3.003000e+001
53  2.365000e+001
54  1.677000e+000
55  8.401000e-001
56  5.447000e-001
57  1.982000e-001
58  1.589000e-001
59  3.630000e+000
60  2.468000e+000
61  5.996000e+000
62  1.127000e+001
63  9.567000e+000
64  2.306000e+001
65  3.022000e+000
66  9.826000e-001
67  2.602000e-001
68  2.578000e-001
69  1.763000e-001
70  6.487000e-002
71  5.854000e-002
72  1.766000e-001
73  1.872000e+000
74  6.498000e+000
75  1.122000e+001
76  1.737000e+001
77  5.693000e+000
78  6.518000e-001
79  1.626000e-001
80  1.005000e-001
81  7.168000e-002
82  1.919000e-001
83  1.594000e+000
84  1.257000e+000
85  1.627000e+000
86  1.989000e+000
87  4.889000e+000
88  2.200000e+001
89  7.027000e+000
90  7.181000e-001
91  1.594000e-001
92  9.512000e-002
93  6.781000e-002
94  1.029000e+000
95  2.122000e+000
96  2.348000e+000
97  1.490000e+000
98  2.979000e+000
99  2.036000e+001
100  2.268000e+001
101  1.111000e+001
102  1.357000e+000
103  2.690000e-001
104  2.949000e-001
105  1.135000e-001
106  2.163000e-001
107  1.980000e+000
108  5.299000e+000
   52 
1  1.875000e+000
2  5.271000e+000
3  2.439000e+001
4  5.473000e+001
5  2.107000e+001
6  1.874000e+000
7  9.849000e-001
8  3.219000e-001
9  4.787000e-001
10  6.104000e-001
11  1.558000e+001
12  4.850000e+000
13  1.520000e+001
14  9.214000e+000
15  2.593000e+001
16  4.558000e+001
17  5.724000e+000
18  4.802000e+000
19  4.324000e-001
20  3.020000e-001
21  2.199000e-001
22  9.373000e-001
23  1.441000e+001
24  8.347000e+000
25  9.621000e+000
26  1.414000e+001
27  2.114000e+001
28  3.202000e+001
29  7.851000e+000
30  8.272000e-001
31  3.646000e-001
32  2.497000e-001
33  2.212000e-001
34  1.949000e-001
35  1.252000e+000
36  1.109000e-001
38  2.953000e+000
39  1.363000e+001
40  4.821000e+001
41  1.488000e+001
42  2.204000e+000
43  4.914000e-001
44  2.759000e-001
45  1.997000e-001
46  4.101000e-001
47  1.216000e+000
48  6.904000e+000
49  4.871000e+000
50  4.120000e+000
51  7.049000e+000
52  3.841000e+001
53  1.491000e+001
54  6.822000e-001
55  6.541000e-001
56  3.977000e-001
57  1.697000e-001
58  3.313000e-001
59  4.089000e+000
60  2.458000e+000
61  6.696000e+000
62  8.529000e+000
63  1.335000e+001
64  2.103000e+001
65  2.070000e+000
66  3.035000e-001
67  3.293000e-001
68  2.178000e-001
69  1.003000e-001
70  6.749000e-002
71  1.039000e-001
72  3.232000e-001
73  1.931000e+000
74  7.455000e+000
75  1.583000e+001
76  1.340000e+001
77  3.609000e+000
78  2.358000e-001
79  1.535000e-001
80  1.084000e-001
81  7.855000e-002
82  4.284000e-001
83  1.607000e+000
84  1.323000e+000
85  1.706000e+000
86  1.959000e+000
87  6.501000e+000
88  2.186000e+001
89  5.209000e+000
90  2.465000e-001
91  1.490000e-001
92  1.045000e-001
93  8.549000e-002
94  1.519000e+000
95  2.622000e+000
96  2.592000e+000
97  3.275000e-001
98  4.292000e+000
99  2.328000e+001
100  2.074000e+001
101  9.250000e+000
102  3.877000e-001
103  3.328000e-001
104  1.868000e-001
105  1.249000e-001
106  3.154000e-001
107  3.394000e+000
108  5.533000e+000
   53 
1  7.995000e+000
2  7.823000e+000
3  9.865000e+000
4  1.375000e+001
5  1.341000e+001
6  1.449000e+001
7  1.546000e+001
8  1.280000e+001
9  1.071000e+001
10  9.169000e+000
11  9.470000e+000
12  8.332000e+000
13  8.628000e+000
14  8.416000e+000
15  9.563000e+000
16  1.343000e+001
17  1.337000e+001
18  1.585000e+001
19  1.407000e+001
20  1.189000e+001
21  1.001000e+001
22  8.769000e+000
23  8.695000e+000
24  7.964000e+000
25  7.907000e+000
26  8.422000e+000
27  8.496000e+000
28  1.219000e+001
29  1.248000e+001
30  1.166000e+001
31  1.071000e+001
32  9.534000e+000
33  8.543000e+000
34  7.808000e+000
35  6.961000e+000
36  6.055000e+000
38  4.881000e+000
39  5.038000e+000
40  5.446000e+000
41  8.100000e+000
42  9.718000e+000
43  9.455000e+000
44  8.938000e+000
45  8.356000e+000
46  7.785000e+000
47  7.020000e+000
48  6.259000e+000
49  5.788000e+000
50  5.656000e+000
51  5.422000e+000
52  5.892000e+000
53  7.389000e+000
54  8.199000e+000
55  8.523000e+000
56  8.367000e+000
57  7.965000e+000
58  7.290000e+000
59  6.558000e+000
60  5.848000e+000
61  5.999000e+000
62  5.563000e+000
63  5.296000e+000
64  6.233000e+000
65  6.582000e+000
66  6.775000e+000
67  6.635000e+000
68  6.246000e+000
69  5.703000e+000
70  5.070000e+000
71  4.701000e+000
72  4.397000e+000
73  3.956000e+000
74  3.680000e+000
75  3.249000e+000
76  3.160000e+000
77  3.354000e+000
78  3.673000e+000
79  3.988000e+000
80  4.215000e+000
81  4.300000e+000
82  4.239000e+000
83  4.055000e+000
84  3.797000e+000
85  3.493000e+000
86  3.190000e+000
87  2.913000e+000
88  2.736000e+000
89  2.851000e+000
90  3.185000e+000
91  3.573000e+000
92  3.895000e+000
93  4.071000e+000
94  4.092000e+000
95  3.987000e+000
96  3.798000e+000
97  3.556000e+000
98  3.428000e+000
99  3.163000e+000
100  3.541000e+000
101  4.710000e+000
102  5.804000e+000
103  6.381000e+000
104  6.474000e+000
105  6.223000e+000
106  5.742000e+000
107  5.151000e+000
108  4.882000e+000
   54 
1  4.762000e+000
2  6.015000e+000
3  1.847000e+001
4  4.363000e+001
5  2.743000e+001
6  1.031000e+001
7  4.741000e+000
8  1.738000e+000
9  1.073000e+000
10  8.429000e-001
11  1.540000e+001
12  5.848000e+000
13  1.416000e+001
14  8.596000e+000
15  1.896000e+001
16  3.914000e+001
17  1.653000e+001
18  1.084000e+001
19  3.505000e+000
20  1.462000e+000
21  7.192000e-001
22  1.310000e+000
23  1.345000e+001
24  8.646000e+000
25  1.018000e+001
26  1.167000e+001
27  1.454000e+001
28  3.079000e+001
29  1.435000e+001
30  6.582000e+000
31  2.890000e+000
32  1.195000e+000
33  6.279000e-001
34  3.690000e-001
35  1.768000e+000
36  2.726000e-001
38  3.521000e+000
39  9.001000e+000
40  3.609000e+001
41  2.228000e+001
42  1.015000e+001
43  4.176000e+000
44  1.663000e+000
45  7.741000e-001
46  5.414000e-001
47  1.795000e+000
48  5.854000e+000
49  5.650000e+000
50  5.983000e+000
51  5.632000e+000
52  2.538000e+001
53  2.113000e+001
54  7.668000e+000
55  3.853000e+000
56  1.613000e+000
57  6.428000e-001
58  4.438000e-001
59  4.354000e+000
60  2.343000e+000
61  8.646000e+000
62  9.270000e+000
63  9.332000e+000
64  1.862000e+001
65  7.327000e+000
66  3.218000e+000
67  1.498000e+000
68  7.003000e-001
69  3.526000e-001
70  1.570000e-001
71  1.243000e-001
72  3.533000e-001
73  2.563000e+000
74  6.635000e+000
75  1.164000e+001
76  1.213000e+001
77  8.030000e+000
78  3.251000e+000
79  1.303000e+000
80  5.799000e-001
81  2.767000e-001
82  4.541000e-001
83  1.828000e+000
84  1.354000e+000
85  1.679000e+000
86  2.304000e+000
87  4.115000e+000
88  1.765000e+001
89  9.253000e+000
90  3.401000e+000
91  1.356000e+000
92  5.962000e-001
93  2.838000e-001
94  1.556000e+000
95  2.179000e+000
96  2.036000e+000
97  1.366000e+000
98  3.896000e+000
99  1.628000e+001
100  2.075000e+001
101  1.362000e+001
102  5.225000e+000
103  2.297000e+000
104  9.915000e-001
105  4.376000e-001
106  4.145000e-001
107  2.946000e+000
108  5.496000e+000
   55 
1  4.934000e+000
2  5.584000e+000
3  1.798000e+001
4  4.580000e+001
5  2.798000e+001
6  7.885000e+000
7  3.752000e+000
8  1.093000e+000
9  6.427000e-001
10  4.697000e-001
11  1.288000e+001
12  5.744000e+000
13  1.298000e+001
14  8.353000e+000
15  1.953000e+001
16  4.067000e+001
17  1.588000e+001
18  8.738000e+000
19  2.393000e+000
20  9.093000e-001
21  4.341000e-001
22  7.121000e-001
23  1.162000e+001
24  8.507000e+000
25  9.525000e+000
26  1.127000e+001
27  1.512000e+001
28  3.217000e+001
29  1.264000e+001
30  5.549000e+000
31  1.947000e+000
32  7.796000e-001
33  3.942000e-001
34  2.518000e-001
35  1.411000e+000
36  4.762000e-001
38  3.337000e+000
39  8.209000e+000
40  3.821000e+001
41  2.147000e+001
42  8.251000e+000
43  2.971000e+000
44  9.947000e-001
45  4.497000e-001
46  3.017000e-001
47  1.112000e+000
48  4.752000e+000
49  5.732000e+000
50  4.521000e+000
51  5.366000e+000
52  2.516000e+001
53  2.296000e+001
54  6.316000e+000
55  2.628000e+000
56  1.081000e+000
57  4.153000e-001
58  2.615000e-001
59  2.894000e+000
60  2.268000e+000
61  7.120000e+000
62  9.393000e+000
63  8.269000e+000
64  1.941000e+001
65  6.484000e+000
66  2.589000e+000
67  9.355000e-001
68  4.840000e-001
69  2.541000e-001
70  1.081000e-001
71  8.265000e-002
72  2.006000e-001
73  1.527000e+000
74  5.517000e+000
75  1.113000e+001
76  1.315000e+001
77  7.819000e+000
78  2.681000e+000
79  9.045000e-001
80  3.593000e-001
81  1.586000e-001
82  1.875000e-001
83  1.428000e+000
84  1.194000e+000
85  1.511000e+000
86  2.166000e+000
87  3.396000e+000
88  1.850000e+001
89  8.870000e+000
90  2.857000e+000
91  9.434000e-001
92  3.708000e-001
93  1.632000e-001
94  8.825000e-001
95  1.996000e+000
96  1.999000e+000
97  1.646000e+000
98  2.790000e+000
99  1.631000e+001
100  2.094000e+001
101  1.278000e+001
102  4.341000e+000
103  1.435000e+000
104  6.863000e-001
105  2.577000e-001
106  2.571000e-001
107  1.633000e+000
108  5.351000e+000
   56 
1  5.851000e+000
2  5.621000e+000
3  1.431000e+001
4  3.261000e+001
5  3.159000e+001
6  1.643000e+001
7  7.113000e+000
8  4.135000e+000
9  2.828000e+000
10  1.860000e+000
11  6.410000e+000
12  6.464000e+000
13  1.150000e+001
14  9.027000e+000
15  1.747000e+001
16  2.970000e+001
17  2.430000e+001
18  1.185000e+001
19  5.572000e+000
20  3.491000e+000
21  2.425000e+000
22  1.504000e+000
23  5.863000e+000
24  7.506000e+000
25  8.451000e+000
26  1.142000e+001
27  1.468000e+001
28  2.629000e+001
29  1.718000e+001
30  7.840000e+000
31  4.680000e+000
32  3.088000e+000
33  2.075000e+000
34  1.227000e+000
35  9.477000e-001
36  9.645000e-001
38  2.316000e+000
39  6.502000e+000
40  2.420000e+001
41  2.498000e+001
42  1.325000e+001
43  6.035000e+000
44  3.717000e+000
45  2.576000e+000
46  1.558000e+000
47  1.041000e+000
48  1.659000e+000
49  4.228000e+000
50  5.119000e+000
51  5.350000e+000
52  1.836000e+001
53  2.286000e+001
54  9.690000e+000
55  5.354000e+000
56  3.435000e+000
57  2.439000e+000
58  1.475000e+000
59  1.141000e+000
60  1.702000e+000
61  4.034000e+000
62  6.496000e+000
63  8.704000e+000
64  1.764000e+001
65  8.196000e+000
66  5.058000e+000
67  3.354000e+000
68  2.361000e+000
69  1.427000e+000
70  9.213000e-001
71  6.883000e-001
72  4.925000e-001
73  3.801000e-001
74  1.514000e+000
75  6.406000e+000
76  1.275000e+001
77  8.602000e+000
78  5.010000e+000
79  3.365000e+000
80  2.335000e+000
81  1.371000e+000
82  8.910000e-001
83  7.060000e-001
84  8.678000e-001
85  1.114000e+000
86  1.345000e+000
87  1.861000e+000
88  1.175000e+001
89  1.045000e+001
90  5.255000e+000
91  3.590000e+000
92  2.514000e+000
93  1.474000e+000
94  9.779000e-001
95  1.068000e+000
96  1.462000e+000
97  1.700000e+000
98  1.839000e+000
99  1.013000e+001
100  1.884000e+001
101  1.460000e+001
102  6.432000e+000
103  4.106000e+000
104  2.865000e+000
105  1.832000e+000
106  1.088000e+000
107  8.014000e-001
108  2.190000e+000
   57 
1  2.287000e+000
2  4.624000e+000
3  2.244000e+001
4  5.490000e+001
5  2.154000e+001
6  2.938000e+000
7  1.650000e+000
8  2.143000e-001
9  5.026000e-001
10  1.210000e+000
11  1.799000e+001
12  4.457000e+000
13  1.412000e+001
14  8.380000e+000
15  2.569000e+001
16  4.555000e+001
17  6.401000e+000
18  5.810000e+000
19  3.126000e-001
20  1.955000e-001
21  1.426000e-001
22  1.556000e+000
23  1.663000e+001
24  7.350000e+000
25  9.165000e+000
26  1.355000e+001
27  2.064000e+001
28  3.271000e+001
29  7.868000e+000
30  1.068000e+000
31  2.476000e-001
32  1.630000e-001
33  1.578000e-001
34  1.468000e-001
35  2.610000e+000
36  1.426000e-001
38  3.508000e+000
39  1.286000e+001
40  4.763000e+001
41  1.540000e+001
42  2.733000e+000
43  5.476000e-001
44  1.791000e-001
45  1.273000e-001
46  4.082000e-001
47  2.016000e+000
48  7.897000e+000
49  5.463000e+000
50  4.933000e+000
51  5.699000e+000
52  3.661000e+001
53  1.626000e+001
54  8.704000e-001
55  1.043000e+000
56  5.088000e-001
57  1.175000e-001
58  2.651000e-001
59  4.546000e+000
60  2.295000e+000
61  8.596000e+000
62  9.865000e+000
63  1.219000e+001
64  1.986000e+001
65  2.481000e+000
66  3.872000e-001
67  3.839000e-001
68  2.530000e-001
69  1.166000e-001
70  4.598000e-002
71  8.451000e-002
72  4.800000e-001
73  2.524000e+000
74  7.877000e+000
75  1.587000e+001
76  1.326000e+001
77  4.073000e+000
78  2.477000e-001
79  9.686000e-002
80  6.720000e-002
81  4.846000e-002
82  7.590000e-001
83  2.262000e+000
84  1.182000e+000
85  1.611000e+000
86  2.211000e+000
87  6.958000e+000
88  2.150000e+001
89  5.616000e+000
90  2.540000e-001
91  9.162000e-002
92  6.239000e-002
93  4.894000e-002
94  2.394000e+000
95  2.185000e+000
96  2.578000e+000
97  6.213000e-001
98  5.079000e+000
99  2.316000e+001
100  2.041000e+001
101  9.603000e+000
102  4.267000e-001
103  2.823000e-001
104  2.218000e-001
105  6.915000e-002
106  3.748000e-001
107  3.613000e+000
108  6.621000e+000
   58 
1  6.135000e+000
2  5.792000e+000
3  1.774000e+001
4  4.444000e+001
5  3.338000e+001
6  5.787000e+000
7  2.242000e+000
8  7.685000e-001
9  4.517000e-001
10  4.111000e-001
11  1.144000e+001
12  7.406000e+000
13  1.427000e+001
14  8.820000e+000
15  1.990000e+001
16  3.748000e+001
17  2.094000e+001
18  6.485000e+000
19  1.925000e+000
20  6.465000e-001
21  3.392000e-001
22  4.593000e-001
23  9.792000e+000
24  1.082000e+001
25  9.211000e+000
26  1.278000e+001
27  1.599000e+001
28  3.367000e+001
29  1.130000e+001
30  5.137000e+000
31  1.275000e+000
32  4.940000e-001
33  3.027000e-001
34  2.379000e-001
35  8.420000e-001
36  5.851000e-001
38  3.485000e+000
39  8.859000e+000
40  3.813000e+001
41  2.469000e+001
42  7.075000e+000
43  2.091000e+000
44  6.725000e-001
45  3.231000e-001
46  2.487000e-001
47  8.475000e-001
48  4.189000e+000
49  6.180000e+000
50  3.854000e+000
51  6.383000e+000
52  2.535000e+001
53  2.704000e+001
54  4.463000e+000
55  1.239000e+000
56  6.944000e-001
57  3.457000e-001
58  2.262000e-001
59  2.508000e+000
60  2.968000e+000
61  5.079000e+000
62  8.810000e+000
63  9.172000e+000
64  2.379000e+001
65  5.577000e+000
66  1.934000e+000
67  6.162000e-001
68  3.541000e-001
69  2.332000e-001
70  1.232000e-001
71  8.778000e-002
72  1.709000e-001
73  1.136000e+000
74  5.143000e+000
75  1.022000e+001
76  1.674000e+001
77  7.806000e+000
78  1.951000e+000
79  5.301000e-001
80  1.976000e-001
81  1.235000e-001
82  1.235000e-001
83  8.364000e-001
84  1.543000e+000
85  1.698000e+000
86  1.743000e+000
87  3.041000e+000
88  2.024000e+001
89  9.503000e+000
90  2.303000e+000
91  5.758000e-001
92  2.015000e-001
93  1.210000e-001
94  3.833000e-001
95  2.144000e+000
96  2.230000e+000
97  1.939000e+000
98  1.649000e+000
99  1.722000e+001
100  2.323000e+001
101  1.270000e+001
102  3.637000e+000
103  8.815000e-001
104  4.037000e-001
105  2.119000e-001
106  2.109000e-001
107  9.690000e-001
108  5.065000e+000
   59 
1  6.401000e+000
2  6.730000e+000
3  1.600000e+001
4  3.637000e+001
5  3.024000e+001
6  1.237000e+001
7  7.007000e+000
8  4.184000e+000
9  2.710000e+000
10  1.644000e+000
11  1.030000e+001
12  6.914000e+000
13  1.300000e+001
14  9.129000e+000
15  1.652000e+001
16  3.344000e+001
17  2.086000e+001
18  1.243000e+001
19  6.115000e+000
20  3.732000e+000
21  2.320000e+000
22  1.486000e+000
23  8.913000e+000
24  8.840000e+000
25  9.810000e+000
26  1.143000e+001
27  1.333000e+001
28  2.796000e+001
29  1.566000e+001
30  8.510000e+000
31  5.271000e+000
32  3.251000e+000
33  1.951000e+000
34  1.098000e+000
35  1.189000e+000
36  9.960000e-001
38  3.277000e+000
39  6.523000e+000
40  2.984000e+001
41  2.299000e+001
42  1.215000e+001
43  6.537000e+000
44  3.993000e+000
45  2.494000e+000
46  1.379000e+000
47  1.319000e+000
48  3.237000e+000
49  5.341000e+000
50  5.695000e+000
51  6.035000e+000
52  1.839000e+001
53  2.304000e+001
54  9.490000e+000
55  5.933000e+000
56  3.665000e+000
57  2.213000e+000
58  1.180000e+000
59  2.303000e+000
60  2.837000e+000
61  5.685000e+000
62  8.816000e+000
63  8.484000e+000
64  1.754000e+001
65  8.373000e+000
66  5.318000e+000
67  3.304000e+000
68  2.027000e+000
69  1.116000e+000
70  7.283000e-001
71  4.515000e-001
72  2.955000e-001
73  8.600000e-001
74  4.092000e+000
75  8.425000e+000
76  1.197000e+001
77  8.626000e+000
78  5.167000e+000
79  3.268000e+000
80  1.922000e+000
81  1.034000e+000
82  6.910000e-001
83  8.593000e-001
84  1.410000e+000
85  1.443000e+000
86  1.902000e+000
87  2.262000e+000
88  1.433000e+001
89  9.801000e+000
90  5.152000e+000
91  3.314000e+000
92  1.967000e+000
93  1.042000e+000
94  8.090000e-001
95  1.657000e+000
96  1.974000e+000
97  1.873000e+000
98  1.929000e+000
99  1.202000e+001
100  1.890000e+001
101  1.470000e+001
102  7.185000e+000
103  4.457000e+000
104  2.844000e+000
105  1.551000e+000
106  9.204000e-001
107  1.224000e+000
108  4.267000e+000
   60 
1  5.256000e+000
2  5.967000e+000
3  1.449000e+001
4  3.160000e+001
5  2.781000e+001
6  1.493000e+001
7  8.025000e+000
8  5.276000e+000
9  4.057000e+000
10  3.077000e+000
11  8.642000e+000
12  5.457000e+000
13  1.027000e+001
14  8.459000e+000
15  1.493000e+001
16  2.918000e+001
17  2.122000e+001
18  1.318000e+001
19  6.989000e+000
20  4.919000e+000
21  3.662000e+000
22  2.783000e+000
23  7.594000e+000
24  6.869000e+000
25  8.367000e+000
26  1.015000e+001
27  1.246000e+001
28  2.451000e+001
29  1.574000e+001
30  8.908000e+000
31  5.825000e+000
32  4.436000e+000
33  3.243000e+000
34  2.570000e+000
35  2.196000e+000
36  1.670000e+000
38  2.225000e+000
39  4.912000e+000
40  2.266000e+001
41  2.077000e+001
42  1.251000e+001
43  7.021000e+000
44  4.970000e+000
45  3.772000e+000
46  2.798000e+000
47  2.325000e+000
48  2.717000e+000
49  3.923000e+000
50  4.965000e+000
51  4.760000e+000
52  1.552000e+001
53  1.919000e+001
54  1.004000e+001
55  6.526000e+000
56  4.753000e+000
57  3.520000e+000
58  2.674000e+000
59  2.707000e+000
60  2.255000e+000
61  5.290000e+000
62  6.103000e+000
63  7.464000e+000
64  1.426000e+001
65  7.745000e+000
66  5.286000e+000
67  4.140000e+000
68  3.049000e+000
69  2.455000e+000
70  1.780000e+000
71  1.181000e+000
72  8.208000e-001
73  7.432000e-001
74  1.948000e+000
75  5.752000e+000
76  8.976000e+000
77  7.482000e+000
78  4.947000e+000
79  4.038000e+000
80  3.007000e+000
81  2.429000e+000
82  1.777000e+000
83  1.387000e+000
84  1.300000e+000
85  1.293000e+000
86  1.491000e+000
87  1.801000e+000
88  9.956000e+000
89  8.354000e+000
90  4.711000e+000
91  3.918000e+000
92  2.977000e+000
93  2.425000e+000
94  1.846000e+000
95  1.715000e+000
96  1.705000e+000
97  1.682000e+000
98  1.945000e+000
99  7.971000e+000
100  1.508000e+001
101  1.335000e+001
102  7.168000e+000
103  5.127000e+000
104  3.927000e+000
105  2.866000e+000
106  2.279000e+000
107  1.897000e+000
108  3.103000e+000
   61 
1  4.773000e+000
2  5.801000e+000
3  2.090000e+001
4  4.729000e+001
5  3.107000e+001
6  3.899000e+000
7  2.113000e+000
8  7.130000e-001
9  4.200000e-001
10  3.841000e-001
11  1.400000e+001
12  8.743000e+000
13  1.573000e+001
14  9.137000e+000
15  2.239000e+001
16  3.921000e+001
17  1.718000e+001
18  6.730000e+000
19  1.427000e+000
20  5.404000e-001
21  3.450000e-001
22  4.456000e-001
23  1.215000e+001
24  1.154000e+001
25  9.668000e+000
26  1.473000e+001
27  1.772000e+001
28  3.342000e+001
29  1.164000e+001
30  3.224000e+000
31  8.854000e-001
32  4.398000e-001
33  2.915000e-001
34  2.229000e-001
35  7.129000e-001
36  5.382000e-001
38  3.950000e+000
39  1.212000e+001
40  4.016000e+001
41  2.447000e+001
42  5.301000e+000
43  1.630000e+000
44  5.519000e-001
45  3.291000e-001
46  2.402000e-001
47  1.188000e+000
48  5.511000e+000
49  6.062000e+000
50  4.827000e+000
51  8.023000e+000
52  2.913000e+001
53  2.502000e+001
54  2.712000e+000
55  1.006000e+000
56  6.290000e-001
57  3.714000e-001
58  2.178000e-001
59  4.107000e+000
60  2.716000e+000
61  5.276000e+000
62  9.669000e+000
63  1.203000e+001
64  2.486000e+001
65  3.936000e+000
66  1.613000e+000
67  5.009000e-001
68  3.256000e-001
69  2.271000e-001
70  1.361000e-001
71  8.758000e-002
72  1.119000e-001
73  1.878000e+000
74  6.508000e+000
75  1.254000e+001
76  1.696000e+001
77  6.144000e+000
78  1.335000e+000
79  4.191000e-001
80  2.065000e-001
81  1.355000e-001
82  1.126000e-001
83  1.033000e+000
84  1.749000e+000
85  1.675000e+000
86  1.606000e+000
87  5.095000e+000
88  2.183000e+001
89  8.243000e+000
90  1.411000e+000
91  4.204000e-001
92  2.021000e-001
93  1.320000e-001
94  4.264000e-001
95  2.464000e+000
96  2.270000e+000
97  1.664000e+000
98  2.392000e+000
99  2.051000e+001
100  2.416000e+001
101  1.213000e+001
102  2.160000e+000
103  6.130000e-001
104  3.783000e-001
105  2.337000e-001
106  1.828000e-001
107  2.249000e+000
108  5.432000e+000
   62 
1  4.297000e+000
2  5.421000e+000
3  2.011000e+001
4  4.663000e+001
5  3.102000e+001
6  3.716000e+000
7  1.567000e+000
8  5.321000e-001
9  4.103000e-001
10  3.908000e-001
11  1.265000e+001
12  6.596000e+000
13  1.450000e+001
14  8.976000e+000
15  2.072000e+001
16  3.993000e+001
17  1.728000e+001
18  5.500000e+000
19  1.101000e+000
20  4.291000e-001
21  2.834000e-001
22  5.538000e-001
23  1.123000e+001
24  1.028000e+001
25  9.206000e+000
26  1.340000e+001
27  1.649000e+001
28  3.306000e+001
29  1.125000e+001
30  3.312000e+000
31  6.948000e-001
32  3.480000e-001
33  2.677000e-001
34  2.205000e-001
35  1.016000e+000
36  4.404000e-001
38  3.120000e+000
39  1.078000e+001
40  3.883000e+001
41  2.394000e+001
42  4.869000e+000
43  1.323000e+000
44  4.421000e-001
45  2.624000e-001
46  2.330000e-001
47  1.006000e+000
48  5.264000e+000
49  5.618000e+000
50  3.511000e+000
51  6.513000e+000
52  2.790000e+001
53  2.545000e+001
54  2.402000e+000
55  7.893000e-001
56  5.843000e-001
57  2.826000e-001
58  2.047000e-001
59  3.030000e+000
60  2.622000e+000
61  4.918000e+000
62  9.704000e+000
63  9.152000e+000
64  2.444000e+001
65  3.660000e+000
66  1.279000e+000
67  3.774000e-001
68  2.945000e-001
69  2.049000e-001
70  1.040000e-001
71  7.966000e-002
72  1.838000e-001
73  1.256000e+000
74  5.985000e+000
75  1.090000e+001
76  1.723000e+001
77  6.120000e+000
78  9.794000e-001
79  2.774000e-001
80  1.496000e-001
81  1.063000e-001
82  1.361000e-001
83  1.021000e+000
84  1.575000e+000
85  1.730000e+000
86  1.644000e+000
87  4.315000e+000
88  2.121000e+001
89  7.873000e+000
90  1.164000e+000
91  2.895000e-001
92  1.465000e-001
93  1.033000e-001
94  5.637000e-001
95  2.276000e+000
96  2.344000e+000
97  1.687000e+000
98  2.173000e+000
99  1.851000e+001
100  2.331000e+001
101  1.175000e+001
102  1.973000e+000
103  4.699000e-001
104  3.176000e-001
105  1.746000e-001
106  2.136000e-001
107  1.584000e+000
108  5.169000e+000
   63 
1  5.193000e+000
2  5.769000e+000
3  1.693000e+001
4  4.235000e+001
5  3.299000e+001
6  8.381000e+000
7  3.062000e+000
8  8.928000e-001
9  5.642000e-001
10  4.001000e-001
11  1.191000e+001
12  5.935000e+000
13  1.346000e+001
14  8.693000e+000
15  1.810000e+001
16  3.744000e+001
17  2.103000e+001
18  8.236000e+000
19  2.235000e+000
20  7.756000e-001
21  3.967000e-001
22  6.290000e-001
23  1.020000e+001
24  9.378000e+000
25  9.831000e+000
26  1.132000e+001
27  1.429000e+001
28  3.165000e+001
29  1.443000e+001
30  5.504000e+000
31  1.786000e+000
32  6.347000e-001
33  3.376000e-001
34  2.396000e-001
35  1.047000e+000
36  2.115000e-001
38  3.088000e+000
39  8.137000e+000
40  3.437000e+001
41  2.559000e+001
42  8.789000e+000
43  2.745000e+000
44  8.597000e-001
45  4.023000e-001
46  3.009000e-001
47  8.672000e-001
48  4.615000e+000
49  5.486000e+000
50  4.921000e+000
51  4.868000e+000
52  2.257000e+001
53  2.655000e+001
54  6.252000e+000
55  2.206000e+000
56  8.010000e-001
57  3.289000e-001
58  2.405000e-001
59  2.732000e+000
60  2.341000e+000
61  6.919000e+000
62  8.302000e+000
63  7.837000e+000
64  2.075000e+001
65  6.807000e+000
66  2.371000e+000
67  8.068000e-001
68  3.623000e-001
69  1.933000e-001
70  1.026000e-001
71  9.175000e-002
72  1.671000e-001
73  1.353000e+000
74  5.776000e+000
75  1.014000e+001
76  1.370000e+001
77  8.150000e+000
78  2.414000e+000
79  7.182000e-001
80  2.832000e-001
81  1.430000e-001
82  2.068000e-001
83  1.048000e+000
84  1.241000e+000
85  1.642000e+000
86  2.031000e+000
87  3.357000e+000
88  1.791000e+001
89  9.460000e+000
90  2.695000e+000
91  7.870000e-001
92  2.960000e-001
93  1.460000e-001
94  7.533000e-001
95  1.828000e+000
96  1.954000e+000
97  1.594000e+000
98  2.960000e+000
99  1.489000e+001
100  2.153000e+001
101  1.335000e+001
102  4.308000e+000
103  1.343000e+000
104  5.244000e-001
105  2.325000e-001
106  2.480000e-001
107  1.653000e+000
108  4.428000e+000
   64 
1  5.962000e+000
2  5.776000e+000
3  1.989000e+001
4  4.079000e+001
5  3.546000e+001
6  6.275000e+000
7  2.508000e+000
8  9.628000e-001
9  5.195000e-001
10  4.494000e-001
11  1.224000e+001
12  1.000000e+001
13  1.538000e+001
14  9.235000e+000
15  2.112000e+001
16  3.468000e+001
17  2.236000e+001
18  7.406000e+000
19  2.121000e+000
20  7.505000e-001
21  4.071000e-001
22  4.245000e-001
23  1.052000e+001
24  1.261000e+001
25  9.360000e+000
26  1.448000e+001
27  1.689000e+001
28  3.198000e+001
29  1.340000e+001
30  4.641000e+000
31  1.298000e+000
32  5.734000e-001
33  3.456000e-001
34  2.608000e-001
35  6.304000e-001
36  7.493000e-001
38  4.046000e+000
39  1.142000e+001
40  3.499000e+001
41  2.845000e+001
42  6.839000e+000
43  2.308000e+000
44  7.790000e-001
45  3.970000e-001
46  2.683000e-001
47  1.133000e+000
48  4.658000e+000
49  6.570000e+000
50  4.486000e+000
51  8.216000e+000
52  2.519000e+001
53  2.770000e+001
54  4.388000e+000
55  1.264000e+000
56  8.103000e-001
57  4.672000e-001
58  2.565000e-001
59  3.375000e+000
60  3.271000e+000
61  4.016000e+000
62  9.182000e+000
63  1.221000e+001
64  2.495000e+001
65  5.284000e+000
66  2.191000e+000
67  7.265000e-001
68  4.063000e-001
69  2.781000e-001
70  1.692000e-001
71  1.043000e-001
72  1.442000e-001
73  1.502000e+000
74  5.738000e+000
75  1.131000e+001
76  1.788000e+001
77  7.318000e+000
78  1.990000e+000
79  6.256000e-001
80  2.554000e-001
81  1.508000e-001
82  1.216000e-001
83  8.280000e-001
84  1.948000e+000
85  1.730000e+000
86  1.492000e+000
87  4.052000e+000
88  2.097000e+001
89  9.859000e+000
90  2.216000e+000
91  6.483000e-001
92  2.558000e-001
93  1.485000e-001
94  3.005000e-001
95  2.457000e+000
96  2.390000e+000
97  2.002000e+000
98  1.499000e+000
99  1.891000e+001
100  2.451000e+001
101  1.338000e+001
102  3.256000e+000
103  9.180000e-001
104  4.593000e-001
105  2.747000e-001
106  2.079000e-001
107  1.302000e+000
108  5.512000e+000
   65 
1  6.028000e+000
2  6.273000e+000
3  1.658000e+001
4  3.982000e+001
5  3.171000e+001
6  1.068000e+001
7  5.807000e+000
8  3.606000e+000
9  1.949000e+000
10  1.198000e+000
11  4.600000e+000
12  6.127000e+000
13  1.227000e+001
14  9.850000e+000
15  2.015000e+001
16  3.592000e+001
17  1.945000e+001
18  9.128000e+000
19  5.205000e+000
20  3.230000e+000
21  1.703000e+000
22  1.100000e+000
23  3.696000e+000
24  8.122000e+000
25  8.571000e+000
26  1.214000e+001
27  1.735000e+001
28  3.030000e+001
29  1.309000e+001
30  7.289000e+000
31  4.421000e+000
32  2.628000e+000
33  1.424000e+000
34  9.780000e-001
35  6.675000e-001
36  5.334000e-001
38  1.774000e+000
39  6.613000e+000
40  3.248000e+001
41  2.326000e+001
42  9.500000e+000
43  5.476000e+000
44  3.423000e+000
45  1.804000e+000
46  1.127000e+000
47  7.712000e-001
48  9.651000e-001
49  3.285000e+000
50  4.391000e+000
51  5.765000e+000
52  2.229000e+001
53  2.359000e+001
54  8.310000e+000
55  4.753000e+000
56  2.921000e+000
57  1.574000e+000
58  1.053000e+000
59  8.032000e-001
60  1.465000e+000
61  3.524000e+000
62  5.892000e+000
63  9.046000e+000
64  1.969000e+001
65  7.777000e+000
66  4.915000e+000
67  3.105000e+000
68  1.623000e+000
69  1.052000e+000
70  7.058000e-001
71  4.299000e-001
72  2.480000e-001
73  1.656000e-001
74  1.170000e+000
75  6.581000e+000
76  1.322000e+001
77  8.723000e+000
78  5.151000e+000
79  3.246000e+000
80  1.677000e+000
81  1.062000e+000
82  6.962000e-001
83  4.227000e-001
84  4.162000e-001
85  7.136000e-001
86  1.271000e+000
87  1.944000e+000
88  1.321000e+001
89  9.769000e+000
90  5.552000e+000
91  3.537000e+000
92  1.814000e+000
93  1.094000e+000
94  7.157000e-001
95  5.333000e-001
96  1.013000e+000
97  1.704000e+000
98  1.764000e+000
99  1.102000e+001
100  2.002000e+001
101  1.365000e+001
102  6.574000e+000
103  4.034000e+000
104  2.263000e+000
105  1.282000e+000
106  8.826000e-001
107  5.688000e-001
108  1.761000e+000
   66 
1  5.863000e+000
2  6.518000e+000
3  1.536000e+001
4  3.125000e+001
5  2.764000e+001
6  1.571000e+001
7  9.033000e+000
8  6.510000e+000
9  4.702000e+000
10  3.866000e+000
11  6.695000e+000
12  6.624000e+000
13  1.196000e+001
14  9.702000e+000
15  1.869000e+001
16  2.862000e+001
17  1.999000e+001
18  1.320000e+001
19  7.727000e+000
20  5.796000e+000
21  4.259000e+000
22  3.549000e+000
23  6.266000e+000
24  6.656000e+000
25  7.774000e+000
26  1.205000e+001
27  1.613000e+001
28  2.556000e+001
29  1.506000e+001
30  8.852000e+000
31  6.541000e+000
32  4.851000e+000
33  3.905000e+000
34  3.114000e+000
35  2.427000e+000
36  1.883000e+000
38  2.423000e+000
39  6.658000e+000
40  2.417000e+001
41  2.016000e+001
42  1.144000e+001
43  7.455000e+000
44  5.786000e+000
45  4.301000e+000
46  3.588000e+000
47  2.787000e+000
48  2.373000e+000
49  3.244000e+000
50  4.671000e+000
51  6.392000e+000
52  1.887000e+001
53  1.866000e+001
54  9.519000e+000
55  6.927000e+000
56  5.298000e+000
57  4.085000e+000
58  3.387000e+000
59  2.762000e+000
60  2.558000e+000
61  4.423000e+000
62  4.395000e+000
63  9.027000e+000
64  1.548000e+001
65  8.107000e+000
66  6.444000e+000
67  4.933000e+000
68  3.952000e+000
69  3.220000e+000
70  2.383000e+000
71  1.679000e+000
72  1.248000e+000
73  1.038000e+000
74  1.602000e+000
75  4.630000e+000
76  9.227000e+000
77  7.491000e+000
78  6.025000e+000
79  4.740000e+000
80  3.876000e+000
81  3.108000e+000
82  2.265000e+000
83  1.651000e+000
84  1.386000e+000
85  1.344000e+000
86  1.422000e+000
87  1.642000e+000
88  8.048000e+000
89  8.009000e+000
90  5.876000e+000
91  4.937000e+000
92  3.965000e+000
93  3.263000e+000
94  2.437000e+000
95  1.926000e+000
96  1.805000e+000
97  1.854000e+000
98  1.992000e+000
99  6.862000e+000
100  1.630000e+001
101  1.374000e+001
102  7.719000e+000
103  6.030000e+000
104  4.481000e+000
105  3.732000e+000
106  2.892000e+000
107  2.186000e+000
108  2.698000e+000
   67 
1  4.951000e+000
2  5.348000e+000
3  1.560000e+001
4  3.431000e+001
5  3.127000e+001
6  1.087000e+001
7  6.736000e+000
8  3.511000e+000
9  2.195000e+000
10  1.377000e+000
11  1.273000e+001
12  6.258000e+000
13  1.153000e+001
14  7.567000e+000
15  1.558000e+001
16  3.042000e+001
17  2.255000e+001
18  1.172000e+001
19  5.098000e+000
20  3.002000e+000
21  1.714000e+000
22  1.611000e+000
23  1.050000e+001
24  9.024000e+000
25  8.782000e+000
26  1.087000e+001
27  1.190000e+001
28  2.768000e+001
29  1.470000e+001
30  7.508000e+000
31  4.225000e+000
32  2.494000e+000
33  1.448000e+000
34  9.524000e-001
35  1.868000e+000
36  9.084000e-001
38  3.743000e+000
39  6.879000e+000
40  2.846000e+001
41  2.246000e+001
42  1.073000e+001
43  5.465000e+000
44  3.117000e+000
45  1.755000e+000
46  1.113000e+000
47  1.717000e+000
48  4.213000e+000
49  5.896000e+000
50  4.536000e+000
51  5.516000e+000
52  1.657000e+001
53  2.377000e+001
54  7.967000e+000
55  5.054000e+000
56  3.051000e+000
57  1.585000e+000
58  1.004000e+000
59  3.068000e+000
60  2.490000e+000
61  5.461000e+000
62  1.100000e+001
63  7.660000e+000
64  1.697000e+001
65  6.475000e+000
66  3.847000e+000
67  2.117000e+000
68  1.246000e+000
69  8.226000e-001
70  4.541000e-001
71  2.765000e-001
72  2.782000e-001
73  1.457000e+000
74  4.814000e+000
75  8.779000e+000
76  1.231000e+001
77  7.819000e+000
78  3.764000e+000
79  2.086000e+000
80  1.167000e+000
81  7.389000e-001
82  5.066000e-001
83  1.565000e+000
84  1.452000e+000
85  1.375000e+000
86  1.967000e+000
87  2.921000e+000
88  1.551000e+001
89  8.947000e+000
90  3.730000e+000
91  2.041000e+000
92  1.130000e+000
93  7.169000e-001
94  1.049000e+000
95  2.271000e+000
96  1.892000e+000
97  1.585000e+000
98  2.302000e+000
99  1.377000e+001
100  1.871000e+001
101  1.283000e+001
102  5.529000e+000
103  3.172000e+000
104  1.877000e+000
105  1.049000e+000
106  7.681000e-001
107  1.432000e+000
108  4.625000e+000
   68 
1  4.009000e+000
2  5.728000e+000
3  2.257000e+001
4  4.972000e+001
5  2.733000e+001
6  3.103000e+000
7  1.967000e+000
8  6.040000e-001
9  4.434000e-001
10  4.341000e-001
11  1.607000e+001
12  7.901000e+000
13  1.608000e+001
14  9.119000e+000
15  2.389000e+001
16  4.256000e+001
17  1.180000e+001
18  6.672000e+000
19  1.098000e+000
20  4.754000e-001
21  3.207000e-001
22  6.651000e-001
23  1.390000e+001
24  1.095000e+001
25  9.695000e+000
26  1.490000e+001
27  1.960000e+001
28  3.324000e+001
29  9.558000e+000
30  2.789000e+000
31  6.811000e-001
32  3.843000e-001
33  2.941000e-001
34  2.402000e-001
35  9.999000e-001
36  5.157000e-001
38  3.858000e+000
39  1.353000e+001
40  4.413000e+001
41  2.023000e+001
42  4.403000e+000
43  1.329000e+000
44  4.791000e-001
45  2.998000e-001
46  2.610000e-001
47  1.801000e+000
48  6.150000e+000
49  5.926000e+000
50  4.827000e+000
51  8.483000e+000
52  3.152000e+001
53  2.251000e+001
54  2.019000e+000
55  8.911000e-001
56  6.467000e-001
57  3.200000e-001
58  2.298000e-001
59  4.896000e+000
60  2.725000e+000
61  5.111000e+000
62  9.325000e+000
63  1.476000e+001
64  2.337000e+001
65  3.384000e+000
66  1.308000e+000
67  4.155000e-001
68  3.265000e-001
69  2.341000e-001
70  1.244000e-001
71  9.191000e-002
72  1.943000e-001
73  2.466000e+000
74  6.898000e+000
75  1.429000e+001
76  1.602000e+001
77  5.516000e+000
78  9.800000e-001
79  3.106000e-001
80  1.746000e-001
81  1.238000e-001
82  1.402000e-001
83  1.555000e+000
84  1.833000e+000
85  1.732000e+000
86  1.470000e+000
87  6.030000e+000
88  2.252000e+001
89  7.403000e+000
90  1.018000e+000
91  3.075000e-001
92  1.714000e-001
93  1.214000e-001
94  7.835000e-001
95  2.847000e+000
96  2.464000e+000
97  1.495000e+000
98  2.723000e+000
99  2.287000e+001
100  2.299000e+001
101  1.159000e+001
102  1.634000e+000
103  4.877000e-001
104  3.569000e-001
105  2.068000e-001
106  2.267000e-001
107  2.929000e+000
108  5.751000e+000
   69 
1  2.569000e+000
2  5.108000e+000
3  2.562000e+001
4  5.542000e+001
5  1.871000e+001
6  2.296000e+000
7  1.237000e+000
8  3.297000e-001
9  4.504000e-001
10  5.963000e-001
11  1.621000e+001
12  4.607000e+000
13  1.527000e+001
14  9.110000e+000
15  2.732000e+001
16  4.457000e+001
17  5.466000e+000
18  4.985000e+000
19  4.862000e-001
20  2.991000e-001
21  2.156000e-001
22  8.832000e-001
23  1.541000e+001
24  7.974000e+000
25  9.268000e+000
26  1.391000e+001
27  2.150000e+001
28  3.188000e+001
29  7.637000e+000
30  1.322000e+000
31  3.762000e-001
32  2.491000e-001
33  2.179000e-001
34  1.947000e-001
35  1.467000e+000
36  1.777000e-001
38  3.004000e+000
39  1.374000e+001
40  4.859000e+001
41  1.399000e+001
42  2.639000e+000
43  6.210000e-001
44  2.798000e-001
45  1.961000e-001
46  2.976000e-001
47  1.356000e+000
48  7.359000e+000
49  4.643000e+000
50  4.434000e+000
51  7.384000e+000
52  3.914000e+001
53  1.367000e+001
54  9.560000e-001
55  6.999000e-001
56  4.624000e-001
57  1.763000e-001
58  2.496000e-001
59  4.191000e+000
60  2.412000e+000
61  7.653000e+000
62  8.770000e+000
63  1.346000e+001
64  2.003000e+001
65  2.242000e+000
66  5.398000e-001
67  2.942000e-001
68  2.278000e-001
69  1.352000e-001
70  7.149000e-002
71  8.503000e-002
72  2.461000e-001
73  2.017000e+000
74  7.319000e+000
75  1.630000e+001
76  1.334000e+001
77  3.708000e+000
78  3.593000e-001
79  1.582000e-001
80  1.094000e-001
81  7.869000e-002
82  3.519000e-001
83  1.614000e+000
84  1.314000e+000
85  1.763000e+000
86  2.014000e+000
87  6.634000e+000
88  2.160000e+001
89  5.576000e+000
90  3.722000e-001
91  1.526000e-001
92  1.045000e-001
93  7.592000e-002
94  1.329000e+000
95  2.597000e+000
96  2.536000e+000
97  7.241000e-001
98  4.225000e+000
99  2.337000e+001
100  2.058000e+001
101  9.594000e+000
102  6.358000e-001
103  2.764000e-001
104  2.519000e-001
105  1.209000e-001
106  2.673000e-001
107  3.140000e+000
108  6.593000e+000
   70 
1  6.642000e+000
2  5.913000e+000
3  1.335000e+001
4  2.545000e+001
5  2.493000e+001
6  2.472000e+001
7  1.300000e+001
8  5.485000e+000
9  3.083000e+000
10  2.097000e+000
11  7.972000e+000
12  8.660000e+000
13  1.170000e+001
14  9.412000e+000
15  1.423000e+001
16  2.278000e+001
17  2.493000e+001
18  1.988000e+001
19  8.282000e+000
20  4.089000e+000
21  2.577000e+000
22  1.614000e+000
23  6.250000e+000
24  9.553000e+000
25  9.003000e+000
26  1.144000e+001
27  1.242000e+001
28  2.209000e+001
29  2.057000e+001
30  1.170000e+001
31  5.605000e+000
32  3.318000e+000
33  2.219000e+000
34  1.279000e+000
35  1.121000e+000
36  1.249000e+000
38  2.974000e+000
39  6.755000e+000
40  2.014000e+001
41  2.195000e+001
42  1.967000e+001
43  8.938000e+000
44  4.424000e+000
45  2.733000e+000
46  1.689000e+000
47  1.219000e+000
48  2.233000e+000
49  5.292000e+000
50  5.964000e+000
51  6.067000e+000
52  1.394000e+001
53  2.220000e+001
54  1.407000e+001
55  6.781000e+000
56  3.981000e+000
57  2.673000e+000
58  1.644000e+000
59  1.517000e+000
60  2.310000e+000
61  4.782000e+000
62  7.869000e+000
63  8.471000e+000
64  1.605000e+001
65  1.112000e+001
66  5.724000e+000
67  3.522000e+000
68  2.473000e+000
69  1.538000e+000
70  9.290000e-001
71  6.695000e-001
72  4.714000e-001
73  5.012000e-001
74  2.188000e+000
75  6.371000e+000
76  1.223000e+001
77  1.067000e+001
78  5.612000e+000
79  3.577000e+000
80  2.422000e+000
81  1.404000e+000
82  8.550000e-001
83  7.626000e-001
84  1.261000e+000
85  1.482000e+000
86  1.611000e+000
87  2.106000e+000
88  9.305000e+000
89  1.245000e+001
90  6.587000e+000
91  3.909000e+000
92  2.576000e+000
93  1.498000e+000
94  9.474000e-001
95  1.327000e+000
96  1.843000e+000
97  2.000000e+000
98  2.030000e+000
99  8.683000e+000
100  1.754000e+001
101  1.703000e+001
102  9.047000e+000
103  4.767000e+000
104  2.981000e+000
105  1.955000e+000
106  1.108000e+000
107  8.112000e-001
108  2.287000e+000
   71 
1  4.462000e+000
2  5.006000e+000
3  2.171000e+001
4  5.049000e+001
5  2.426000e+001
6  5.185000e+000
7  2.481000e+000
8  1.322000e+000
9  6.701000e-001
10  7.517000e-001
11  1.244000e+001
12  5.515000e+000
13  1.378000e+001
14  8.908000e+000
15  2.414000e+001
16  4.208000e+001
17  1.137000e+001
18  6.170000e+000
19  2.141000e+000
20  1.106000e+000
21  5.762000e-001
22  4.841000e-001
23  1.198000e+001
24  8.138000e+000
25  8.879000e+000
26  1.294000e+001
27  2.006000e+001
28  3.162000e+001
29  9.429000e+000
30  3.429000e+000
31  1.797000e+000
32  8.825000e-001
33  5.123000e-001
34  3.561000e-001
35  9.152000e-001
36  6.351000e-001
38  2.850000e+000
39  1.101000e+001
40  4.364000e+001
41  1.738000e+001
42  5.006000e+000
43  2.279000e+000
44  1.211000e+000
45  5.983000e-001
46  4.003000e-001
47  5.898000e-001
48  5.124000e+000
49  5.136000e+000
50  5.050000e+000
51  5.788000e+000
52  3.322000e+001
53  1.795000e+001
54  3.439000e+000
55  1.947000e+000
56  1.133000e+000
57  6.212000e-001
58  4.209000e-001
59  2.140000e+000
60  2.045000e+000
61  7.127000e+000
62  8.327000e+000
63  1.148000e+001
64  1.987000e+001
65  4.272000e+000
66  2.226000e+000
67  1.142000e+000
68  5.935000e-001
69  4.141000e-001
70  2.744000e-001
71  1.664000e-001
72  1.141000e-001
73  6.934000e-001
74  5.115000e+000
75  1.351000e+001
76  1.426000e+001
77  5.330000e+000
78  2.198000e+000
79  1.114000e+000
80  5.435000e-001
81  3.335000e-001
82  2.217000e-001
83  7.599000e-001
84  1.119000e+000
85  1.413000e+000
86  1.826000e+000
87  4.901000e+000
88  1.930000e+001
89  7.476000e+000
90  2.363000e+000
91  1.209000e+000
92  5.593000e-001
93  3.352000e-001
94  5.697000e-001
95  1.666000e+000
96  1.948000e+000
97  1.715000e+000
98  2.974000e+000
99  1.924000e+001
100  2.086000e+001
101  1.112000e+001
102  2.870000e+000
103  1.537000e+000
104  7.463000e-001
105  4.679000e-001
106  3.050000e-001
107  1.344000e+000
108  5.431000e+000
   72 
1  6.227000e+000
2  6.240000e+000
3  1.601000e+001
4  4.334000e+001
5  3.175000e+001
6  8.712000e+000
7  4.230000e+000
8  2.034000e+000
9  9.364000e-001
10  6.761000e-001
11  8.421000e+000
12  6.312000e+000
13  1.279000e+001
14  9.132000e+000
15  1.858000e+001
16  3.789000e+001
17  2.008000e+001
18  8.431000e+000
19  3.780000e+000
20  1.781000e+000
21  8.513000e-001
22  5.739000e-001
23  7.647000e+000
24  8.957000e+000
25  9.299000e+000
26  1.133000e+001
27  1.468000e+001
28  3.171000e+001
29  1.402000e+001
30  6.384000e+000
31  3.254000e+000
32  1.448000e+000
33  7.607000e-001
34  4.680000e-001
35  5.286000e-001
36  6.885000e-001
38  2.679000e+000
39  6.639000e+000
40  3.533000e+001
41  2.404000e+001
42  9.179000e+000
43  4.145000e+000
44  1.974000e+000
45  8.870000e-001
46  5.333000e-001
47  4.833000e-001
48  2.481000e+000
49  5.454000e+000
50  4.629000e+000
51  5.114000e+000
52  2.210000e+001
53  2.609000e+001
54  7.107000e+000
55  3.445000e+000
56  1.682000e+000
57  8.371000e-001
58  4.931000e-001
59  1.142000e+000
60  2.207000e+000
61  5.437000e+000
62  7.322000e+000
63  8.301000e+000
64  2.030000e+001
65  7.623000e+000
66  3.896000e+000
67  1.875000e+000
68  8.767000e-001
69  5.277000e-001
70  2.931000e-001
71  1.598000e-001
72  1.298000e-001
73  3.945000e-001
74  3.304000e+000
75  9.127000e+000
76  1.415000e+001
77  8.491000e+000
78  4.029000e+000
79  1.900000e+000
80  8.252000e-001
81  4.474000e-001
82  2.285000e-001
83  3.581000e-001
84  1.014000e+000
85  1.438000e+000
86  1.851000e+000
87  2.387000e+000
88  1.658000e+001
89  9.824000e+000
90  4.193000e+000
91  2.067000e+000
92  8.536000e-001
93  4.527000e-001
94  2.721000e-001
95  1.125000e+000
96  1.840000e+000
97  1.994000e+000
98  2.142000e+000
99  1.282000e+001
100  2.119000e+001
101  1.401000e+001
102  5.629000e+000
103  2.753000e+000
104  1.183000e+000
105  6.494000e-001
106  3.598000e-001
107  5.658000e-001
108  3.752000e+000
   73 
1  3.985000e+000
2  5.611000e+000
3  2.061000e+001
4  5.022000e+001
5  2.783000e+001
6  3.261000e+000
7  1.448000e+000
8  4.347000e-001
9  4.742000e-001
10  4.440000e-001
11  1.449000e+001
12  6.882000e+000
13  1.539000e+001
14  9.027000e+000
15  2.142000e+001
16  4.219000e+001
17  1.438000e+001
18  5.626000e+000
19  8.924000e-001
20  3.899000e-001
21  2.752000e-001
22  7.589000e-001
23  1.281000e+001
24  1.027000e+001
25  9.538000e+000
26  1.395000e+001
27  1.711000e+001
28  3.398000e+001
29  1.004000e+001
30  2.742000e+000
31  5.771000e-001
32  3.195000e-001
33  2.639000e-001
34  2.268000e-001
35  1.134000e+000
36  2.563000e-001
38  3.060000e+000
39  1.169000e+001
40  4.248000e+001
41  2.150000e+001
42  4.546000e+000
43  1.085000e+000
44  3.773000e-001
45  2.541000e-001
46  2.982000e-001
47  1.457000e+000
48  6.102000e+000
49  5.617000e+000
50  4.242000e+000
51  6.738000e+000
52  3.100000e+001
53  2.290000e+001
54  1.932000e+000
55  7.501000e-001
56  5.110000e-001
57  2.285000e-001
58  2.383000e-001
59  4.304000e+000
60  2.568000e+000
61  6.261000e+000
62  8.353000e+000
63  1.096000e+001
64  2.446000e+001
65  3.261000e+000
66  9.941000e-001
67  3.623000e-001
68  2.754000e-001
69  1.823000e-001
70  9.710000e-002
71  9.032000e-002
72  2.316000e-001
73  2.049000e+000
74  6.966000e+000
75  1.230000e+001
76  1.643000e+001
77  5.604000e+000
78  7.592000e-001
79  2.340000e-001
80  1.446000e-001
81  1.037000e-001
82  2.351000e-001
83  1.404000e+000
84  1.618000e+000
85  1.733000e+000
86  1.721000e+000
87  5.135000e+000
88  2.197000e+001
89  7.213000e+000
90  8.964000e-001
91  2.365000e-001
92  1.413000e-001
93  1.015000e-001
94  9.604000e-001
95  2.602000e+000
96  2.380000e+000
97  1.298000e+000
98  3.066000e+000
99  2.003000e+001
100  2.340000e+001
101  1.122000e+001
102  1.556000e+000
103  3.986000e-001
104  3.065000e-001
105  1.617000e-001
106  2.580000e-001
107  2.776000e+000
108  5.403000e+000
   74 
1  5.870000e+000
2  5.672000e+000
3  1.662000e+001
4  3.804000e+001
5  3.417000e+001
6  1.221000e+001
7  2.947000e+000
8  1.233000e+000
9  5.623000e-001
10  4.840000e-001
11  1.038000e+001
12  7.414000e+000
13  1.365000e+001
14  9.177000e+000
15  1.711000e+001
16  3.256000e+001
17  2.616000e+001
18  8.733000e+000
19  2.392000e+000
20  1.035000e+000
21  4.848000e-001
22  4.381000e-001
23  8.978000e+000
24  1.048000e+001
25  9.411000e+000
26  1.207000e+001
27  1.331000e+001
28  2.788000e+001
29  1.938000e+001
30  5.479000e+000
31  1.963000e+000
32  8.153000e-001
33  4.336000e-001
34  2.912000e-001
35  6.797000e-001
36  6.721000e-001
38  3.374000e+000
39  8.749000e+000
40  2.765000e+001
41  2.921000e+001
42  1.197000e+001
43  2.680000e+000
44  1.131000e+000
45  4.934000e-001
46  3.117000e-001
47  6.310000e-001
48  4.130000e+000
49  5.714000e+000
50  4.617000e+000
51  5.447000e+000
52  2.041000e+001
53  2.752000e+001
54  8.081000e+000
55  2.202000e+000
56  1.041000e+000
57  5.008000e-001
58  3.055000e-001
59  1.845000e+000
60  2.627000e+000
61  5.824000e+000
62  8.967000e+000
63  7.824000e+000
64  2.119000e+001
65  7.982000e+000
66  2.479000e+000
67  1.097000e+000
68  5.127000e-001
69  3.314000e-001
70  1.963000e-001
71  1.118000e-001
72  1.061000e-001
73  7.711000e-001
74  4.926000e+000
75  9.198000e+000
76  1.505000e+001
77  9.361000e+000
78  2.560000e+000
79  1.066000e+000
80  4.376000e-001
81  2.340000e-001
82  1.391000e-001
83  6.511000e-001
84  1.220000e+000
85  1.483000e+000
86  1.930000e+000
87  3.218000e+000
88  1.620000e+001
89  1.196000e+001
90  2.942000e+000
91  1.201000e+000
92  4.549000e-001
93  2.344000e-001
94  3.254000e-001
95  1.478000e+000
96  2.048000e+000
97  1.998000e+000
98  2.412000e+000
99  1.327000e+001
100  2.225000e+001
101  1.583000e+001
102  4.169000e+000
103  1.571000e+000
104  6.593000e-001
105  3.624000e-001
106  2.268000e-001
107  7.732000e-001
108  4.637000e+000
   75 
1  4.980000e+000
2  5.560000e+000
3  1.812000e+001
4  4.290000e+001
5  2.800000e+001
6  1.018000e+001
7  4.900000e+000
8  2.499000e+000
9  1.485000e+000
10  1.271000e+000
11  1.419000e+001
12  6.470000e+000
13  1.347000e+001
14  8.408000e+000
15  1.888000e+001
16  3.800000e+001
17  1.747000e+001
18  1.070000e+001
19  3.863000e+000
20  2.144000e+000
21  1.105000e+000
22  1.142000e+000
23  1.302000e+001
24  8.565000e+000
25  9.530000e+000
26  1.175000e+001
27  1.486000e+001
28  3.056000e+001
29  1.418000e+001
30  6.258000e+000
31  3.365000e+000
32  1.894000e+000
33  9.601000e-001
34  5.808000e-001
35  1.456000e+000
36  9.113000e-001
38  3.938000e+000
39  8.813000e+000
40  3.528000e+001
41  2.205000e+001
42  9.822000e+000
43  4.417000e+000
44  2.374000e+000
45  1.235000e+000
46  6.792000e-001
47  1.516000e+000
48  5.434000e+000
49  5.839000e+000
50  5.910000e+000
51  5.871000e+000
52  2.417000e+001
53  2.147000e+001
54  7.117000e+000
55  4.375000e+000
56  2.378000e+000
57  1.155000e+000
58  6.162000e-001
59  3.322000e+000
60  2.556000e+000
61  7.824000e+000
62  9.566000e+000
63  9.870000e+000
64  1.844000e+001
65  6.763000e+000
66  3.525000e+000
67  2.044000e+000
68  1.132000e+000
69  6.358000e-001
70  3.669000e-001
71  1.951000e-001
72  2.055000e-001
73  1.790000e+000
74  5.864000e+000
75  1.150000e+001
76  1.242000e+001
77  7.680000e+000
78  3.509000e+000
79  2.000000e+000
80  9.684000e-001
81  5.348000e-001
82  4.270000e-001
83  1.542000e+000
84  1.483000e+000
85  1.467000e+000
86  2.122000e+000
87  3.958000e+000
88  1.719000e+001
89  9.076000e+000
90  3.470000e+000
91  2.024000e+000
92  9.795000e-001
93  5.328000e-001
94  1.070000e+000
95  2.258000e+000
96  1.890000e+000
97  1.707000e+000
98  3.310000e+000
99  1.575000e+001
100  2.075000e+001
101  1.370000e+001
102  4.945000e+000
103  2.781000e+000
104  1.633000e+000
105  7.472000e-001
106  4.957000e-001
107  1.760000e+000
108  5.958000e+000
   76 
1  4.157000e+000
2  5.038000e+000
3  1.749000e+001
4  4.147000e+001
5  2.944000e+001
6  8.743000e+000
7  4.582000e+000
8  2.031000e+000
9  1.206000e+000
10  8.459000e-001
11  1.409000e+001
12  5.137000e+000
13  1.255000e+001
14  7.582000e+000
15  1.823000e+001
16  3.766000e+001
17  1.758000e+001
18  9.571000e+000
19  3.221000e+000
20  1.679000e+000
21  8.196000e-001
22  1.097000e+000
23  1.224000e+001
24  8.123000e+000
25  9.197000e+000
26  1.115000e+001
27  1.414000e+001
28  3.055000e+001
29  1.332000e+001
30  5.443000e+000
31  2.738000e+000
32  1.423000e+000
33  7.189000e-001
34  4.529000e-001
35  1.706000e+000
36  5.956000e-001
38  3.471000e+000
39  8.506000e+000
40  3.334000e+001
41  2.272000e+001
42  8.674000e+000
43  3.621000e+000
44  1.826000e+000
45  8.800000e-001
46  5.606000e-001
47  1.407000e+000
48  5.215000e+000
49  5.558000e+000
50  5.191000e+000
51  4.957000e+000
52  2.234000e+001
53  2.272000e+001
54  6.265000e+000
55  3.666000e+000
56  1.888000e+000
57  8.160000e-001
58  4.899000e-001
59  3.072000e+000
60  2.160000e+000
61  7.286000e+000
62  9.866000e+000
63  8.556000e+000
64  1.807000e+001
65  5.694000e+000
66  2.830000e+000
67  1.482000e+000
68  7.486000e-001
69  4.514000e-001
70  2.201000e-001
71  1.256000e-001
72  2.039000e-001
73  1.607000e+000
74  5.900000e+000
75  1.092000e+001
76  1.255000e+001
77  6.938000e+000
78  2.795000e+000
79  1.453000e+000
80  6.682000e-001
81  3.677000e-001
82  3.496000e-001
83  1.635000e+000
84  1.275000e+000
85  1.367000e+000
86  2.065000e+000
87  4.131000e+000
88  1.740000e+001
89  8.170000e+000
90  2.769000e+000
91  1.452000e+000
92  6.610000e-001
93  3.641000e-001
94  1.074000e+000
95  2.242000e+000
96  1.799000e+000
97  1.513000e+000
98  3.405000e+000
99  1.601000e+001
100  1.963000e+001
101  1.255000e+001
102  4.009000e+000
103  2.136000e+000
104  1.135000e+000
105  5.230000e-001
106  4.045000e-001
107  1.966000e+000
108  5.025000e+000
   77 
1  5.300000e+000
2  5.294000e+000
3  1.880000e+001
4  4.077000e+001
5  3.553000e+001
6  7.482000e+000
7  3.278000e+000
8  1.049000e+000
9  5.041000e-001
10  5.142000e-001
11  1.386000e+001
12  8.507000e+000
13  1.463000e+001
14  8.788000e+000
15  2.007000e+001
16  3.550000e+001
17  2.288000e+001
18  7.886000e+000
19  2.116000e+000
20  7.061000e-001
21  3.527000e-001
22  5.396000e-001
23  1.206000e+001
24  1.095000e+001
25  9.325000e+000
26  1.381000e+001
27  1.597000e+001
28  3.196000e+001
29  1.474000e+001
30  4.479000e+000
31  1.439000e+000
32  5.645000e-001
33  2.997000e-001
34  2.054000e-001
35  1.243000e+000
36  9.454000e-001
38  4.402000e+000
39  1.047000e+001
40  3.277000e+001
41  2.966000e+001
42  8.037000e+000
43  2.337000e+000
44  7.724000e-001
45  3.656000e-001
46  2.265000e-001
47  1.208000e+000
48  5.423000e+000
49  6.645000e+000
50  5.030000e+000
51  6.840000e+000
52  2.385000e+001
53  2.823000e+001
54  4.886000e+000
55  1.773000e+000
56  9.712000e-001
57  5.327000e-001
58  2.561000e-001
59  3.200000e+000
60  2.978000e+000
61  5.796000e+000
62  1.114000e+001
63  1.005000e+001
64  2.332000e+001
65  5.565000e+000
66  2.280000e+000
67  7.530000e-001
68  5.090000e-001
69  3.550000e-001
70  1.974000e-001
71  9.070000e-002
72  1.300000e-001
73  1.681000e+000
74  6.031000e+000
75  1.116000e+001
76  1.719000e+001
77  7.626000e+000
78  2.149000e+000
79  6.729000e-001
80  2.695000e-001
81  1.229000e-001
82  1.006000e-001
83  1.288000e+000
84  1.791000e+000
85  1.581000e+000
86  1.906000e+000
87  4.217000e+000
88  1.964000e+001
89  1.032000e+001
90  2.409000e+000
91  7.183000e-001
92  2.782000e-001
93  1.209000e-001
94  4.935000e-001
95  2.408000e+000
96  2.298000e+000
97  2.076000e+000
98  2.248000e+000
99  1.778000e+001
100  2.425000e+001
101  1.397000e+001
102  3.378000e+000
103  1.005000e+000
104  5.391000e-001
105  2.978000e-001
106  1.952000e-001
107  1.396000e+000
108  5.473000e+000
   78 
1  4.158000e+000
2  5.082000e+000
3  1.666000e+001
4  3.827000e+001
5  3.296000e+001
6  8.975000e+000
7  5.101000e+000
8  1.645000e+000
9  9.598000e-001
10  6.783000e-001
11  1.403000e+001
12  5.691000e+000
13  1.210000e+001
14  7.503000e+000
15  1.730000e+001
16  3.531000e+001
17  2.084000e+001
18  1.035000e+001
19  3.014000e+000
20  1.270000e+000
21  6.601000e-001
22  1.042000e+000
23  1.143000e+001
24  8.970000e+000
25  9.040000e+000
26  1.113000e+001
27  1.325000e+001
28  3.066000e+001
29  1.427000e+001
30  5.875000e+000
31  2.474000e+000
32  1.073000e+000
33  5.691000e-001
34  3.245000e-001
35  1.908000e+000
36  5.043000e-001
38  3.667000e+000
39  8.034000e+000
40  3.144000e+001
41  2.501000e+001
42  9.114000e+000
43  3.601000e+000
44  1.396000e+000
45  6.948000e-001
46  4.429000e-001
47  1.460000e+000
48  5.028000e+000
49  5.842000e+000
50  4.527000e+000
51  5.342000e+000
52  1.922000e+001
53  2.574000e+001
54  6.743000e+000
55  3.565000e+000
56  1.552000e+000
57  6.571000e-001
58  3.655000e-001
59  3.202000e+000
60  2.021000e+000
61  6.461000e+000
62  1.077000e+001
63  8.126000e+000
64  1.841000e+001
65  6.018000e+000
66  2.803000e+000
67  1.161000e+000
68  6.523000e-001
69  3.570000e-001
70  1.388000e-001
71  8.896000e-002
72  2.081000e-001
73  1.797000e+000
74  5.601000e+000
75  1.038000e+001
76  1.279000e+001
77  7.756000e+000
78  2.801000e+000
79  1.135000e+000
80  5.343000e-001
81  2.569000e-001
82  2.752000e-001
83  1.809000e+000
84  1.241000e+000
85  1.360000e+000
86  2.088000e+000
87  3.724000e+000
88  1.751000e+001
89  8.729000e+000
90  2.831000e+000
91  1.139000e+000
92  5.314000e-001
93  2.589000e-001
94  1.188000e+000
95  2.115000e+000
96  1.859000e+000
97  1.452000e+000
98  2.928000e+000
99  1.561000e+001
100  2.054000e+001
101  1.279000e+001
102  4.145000e+000
103  1.726000e+000
104  9.126000e-001
105  3.785000e-001
106  3.440000e-001
107  1.754000e+000
108  4.550000e+000
   79 
1  2.718000e+000
2  4.710000e+000
3  2.313000e+001
4  5.553000e+001
5  2.116000e+001
6  2.680000e+000
7  9.309000e-001
8  2.714000e-001
9  4.646000e-001
10  1.051000e+000
11  1.619000e+001
12  4.535000e+000
13  1.472000e+001
14  8.959000e+000
15  2.534000e+001
16  4.568000e+001
17  6.933000e+000
18  4.830000e+000
19  3.775000e-001
20  2.548000e-001
21  1.858000e-001
22  1.167000e+000
23  1.540000e+001
24  7.906000e+000
25  9.273000e+000
26  1.374000e+001
27  2.024000e+001
28  3.303000e+001
29  7.877000e+000
30  1.214000e+000
31  3.140000e-001
32  2.115000e-001
33  1.956000e-001
34  1.747000e-001
35  1.741000e+000
36  1.107000e-001
38  3.002000e+000
39  1.251000e+001
40  4.796000e+001
41  1.563000e+001
42  2.744000e+000
43  4.758000e-001
44  2.315000e-001
45  1.675000e-001
46  4.159000e-001
47  1.382000e+000
48  7.587000e+000
49  4.922000e+000
50  4.866000e+000
51  5.649000e+000
52  3.744000e+001
53  1.626000e+001
54  8.371000e-001
55  7.725000e-001
56  3.785000e-001
57  1.478000e-001
58  3.150000e-001
59  4.191000e+000
60  2.422000e+000
61  8.931000e+000
62  8.336000e+000
63  1.182000e+001
64  2.086000e+001
65  2.336000e+000
66  3.279000e-001
67  3.259000e-001
68  2.087000e-001
69  8.527000e-002
70  5.593000e-002
71  9.608000e-002
72  4.755000e-001
73  2.006000e+000
74  7.694000e+000
75  1.544000e+001
76  1.369000e+001
77  3.917000e+000
78  2.348000e-001
79  1.296000e-001
80  9.088000e-002
81  6.573000e-002
82  6.664000e-001
83  1.736000e+000
84  1.053000e+000
85  1.887000e+000
86  2.069000e+000
87  6.354000e+000
88  2.183000e+001
89  5.513000e+000
90  2.603000e-001
91  1.230000e-001
92  8.508000e-002
93  7.582000e-002
94  1.827000e+000
95  2.387000e+000
96  2.470000e+000
97  5.543000e-001
98  4.691000e+000
99  2.258000e+001
100  2.103000e+001
101  9.708000e+000
102  4.697000e-001
103  3.151000e-001
104  1.614000e-001
105  1.004000e-001
106  3.309000e-001
107  3.400000e+000
108  6.435000e+000
   80 
1  4.027000e+000
2  5.645000e+000
3  2.219000e+001
4  4.986000e+001
5  2.745000e+001
6  3.550000e+000
7  2.139000e+000
8  6.556000e-001
9  4.080000e-001
10  4.790000e-001
11  1.603000e+001
12  7.697000e+000
13  1.594000e+001
14  9.029000e+000
15  2.371000e+001
16  4.247000e+001
17  1.221000e+001
18  6.477000e+000
19  1.241000e+000
20  4.739000e-001
21  2.964000e-001
22  6.530000e-001
23  1.423000e+001
24  1.061000e+001
25  9.527000e+000
26  1.477000e+001
27  1.915000e+001
28  3.347000e+001
29  9.854000e+000
30  2.801000e+000
31  7.721000e-001
32  3.858000e-001
33  2.693000e-001
34  2.178000e-001
35  1.145000e+000
36  6.141000e-001
38  4.174000e+000
39  1.301000e+001
40  4.357000e+001
41  2.070000e+001
42  4.565000e+000
43  1.419000e+000
44  4.986000e-001
45  2.878000e-001
46  2.234000e-001
47  1.602000e+000
48  6.507000e+000
49  5.834000e+000
50  5.202000e+000
51  8.147000e+000
52  3.158000e+001
53  2.207000e+001
54  2.233000e+000
55  1.039000e+000
56  6.758000e-001
57  3.675000e-001
58  2.099000e-001
59  4.590000e+000
60  2.749000e+000
61  6.490000e+000
62  1.003000e+001
63  1.357000e+001
64  2.239000e+001
65  3.456000e+000
66  1.434000e+000
67  4.587000e-001
68  3.581000e-001
69  2.582000e-001
70  1.418000e-001
71  8.237000e-002
72  1.732000e-001
73  2.304000e+000
74  6.986000e+000
75  1.412000e+001
76  1.619000e+001
77  5.361000e+000
78  1.165000e+000
79  3.710000e-001
80  1.785000e-001
81  1.153000e-001
82  1.335000e-001
83  1.619000e+000
84  1.618000e+000
85  1.765000e+000
86  1.842000e+000
87  6.041000e+000
88  2.201000e+001
89  7.374000e+000
90  1.230000e+000
91  3.742000e-001
92  1.741000e-001
93  1.111000e-001
94  7.655000e-001
95  2.704000e+000
96  2.567000e+000
97  1.473000e+000
98  3.106000e+000
99  2.219000e+001
100  2.312000e+001
101  1.165000e+001
102  1.814000e+000
103  5.346000e-001
104  3.732000e-001
105  2.217000e-001
106  1.949000e-001
107  2.899000e+000
108  6.098000e+000
   81 
1  3.587000e+000
2  4.577000e+000
3  2.239000e+001
4  5.320000e+001
5  2.247000e+001
6  4.525000e+000
7  1.128000e+000
8  3.062000e-001
9  4.914000e-001
10  1.213000e+000
11  1.648000e+001
12  4.546000e+000
13  1.440000e+001
14  8.465000e+000
15  2.378000e+001
16  4.437000e+001
17  1.014000e+001
18  5.631000e+000
19  5.860000e-001
20  2.815000e-001
21  1.937000e-001
22  1.275000e+000
23  1.598000e+001
24  7.586000e+000
25  9.139000e+000
26  1.262000e+001
27  1.837000e+001
28  3.346000e+001
29  9.627000e+000
30  2.189000e+000
31  4.789000e-001
32  2.331000e-001
33  2.010000e-001
34  1.840000e-001
35  1.944000e+000
36  1.211000e-001
38  2.991000e+000
39  1.158000e+001
40  4.495000e+001
41  1.804000e+001
42  4.302000e+000
43  7.497000e-001
44  2.659000e-001
45  1.759000e-001
46  4.268000e-001
47  1.540000e+000
48  7.693000e+000
49  5.073000e+000
50  5.260000e+000
51  5.454000e+000
52  3.460000e+001
53  1.764000e+001
54  2.264000e+000
55  1.053000e+000
56  4.357000e-001
57  1.558000e-001
58  3.177000e-001
59  4.213000e+000
60  2.386000e+000
61  9.679000e+000
62  7.989000e+000
63  1.126000e+001
64  2.004000e+001
65  3.745000e+000
66  6.501000e-001
67  4.007000e-001
68  2.311000e-001
69  9.281000e-002
70  5.951000e-002
71  9.746000e-002
72  5.345000e-001
73  2.148000e+000
74  7.674000e+000
75  1.472000e+001
76  1.336000e+001
77  4.960000e+000
78  6.273000e-001
79  1.777000e-001
80  9.842000e-002
81  6.942000e-002
82  7.243000e-001
83  1.930000e+000
84  1.003000e+000
85  1.856000e+000
86  2.130000e+000
87  6.058000e+000
88  2.058000e+001
89  6.758000e+000
90  7.377000e-001
91  1.795000e-001
92  9.341000e-002
93  7.819000e-002
94  1.977000e+000
95  2.288000e+000
96  2.247000e+000
97  8.575000e-001
98  4.756000e+000
99  2.051000e+001
100  2.151000e+001
101  1.083000e+001
102  1.367000e+000
103  4.356000e-001
104  1.854000e-001
105  1.045000e-001
106  3.479000e-001
107  3.426000e+000
108  6.923000e+000
   82 
1  8.048000e+000
2  8.062000e+000
3  1.073000e+001
4  1.489000e+001
5  1.665000e+001
6  1.499000e+001
7  1.240000e+001
8  1.087000e+001
9  9.694000e+000
10  8.676000e+000
11  9.760000e+000
12  8.124000e+000
13  9.017000e+000
14  8.579000e+000
15  1.048000e+001
16  1.502000e+001
17  1.578000e+001
18  1.435000e+001
19  1.190000e+001
20  1.059000e+001
21  9.416000e+000
22  8.404000e+000
23  8.937000e+000
24  8.115000e+000
25  8.392000e+000
26  8.707000e+000
27  8.952000e+000
28  1.305000e+001
29  1.261000e+001
30  1.107000e+001
31  1.012000e+001
32  9.195000e+000
33  8.307000e+000
34  7.825000e+000
35  7.342000e+000
36  6.653000e+000
38  5.659000e+000
39  5.811000e+000
40  6.585000e+000
41  9.000000e+000
42  9.206000e+000
43  8.509000e+000
44  8.115000e+000
45  7.848000e+000
46  7.465000e+000
47  6.971000e+000
48  6.542000e+000
49  6.155000e+000
50  6.068000e+000
51  5.807000e+000
52  6.891000e+000
53  7.639000e+000
54  7.815000e+000
55  7.871000e+000
56  7.798000e+000
57  7.523000e+000
58  7.100000e+000
59  6.680000e+000
60  6.147000e+000
61  6.784000e+000
62  5.978000e+000
63  5.716000e+000
64  6.278000e+000
65  6.459000e+000
66  6.546000e+000
67  6.433000e+000
68  6.173000e+000
69  5.815000e+000
70  5.384000e+000
71  4.908000e+000
72  4.565000e+000
73  4.413000e+000
74  4.499000e+000
75  4.007000e+000
76  3.857000e+000
77  3.840000e+000
78  3.919000e+000
79  4.029000e+000
80  4.120000e+000
81  4.161000e+000
82  4.139000e+000
83  4.054000e+000
84  3.919000e+000
85  3.742000e+000
86  3.547000e+000
87  3.347000e+000
88  3.196000e+000
89  3.210000e+000
90  3.311000e+000
91  3.461000e+000
92  3.613000e+000
93  3.727000e+000
94  3.784000e+000
95  3.784000e+000
96  3.732000e+000
97  3.632000e+000
98  3.635000e+000
99  3.424000e+000
100  3.812000e+000
101  4.586000e+000
102  5.280000e+000
103  5.622000e+000
104  5.695000e+000
105  5.583000e+000
106  5.337000e+000
107  5.013000e+000
108  5.047000e+000
   83 
1  2.708000e+000
2  5.531000e+000
3  2.444000e+001
4  5.379000e+001
5  2.127000e+001
6  2.282000e+000
7  1.288000e+000
8  3.910000e-001
9  4.804000e-001
10  3.552000e-001
11  1.530000e+001
12  5.208000e+000
13  1.527000e+001
14  9.248000e+000
15  2.617000e+001
16  4.440000e+001
17  6.736000e+000
18  5.168000e+000
19  6.068000e-001
20  3.548000e-001
21  2.562000e-001
22  7.376000e-001
23  1.410000e+001
24  8.658000e+000
25  9.429000e+000
26  1.408000e+001
27  2.089000e+001
28  3.206000e+001
29  7.861000e+000
30  1.826000e+000
31  4.440000e-001
32  2.939000e-001
33  2.502000e-001
34  2.186000e-001
35  1.165000e+000
36  2.003000e-001
38  2.890000e+000
39  1.351000e+001
40  4.783000e+001
41  1.484000e+001
42  3.055000e+000
43  7.938000e-001
44  3.316000e-001
45  2.336000e-001
46  3.059000e-001
47  1.295000e+000
48  6.448000e+000
49  4.985000e+000
50  3.721000e+000
51  7.828000e+000
52  3.669000e+001
53  1.646000e+001
54  1.121000e+000
55  6.737000e-001
56  4.887000e-001
57  2.057000e-001
58  2.554000e-001
59  4.056000e+000
60  2.450000e+000
61  5.874000e+000
62  8.715000e+000
63  1.379000e+001
64  2.126000e+001
65  2.310000e+000
66  6.867000e-001
67  3.136000e-001
68  2.471000e-001
69  1.615000e-001
70  8.731000e-002
71  9.587000e-002
72  2.172000e-001
73  1.842000e+000
74  6.881000e+000
75  1.549000e+001
76  1.373000e+001
77  4.462000e+000
78  4.374000e-001
79  1.872000e-001
80  1.302000e-001
81  9.418000e-002
82  2.228000e-001
83  1.372000e+000
84  1.582000e+000
85  1.693000e+000
86  1.740000e+000
87  6.074000e+000
88  2.202000e+001
89  5.908000e+000
90  4.723000e-001
91  1.838000e-001
92  1.267000e-001
93  9.210000e-002
94  1.041000e+000
95  2.592000e+000
96  2.531000e+000
97  9.736000e-001
98  3.328000e+000
99  2.307000e+001
100  2.098000e+001
101  9.941000e+000
102  8.305000e-001
103  3.192000e-001
104  2.816000e-001
105  1.473000e-001
106  2.689000e-001
107  2.790000e+000
108  5.916000e+000
   84 
1  3.090000e+000
2  5.109000e+000
3  2.292000e+001
4  5.422000e+001
5  2.248000e+001
6  2.979000e+000
7  1.456000e+000
8  3.074000e-001
9  4.472000e-001
10  7.687000e-001
11  1.673000e+001
12  5.197000e+000
13  1.518000e+001
14  8.927000e+000
15  2.509000e+001
16  4.528000e+001
17  7.814000e+000
18  5.624000e+000
19  4.991000e-001
20  2.730000e-001
21  1.965000e-001
22  1.056000e+000
23  1.523000e+001
24  8.673000e+000
25  9.343000e+000
26  1.409000e+001
27  2.014000e+001
28  3.319000e+001
29  7.962000e+000
30  1.864000e+000
31  3.687000e-001
32  2.282000e-001
33  2.018000e-001
34  1.819000e-001
35  1.762000e+000
36  2.008000e-001
38  3.434000e+000
39  1.260000e+001
40  4.770000e+001
41  1.631000e+001
42  3.377000e+000
43  6.990000e-001
44  2.617000e-001
45  1.796000e-001
46  2.893000e-001
47  1.690000e+000
48  7.346000e+000
49  5.263000e+000
50  4.772000e+000
51  6.578000e+000
52  3.600000e+001
53  1.773000e+001
54  1.209000e+000
55  8.577000e-001
56  4.988000e-001
57  1.674000e-001
58  2.323000e-001
59  4.618000e+000
60  2.416000e+000
61  8.369000e+000
62  9.101000e+000
63  1.202000e+001
64  2.160000e+001
65  2.579000e+000
66  6.497000e-001
67  3.096000e-001
68  2.474000e-001
69  1.533000e-001
70  6.578000e-002
71  7.926000e-002
72  3.071000e-001
73  2.441000e+000
74  7.554000e+000
75  1.520000e+001
76  1.414000e+001
77  4.570000e+000
78  4.152000e-001
79  1.470000e-001
80  1.000000e-001
81  7.178000e-002
82  4.498000e-001
83  1.767000e+000
84  1.335000e+000
85  1.831000e+000
86  2.055000e+000
87  6.239000e+000
88  2.207000e+001
89  6.014000e+000
90  4.675000e-001
91  1.416000e-001
92  9.472000e-002
93  6.869000e-002
94  1.575000e+000
95  2.408000e+000
96  2.464000e+000
97  1.024000e+000
98  4.292000e+000
99  2.279000e+001
100  2.149000e+001
101  1.011000e+001
102  8.781000e-001
103  2.689000e-001
104  2.745000e-001
105  1.088000e-001
106  2.836000e-001
107  3.246000e+000
108  6.482000e+000
   85 
1  4.633000e+000
2  6.375000e+000
3  1.564000e+001
4  3.306000e+001
5  2.632000e+001
6  1.393000e+001
7  9.451000e+000
8  5.245000e+000
9  3.398000e+000
10  2.238000e+000
11  1.385000e+001
12  5.268000e+000
13  1.236000e+001
14  8.054000e+000
15  1.475000e+001
16  3.077000e+001
17  1.852000e+001
18  1.501000e+001
19  7.790000e+000
20  4.765000e+000
21  2.828000e+000
22  2.438000e+000
23  1.161000e+001
24  7.677000e+000
25  1.013000e+001
26  1.054000e+001
27  1.130000e+001
28  2.463000e+001
29  1.527000e+001
30  1.016000e+001
31  6.473000e+000
32  3.946000e+000
33  2.369000e+000
34  1.378000e+000
35  2.124000e+000
36  6.104000e-001
38  3.487000e+000
39  6.582000e+000
40  2.551000e+001
41  2.041000e+001
42  1.348000e+001
43  8.180000e+000
44  4.970000e+000
45  2.978000e+000
46  1.897000e+000
47  2.274000e+000
48  4.989000e+000
49  5.017000e+000
50  6.108000e+000
51  5.132000e+000
52  1.681000e+001
53  1.900000e+001
54  1.062000e+001
55  7.333000e+000
56  4.351000e+000
57  2.471000e+000
58  1.538000e+000
59  4.369000e+000
60  2.190000e+000
61  7.627000e+000
62  9.735000e+000
63  7.565000e+000
64  1.427000e+001
65  7.854000e+000
66  5.375000e+000
67  3.602000e+000
68  2.137000e+000
69  1.153000e+000
70  6.797000e-001
71  4.416000e-001
72  4.675000e-001
73  2.335000e+000
74  5.716000e+000
75  8.922000e+000
76  9.129000e+000
77  7.877000e+000
78  5.053000e+000
79  3.271000e+000
80  1.952000e+000
81  1.066000e+000
82  9.093000e-001
83  1.842000e+000
84  1.398000e+000
85  1.515000e+000
86  2.292000e+000
87  3.271000e+000
88  1.337000e+001
89  8.334000e+000
90  4.936000e+000
91  3.252000e+000
92  1.932000e+000
93  1.081000e+000
94  1.760000e+000
95  2.109000e+000
96  1.834000e+000
97  1.387000e+000
98  3.701000e+000
99  1.228000e+001
100  1.602000e+001
101  1.283000e+001
102  7.766000e+000
103  5.195000e+000
104  3.113000e+000
105  1.760000e+000
106  1.194000e+000
107  2.930000e+000
108  4.244000e+000
   86 
1  5.641000e+000
2  6.173000e+000
3  1.235000e+001
4  2.364000e+001
5  2.252000e+001
6  2.437000e+001
7  1.416000e+001
8  6.573000e+000
9  4.057000e+000
10  2.798000e+000
11  5.576000e+000
12  6.169000e+000
13  1.021000e+001
14  9.099000e+000
15  1.219000e+001
16  1.993000e+001
17  2.484000e+001
18  1.915000e+001
19  1.012000e+001
20  5.355000e+000
21  3.455000e+000
22  2.531000e+000
23  4.563000e+000
24  7.398000e+000
25  8.277000e+000
26  1.066000e+001
27  1.077000e+001
28  1.890000e+001
29  1.879000e+001
30  1.365000e+001
31  7.097000e+000
32  4.518000e+000
33  3.031000e+000
34  2.179000e+000
35  1.513000e+000
36  1.211000e+000
38  1.610000e+000
39  4.035000e+000
40  1.552000e+001
41  2.065000e+001
42  1.860000e+001
43  1.061000e+001
44  5.606000e+000
45  3.635000e+000
46  2.583000e+000
47  1.810000e+000
48  1.616000e+000
49  3.248000e+000
50  4.406000e+000
51  4.958000e+000
52  1.187000e+001
53  1.860000e+001
54  1.487000e+001
55  8.075000e+000
56  4.935000e+000
57  3.260000e+000
58  2.343000e+000
59  1.715000e+000
60  1.909000e+000
61  3.311000e+000
62  6.064000e+000
63  6.419000e+000
64  1.276000e+001
65  1.130000e+001
66  6.334000e+000
67  4.358000e+000
68  2.993000e+000
69  2.154000e+000
70  1.325000e+000
71  8.415000e-001
72  6.329000e-001
73  4.875000e-001
74  1.097000e+000
75  4.149000e+000
76  9.852000e+000
77  9.378000e+000
78  5.697000e+000
79  4.202000e+000
80  2.931000e+000
81  2.087000e+000
82  1.286000e+000
83  9.243000e-001
84  9.660000e-001
85  1.066000e+000
86  1.301000e+000
87  1.617000e+000
88  6.899000e+000
89  1.045000e+001
90  6.699000e+000
91  4.357000e+000
92  3.044000e+000
93  2.184000e+000
94  1.382000e+000
95  1.199000e+000
96  1.422000e+000
97  1.631000e+000
98  1.719000e+000
99  6.022000e+000
100  1.316000e+001
101  1.463000e+001
102  1.061000e+001
103  5.856000e+000
104  3.890000e+000
105  2.714000e+000
106  1.830000e+000
107  1.189000e+000
108  1.841000e+000
   87 
1  3.638000e+000
2  5.710000e+000
3  2.421000e+001
4  5.434000e+001
5  2.154000e+001
6  3.332000e+000
7  1.915000e+000
8  5.352000e-001
9  3.965000e-001
10  6.159000e-001
11  1.729000e+001
12  6.583000e+000
13  1.605000e+001
14  9.000000e+000
15  2.647000e+001
16  4.450000e+001
17  7.671000e+000
18  6.459000e+000
19  9.260000e-001
20  3.897000e-001
21  2.514000e-001
22  7.668000e-001
23  1.564000e+001
24  9.747000e+000
25  9.443000e+000
26  1.472000e+001
27  2.100000e+001
28  3.276000e+001
29  8.896000e+000
30  2.409000e+000
31  5.998000e-001
32  3.154000e-001
33  2.395000e-001
34  2.025000e-001
35  1.357000e+000
36  4.733000e-001
38  3.804000e+000
39  1.368000e+001
40  4.847000e+001
41  1.603000e+001
42  4.010000e+000
43  1.192000e+000
44  4.203000e-001
45  2.388000e-001
46  2.212000e-001
47  1.861000e+000
48  6.929000e+000
49  5.604000e+000
50  5.234000e+000
51  8.345000e+000
52  3.733000e+001
53  1.643000e+001
54  1.846000e+000
55  9.373000e-001
56  6.592000e-001
57  2.919000e-001
58  1.986000e-001
59  5.005000e+000
60  2.561000e+000
61  7.386000e+000
62  9.604000e+000
63  1.463000e+001
64  2.133000e+001
65  3.100000e+000
66  1.183000e+000
67  3.716000e-001
68  3.311000e-001
69  2.315000e-001
70  1.036000e-001
71  7.098000e-002
72  2.390000e-001
73  2.613000e+000
74  7.124000e+000
75  1.609000e+001
76  1.452000e+001
77  4.920000e+000
78  9.068000e-001
79  2.692000e-001
80  1.383000e-001
81  9.594000e-002
82  1.864000e-001
83  1.823000e+000
84  1.557000e+000
85  1.760000e+000
86  1.960000e+000
87  6.402000e+000
88  2.215000e+001
89  7.027000e+000
90  9.417000e-001
91  2.645000e-001
92  1.333000e-001
93  9.225000e-002
94  1.100000e+000
95  2.777000e+000
96  2.431000e+000
97  1.341000e+000
98  3.556000e+000
99  2.385000e+001
100  2.204000e+001
101  1.112000e+001
102  1.472000e+000
103  4.233000e-001
104  3.428000e-001
105  1.766000e-001
106  2.098000e-001
107  3.307000e+000
108  6.461000e+000
   88 
1  4.337000e+000
2  5.938000e+000
3  2.149000e+001
4  4.770000e+001
5  3.030000e+001
6  3.066000e+000
7  2.099000e+000
8  4.989000e-001
9  4.168000e-001
10  3.600000e-001
11  1.539000e+001
12  8.614000e+000
13  1.592000e+001
14  9.109000e+000
15  2.254000e+001
16  4.128000e+001
17  1.466000e+001
18  6.745000e+000
19  8.883000e-001
20  3.746000e-001
21  2.628000e-001
22  7.269000e-001
23  1.312000e+001
24  1.174000e+001
25  9.587000e+000
26  1.494000e+001
27  1.838000e+001
28  3.362000e+001
29  1.030000e+001
30  2.984000e+000
31  5.568000e-001
32  3.104000e-001
33  2.527000e-001
34  2.135000e-001
35  1.169000e+000
36  4.323000e-001
38  3.996000e+000
39  1.255000e+001
40  4.306000e+001
41  2.191000e+001
42  4.826000e+000
43  1.170000e+000
44  3.831000e-001
45  2.443000e-001
46  2.424000e-001
47  1.928000e+000
48  5.883000e+000
49  6.191000e+000
50  4.238000e+000
51  8.844000e+000
52  2.950000e+001
53  2.470000e+001
54  1.888000e+000
55  8.641000e-001
56  6.031000e-001
57  2.444000e-001
58  2.099000e-001
59  5.092000e+000
60  2.701000e+000
61  4.709000e+000
62  1.075000e+001
63  1.283000e+001
64  2.450000e+001
65  3.380000e+000
66  1.199000e+000
67  3.255000e-001
68  2.960000e-001
69  2.068000e-001
70  9.481000e-002
71  8.166000e-002
72  2.071000e-001
73  2.665000e+000
74  6.699000e+000
75  1.203000e+001
76  1.798000e+001
77  6.070000e+000
78  7.958000e-001
79  2.205000e-001
80  1.393000e-001
81  1.001000e-001
82  1.571000e-001
83  1.607000e+000
84  1.856000e+000
85  1.756000e+000
86  1.690000e+000
87  5.051000e+000
88  2.307000e+001
89  7.776000e+000
90  8.306000e-001
91  2.151000e-001
92  1.349000e-001
93  9.686000e-002
94  8.823000e-001
95  2.805000e+000
96  2.501000e+000
97  1.494000e+000
98  2.436000e+000
99  2.232000e+001
100  2.363000e+001
101  1.198000e+001
102  1.504000e+000
103  3.607000e-001
104  3.243000e-001
105  1.614000e-001
106  2.315000e-001
107  2.846000e+000
108  5.380000e+000
   89 
1  6.032000e+000
2  5.913000e+000
3  1.950000e+001
4  4.302000e+001
5  3.321000e+001
6  6.807000e+000
7  3.115000e+000
8  1.179000e+000
9  5.912000e-001
10  4.374000e-001
11  1.205000e+001
12  9.266000e+000
13  1.526000e+001
14  9.204000e+000
15  2.133000e+001
16  3.614000e+001
17  2.084000e+001
18  7.597000e+000
19  2.552000e+000
20  8.954000e-001
21  4.374000e-001
22  3.462000e-001
23  1.035000e+001
24  1.201000e+001
25  9.225000e+000
26  1.450000e+001
27  1.758000e+001
28  3.233000e+001
29  1.238000e+001
30  5.052000e+000
31  1.642000e+000
32  6.908000e-001
33  3.530000e-001
34  2.350000e-001
35  5.933000e-001
36  8.628000e-001
38  4.308000e+000
39  1.102000e+001
40  3.637000e+001
41  2.660000e+001
42  7.205000e+000
43  2.736000e+000
44  9.467000e-001
45  4.492000e-001
46  2.512000e-001
47  8.584000e-001
48  4.331000e+000
49  6.629000e+000
50  4.826000e+000
51  7.859000e+000
52  2.641000e+001
53  2.622000e+001
54  4.777000e+000
55  1.616000e+000
56  9.203000e-001
57  5.644000e-001
58  2.874000e-001
59  2.677000e+000
60  3.355000e+000
61  4.835000e+000
62  9.786000e+000
63  1.195000e+001
64  2.353000e+001
65  5.483000e+000
66  2.525000e+000
67  8.850000e-001
68  4.656000e-001
69  3.071000e-001
70  1.908000e-001
71  1.009000e-001
72  1.114000e-001
73  1.276000e+000
74  5.217000e+000
75  1.141000e+001
76  1.750000e+001
77  7.483000e+000
78  2.480000e+000
79  8.282000e-001
80  3.277000e-001
81  1.503000e-001
82  1.047000e-001
83  7.015000e-001
84  1.754000e+000
85  1.711000e+000
86  1.703000e+000
87  3.772000e+000
88  2.021000e+001
89  1.020000e+001
90  2.734000e+000
91  8.641000e-001
92  3.328000e-001
93  1.480000e-001
94  2.315000e-001
95  2.131000e+000
96  2.381000e+000
97  2.083000e+000
98  1.628000e+000
99  1.872000e+001
100  2.409000e+001
101  1.335000e+001
102  3.740000e+000
103  1.177000e+000
104  5.524000e-001
105  3.106000e-001
106  1.922000e-001
107  8.436000e-001
108  5.390000e+000
   90 
1  3.675000e+000
2  5.787000e+000
3  2.229000e+001
4  5.327000e+001
5  2.462000e+001
6  3.295000e+000
7  2.056000e+000
8  4.166000e-001
9  4.050000e-001
10  5.362000e-001
11  1.686000e+001
12  6.821000e+000
13  1.577000e+001
14  8.940000e+000
15  2.442000e+001
16  4.559000e+001
17  9.005000e+000
18  6.709000e+000
19  7.421000e-001
20  3.180000e-001
21  2.233000e-001
22  9.056000e-001
23  1.504000e+001
24  9.854000e+000
25  9.662000e+000
26  1.464000e+001
27  1.993000e+001
28  3.374000e+001
29  8.992000e+000
30  2.594000e+000
31  4.948000e-001
32  2.670000e-001
33  2.141000e-001
34  1.848000e-001
35  1.558000e+000
36  3.428000e-001
38  3.776000e+000
39  1.278000e+001
40  4.728000e+001
41  1.798000e+001
42  4.354000e+000
43  1.036000e+000
44  3.329000e-001
45  2.087000e-001
46  2.258000e-001
47  1.877000e+000
48  6.756000e+000
49  5.846000e+000
50  4.956000e+000
51  7.640000e+000
52  3.443000e+001
53  2.013000e+001
54  1.753000e+000
55  9.774000e-001
56  6.064000e-001
57  2.181000e-001
58  1.950000e-001
59  5.012000e+000
60  2.503000e+000
61  7.505000e+000
62  9.953000e+000
63  1.303000e+001
64  2.257000e+001
65  3.107000e+000
66  1.051000e+000
67  3.253000e-001
68  3.072000e-001
69  1.998000e-001
70  7.794000e-002
71  7.094000e-002
72  2.340000e-001
73  2.740000e+000
74  7.189000e+000
75  1.465000e+001
76  1.538000e+001
77  5.484000e+000
78  7.072000e-001
79  1.915000e-001
80  1.185000e-001
81  8.514000e-002
82  2.590000e-001
83  1.781000e+000
84  1.552000e+000
85  1.819000e+000
86  2.008000e+000
87  5.854000e+000
88  2.254000e+001
89  7.154000e+000
90  7.542000e-001
91  1.851000e-001
92  1.131000e-001
93  8.129000e-002
94  1.237000e+000
95  2.544000e+000
96  2.373000e+000
97  1.402000e+000
98  3.561000e+000
99  2.324000e+001
100  2.260000e+001
101  1.132000e+001
102  1.364000e+000
103  3.232000e-001
104  3.353000e-001
105  1.364000e-001
106  2.346000e-001
107  3.112000e+000
108  6.294000e+000
   91 
1  4.476000e+000
2  4.898000e+000
3  2.183000e+001
4  4.982000e+001
5  2.458000e+001
6  5.248000e+000
7  2.618000e+000
8  1.211000e+000
9  6.089000e-001
10  8.017000e-001
11  1.335000e+001
12  6.263000e+000
13  1.389000e+001
14  8.713000e+000
15  2.459000e+001
16  4.189000e+001
17  1.088000e+001
18  6.493000e+000
19  2.073000e+000
20  8.965000e-001
21  5.011000e-001
22  4.646000e-001
23  1.277000e+001
24  8.593000e+000
25  8.699000e+000
26  1.309000e+001
27  2.016000e+001
28  3.176000e+001
29  9.423000e+000
30  3.324000e+000
31  1.580000e+000
32  6.861000e-001
33  4.199000e-001
34  2.611000e-001
35  1.080000e+000
36  8.161000e-001
38  3.342000e+000
39  1.168000e+001
40  4.278000e+001
41  1.802000e+001
42  5.057000e+000
43  2.227000e+000
44  9.892000e-001
45  5.172000e-001
46  3.230000e-001
47  7.975000e-001
48  5.610000e+000
49  5.609000e+000
50  5.086000e+000
51  6.307000e+000
52  3.283000e+001
53  1.811000e+001
54  3.352000e+000
55  1.858000e+000
56  1.011000e+000
57  5.936000e-001
58  3.797000e-001
59  2.433000e+000
60  2.388000e+000
61  6.814000e+000
62  9.060000e+000
63  1.202000e+001
64  1.979000e+001
65  4.295000e+000
66  2.171000e+000
67  9.177000e-001
68  5.449000e-001
69  3.782000e-001
70  2.485000e-001
71  1.440000e-001
72  1.044000e-001
73  9.837000e-001
74  5.516000e+000
75  1.393000e+001
76  1.462000e+001
77  5.343000e+000
78  2.119000e+000
79  8.934000e-001
80  4.543000e-001
81  2.308000e-001
82  1.715000e-001
83  1.015000e+000
84  1.370000e+000
85  1.450000e+000
86  1.767000e+000
87  5.357000e+000
88  1.955000e+001
89  7.674000e+000
90  2.265000e+000
91  9.413000e-001
92  4.574000e-001
93  2.288000e-001
94  6.853000e-001
95  1.904000e+000
96  2.106000e+000
97  1.794000e+000
98  2.979000e+000
99  1.995000e+001
100  2.099000e+001
101  1.120000e+001
102  2.796000e+000
103  1.258000e+000
104  6.183000e-001
105  4.046000e-001
106  2.412000e-001
107  1.474000e+000
108  5.781000e+000
   92 
1  5.689000e+000
2  5.769000e+000
3  1.481000e+001
4  3.078000e+001
5  2.817000e+001
6  1.637000e+001
7  8.707000e+000
8  5.842000e+000
9  4.066000e+000
10  3.291000e+000
11  6.627000e+000
12  6.315000e+000
13  1.095000e+001
14  9.594000e+000
15  1.844000e+001
16  2.838000e+001
17  2.068000e+001
18  1.270000e+001
19  6.990000e+000
20  5.039000e+000
21  3.649000e+000
22  2.971000e+000
23  5.930000e+000
24  6.604000e+000
25  7.974000e+000
26  1.159000e+001
27  1.527000e+001
28  2.393000e+001
29  1.613000e+001
30  8.740000e+000
31  5.937000e+000
32  4.271000e+000
33  3.364000e+000
34  2.578000e+000
35  1.938000e+000
36  1.576000e+000
38  2.236000e+000
39  6.745000e+000
40  2.274000e+001
41  2.132000e+001
42  1.196000e+001
43  7.055000e+000
44  5.162000e+000
45  3.724000e+000
46  3.025000e+000
47  2.282000e+000
48  2.194000e+000
49  3.451000e+000
50  4.467000e+000
51  5.690000e+000
52  1.910000e+001
53  1.906000e+001
54  9.366000e+000
55  6.317000e+000
56  4.643000e+000
57  3.524000e+000
58  2.822000e+000
59  2.180000e+000
60  2.136000e+000
61  3.936000e+000
62  4.826000e+000
63  8.545000e+000
64  1.562000e+001
65  8.110000e+000
66  5.843000e+000
67  4.410000e+000
68  3.444000e+000
69  2.724000e+000
70  1.939000e+000
71  1.327000e+000
72  1.005000e+000
73  8.413000e-001
74  1.509000e+000
75  4.995000e+000
76  1.020000e+001
77  7.572000e+000
78  5.535000e+000
79  4.237000e+000
80  3.367000e+000
81  2.600000e+000
82  1.815000e+000
83  1.326000e+000
84  1.204000e+000
85  1.239000e+000
86  1.342000e+000
87  1.626000e+000
88  9.101000e+000
89  8.650000e+000
90  5.506000e+000
91  4.452000e+000
92  3.462000e+000
93  2.745000e+000
94  1.995000e+000
95  1.645000e+000
96  1.664000e+000
97  1.776000e+000
98  1.920000e+000
99  8.283000e+000
100  1.622000e+001
101  1.347000e+001
102  7.026000e+000
103  5.279000e+000
104  3.849000e+000
105  3.143000e+000
106  2.329000e+000
107  1.649000e+000
108  2.418000e+000
   93 
1  5.719000e+000
2  7.041000e+000
3  1.587000e+001
4  3.168000e+001
5  2.215000e+001
6  1.059000e+001
7  8.479000e+000
8  6.330000e+000
9  5.306000e+000
10  4.443000e+000
11  1.583000e+001
12  6.810000e+000
13  1.246000e+001
14  7.859000e+000
15  1.417000e+001
16  2.817000e+001
17  1.469000e+001
18  1.256000e+001
19  7.803000e+000
20  6.281000e+000
21  5.033000e+000
22  4.782000e+000
23  1.353000e+001
24  9.301000e+000
25  1.028000e+001
26  1.075000e+001
27  1.095000e+001
28  2.251000e+001
29  1.206000e+001
30  8.464000e+000
31  6.659000e+000
32  5.331000e+000
33  4.303000e+000
34  3.500000e+000
35  4.021000e+000
36  2.372000e+000
38  4.468000e+000
39  6.693000e+000
40  2.468000e+001
41  1.564000e+001
42  9.892000e+000
43  7.056000e+000
44  5.559000e+000
45  4.442000e+000
46  3.719000e+000
47  4.090000e+000
48  6.252000e+000
49  6.187000e+000
50  6.300000e+000
51  5.938000e+000
52  1.644000e+001
53  1.578000e+001
54  7.620000e+000
55  6.526000e+000
56  5.057000e+000
57  3.858000e+000
58  3.244000e+000
59  5.821000e+000
60  3.532000e+000
61  7.543000e+000
62  1.091000e+001
63  8.157000e+000
64  1.384000e+001
65  5.998000e+000
66  4.506000e+000
67  3.635000e+000
68  2.940000e+000
69  2.297000e+000
70  1.775000e+000
71  1.422000e+000
72  1.282000e+000
73  2.846000e+000
74  5.623000e+000
75  8.819000e+000
76  8.464000e+000
77  6.184000e+000
78  3.876000e+000
79  3.104000e+000
80  2.456000e+000
81  1.943000e+000
82  1.739000e+000
83  2.589000e+000
84  2.190000e+000
85  1.993000e+000
86  2.445000e+000
87  3.108000e+000
88  1.298000e+001
89  6.819000e+000
90  3.698000e+000
91  2.931000e+000
92  2.316000e+000
93  1.833000e+000
94  2.307000e+000
95  2.927000e+000
96  2.387000e+000
97  1.800000e+000
98  3.259000e+000
99  1.202000e+001
100  1.420000e+001
101  1.011000e+001
102  5.895000e+000
103  4.682000e+000
104  3.739000e+000
105  2.979000e+000
106  2.533000e+000
107  3.904000e+000
108  5.346000e+000
   94 
1  4.847000e+000
2  6.070000e+000
3  1.587000e+001
4  3.130000e+001
5  2.576000e+001
6  1.350000e+001
7  8.743000e+000
8  6.834000e+000
9  5.162000e+000
10  4.295000e+000
11  5.455000e+000
12  5.004000e+000
13  1.012000e+001
14  9.221000e+000
15  1.846000e+001
16  2.970000e+001
17  1.765000e+001
18  1.178000e+001
19  7.884000e+000
20  6.251000e+000
21  4.735000e+000
22  4.043000e+000
23  5.046000e+000
24  5.614000e+000
25  6.760000e+000
26  1.052000e+001
27  1.566000e+001
28  2.494000e+001
29  1.406000e+001
30  8.818000e+000
31  6.964000e+000
32  5.285000e+000
33  4.345000e+000
34  3.589000e+000
35  2.780000e+000
36  2.131000e+000
38  1.817000e+000
39  5.268000e+000
40  2.242000e+001
41  1.760000e+001
42  1.033000e+001
43  7.539000e+000
44  6.153000e+000
45  4.727000e+000
46  4.045000e+000
47  3.208000e+000
48  2.521000e+000
49  2.581000e+000
50  3.468000e+000
51  4.975000e+000
52  1.743000e+001
53  1.656000e+001
54  9.165000e+000
55  7.128000e+000
56  5.685000e+000
57  4.495000e+000
58  3.822000e+000
59  3.053000e+000
60  2.625000e+000
61  3.058000e+000
62  3.434000e+000
63  6.864000e+000
64  1.379000e+001
65  7.580000e+000
66  6.580000e+000
67  5.230000e+000
68  4.343000e+000
69  3.622000e+000
70  2.768000e+000
71  2.014000e+000
72  1.489000e+000
73  1.211000e+000
74  1.271000e+000
75  2.804000e+000
76  6.595000e+000
77  6.709000e+000
78  5.997000e+000
79  4.922000e+000
80  4.234000e+000
81  3.501000e+000
82  2.663000e+000
83  1.971000e+000
84  1.541000e+000
85  1.348000e+000
86  1.314000e+000
87  1.483000e+000
88  5.829000e+000
89  6.284000e+000
90  5.761000e+000
91  5.022000e+000
92  4.299000e+000
93  3.633000e+000
94  2.789000e+000
95  2.146000e+000
96  1.871000e+000
97  1.807000e+000
98  1.864000e+000
99  5.198000e+000
100  1.343000e+001
101  1.209000e+001
102  7.567000e+000
103  6.289000e+000
104  4.830000e+000
105  4.137000e+000
106  3.314000e+000
107  2.510000e+000
108  2.387000e+000
   95 
1  2.485000e+000
2  4.926000e+000
3  2.506000e+001
4  5.583000e+001
5  1.987000e+001
6  3.427000e+000
7  1.450000e+000
8  2.435000e-001
9  5.606000e-001
10  1.410000e+000
11  1.940000e+001
12  5.166000e+000
13  1.554000e+001
14  8.886000e+000
15  2.717000e+001
16  4.576000e+001
17  5.650000e+000
18  6.245000e+000
19  3.527000e-001
20  2.271000e-001
21  1.661000e-001
22  1.668000e+000
23  1.806000e+001
24  7.818000e+000
25  9.504000e+000
26  1.472000e+001
27  2.158000e+001
28  3.264000e+001
29  8.665000e+000
30  1.040000e+000
31  2.904000e-001
32  1.937000e-001
33  1.795000e-001
34  1.689000e-001
35  2.463000e+000
36  1.832000e-001
38  3.971000e+000
39  1.444000e+001
40  4.863000e+001
41  1.580000e+001
42  2.939000e+000
43  6.040000e-001
44  2.149000e-001
45  1.534000e-001
46  4.239000e-001
47  2.446000e+000
48  8.589000e+000
49  5.298000e+000
50  5.601000e+000
51  7.321000e+000
52  3.924000e+001
53  1.452000e+001
54  9.344000e-001
55  1.186000e+000
56  5.849000e-001
57  1.384000e-001
58  2.944000e-001
59  5.641000e+000
60  2.471000e+000
61  9.278000e+000
62  9.545000e+000
63  1.437000e+001
64  2.028000e+001
65  2.667000e+000
66  3.956000e-001
67  4.751000e-001
68  3.082000e-001
69  1.346000e-001
70  5.718000e-002
71  9.508000e-002
72  7.622000e-001
73  3.033000e+000
74  8.254000e+000
75  1.699000e+001
76  1.370000e+001
77  3.914000e+000
78  2.776000e-001
79  1.200000e-001
80  8.429000e-002
81  6.127000e-002
82  7.629000e-001
83  2.484000e+000
84  1.236000e+000
85  1.784000e+000
86  2.306000e+000
87  7.525000e+000
88  2.180000e+001
89  6.089000e+000
90  2.773000e-001
91  1.132000e-001
92  7.882000e-002
93  6.186000e-002
94  2.434000e+000
95  2.522000e+000
96  2.679000e+000
97  5.568000e-001
98  5.427000e+000
99  2.427000e+001
100  2.162000e+001
101  1.044000e+001
102  4.649000e-001
103  3.631000e-001
104  2.429000e-001
105  9.103000e-002
106  3.854000e-001
107  4.356000e+000
108  7.101000e+000
   96 
1  5.473000e+000
2  5.967000e+000
3  1.847000e+001
4  4.589000e+001
5  3.032000e+001
6  7.621000e+000
7  3.003000e+000
8  8.636000e-001
9  5.978000e-001
10  6.476000e-001
11  1.472000e+001
12  6.994000e+000
13  1.513000e+001
14  8.829000e+000
15  1.957000e+001
16  4.108000e+001
17  1.719000e+001
18  8.541000e+000
19  2.196000e+000
20  7.529000e-001
21  3.895000e-001
22  9.324000e-001
23  1.291000e+001
24  9.938000e+000
25  1.030000e+001
26  1.242000e+001
27  1.565000e+001
28  3.290000e+001
29  1.349000e+001
30  5.075000e+000
31  1.704000e+000
32  6.009000e-001
33  3.532000e-001
34  2.503000e-001
35  1.413000e+000
36  3.384000e-001
38  3.764000e+000
39  9.702000e+000
40  3.855000e+001
41  2.403000e+001
42  8.355000e+000
43  2.636000e+000
44  8.219000e-001
45  3.908000e-001
46  3.141000e-001
47  1.585000e+000
48  5.892000e+000
49  5.814000e+000
50  5.816000e+000
51  6.149000e+000
52  2.675000e+001
53  2.410000e+001
54  5.562000e+000
55  2.245000e+000
56  8.705000e-001
57  3.375000e-001
58  2.662000e-001
59  4.153000e+000
60  2.640000e+000
61  8.156000e+000
62  8.763000e+000
63  9.790000e+000
64  2.179000e+001
65  6.481000e+000
66  2.368000e+000
67  8.454000e-001
68  4.191000e-001
69  2.531000e-001
70  1.134000e-001
71  9.382000e-002
72  2.632000e-001
73  2.400000e+000
74  6.627000e+000
75  1.180000e+001
76  1.429000e+001
77  7.917000e+000
78  2.369000e+000
79  7.202000e-001
80  2.876000e-001
81  1.466000e-001
82  2.719000e-001
83  1.639000e+000
84  1.479000e+000
85  1.727000e+000
86  2.135000e+000
87  4.236000e+000
88  1.958000e+001
89  9.365000e+000
90  2.569000e+000
91  7.736000e-001
92  2.947000e-001
93  1.467000e-001
94  1.112000e+000
95  2.397000e+000
96  2.060000e+000
97  1.622000e+000
98  3.405000e+000
99  1.765000e+001
100  2.260000e+001
101  1.366000e+001
102  3.920000e+000
103  1.304000e+000
104  5.451000e-001
105  2.313000e-001
106  2.708000e-001
107  2.597000e+000
108  5.950000e+000
   97 
1  2.897000e+000
2  5.494000e+000
3  2.280000e+001
4  5.264000e+001
5  2.504000e+001
6  2.873000e+000
7  2.132000e+000
8  3.307000e-001
9  4.522000e-001
10  6.804000e-001
11  1.768000e+001
12  6.771000e+000
13  1.578000e+001
14  8.972000e+000
15  2.391000e+001
16  4.510000e+001
17  9.456000e+000
18  6.569000e+000
19  5.246000e-001
20  2.652000e-001
21  1.894000e-001
22  1.194000e+000
23  1.539000e+001
24  9.814000e+000
25  9.707000e+000
26  1.500000e+001
27  1.941000e+001
28  3.423000e+001
29  8.979000e+000
30  1.837000e+000
31  3.647000e-001
32  2.264000e-001
33  1.967000e-001
34  1.757000e-001
35  1.983000e+000
36  3.047000e-001
38  4.242000e+000
39  1.324000e+001
40  4.646000e+001
41  1.862000e+001
42  3.689000e+000
43  8.271000e-001
44  2.729000e-001
45  1.756000e-001
46  2.605000e-001
47  2.232000e+000
48  7.256000e+000
49  5.729000e+000
50  4.961000e+000
51  7.900000e+000
52  3.489000e+001
53  1.943000e+001
54  1.242000e+000
55  1.033000e+000
56  6.258000e-001
57  1.798000e-001
58  2.032000e-001
59  5.413000e+000
60  2.517000e+000
61  7.280000e+000
62  1.091000e+001
63  1.290000e+001
64  2.235000e+001
65  2.776000e+000
66  7.845000e-001
67  3.436000e-001
68  3.174000e-001
69  2.041000e-001
70  6.687000e-002
71  7.102000e-002
72  3.422000e-001
73  3.033000e+000
74  7.587000e+000
75  1.470000e+001
76  1.557000e+001
77  4.998000e+000
78  4.757000e-001
79  1.476000e-001
80  9.821000e-002
81  7.010000e-002
82  3.810000e-001
83  2.136000e+000
84  1.478000e+000
85  1.771000e+000
86  2.114000e+000
87  6.436000e+000
88  2.260000e+001
89  6.633000e+000
90  4.687000e-001
91  1.414000e-001
92  9.289000e-002
93  6.662000e-002
94  1.696000e+000
95  2.512000e+000
96  2.728000e+000
97  1.021000e+000
98  4.169000e+000
99  2.321000e+001
100  2.282000e+001
101  1.105000e+001
102  8.644000e-001
103  2.735000e-001
104  3.417000e-001
105  1.100000e-001
106  2.898000e-001
107  3.653000e+000
108  5.869000e+000
   98 
1  3.930000e+000
2  4.768000e+000
3  2.233000e+001
4  5.135000e+001
5  2.429000e+001
6  3.660000e+000
7  2.112000e+000
8  6.367000e-001
9  3.439000e-001
10  5.138000e-001
11  1.462000e+001
12  5.838000e+000
13  1.405000e+001
14  8.503000e+000
15  2.504000e+001
16  4.343000e+001
17  9.392000e+000
18  6.046000e+000
19  1.132000e+000
20  4.022000e-001
21  2.155000e-001
22  6.302000e-001
23  1.343000e+001
24  8.853000e+000
25  8.799000e+000
26  1.335000e+001
27  2.015000e+001
28  3.267000e+001
29  8.323000e+000
30  2.919000e+000
31  7.135000e-001
32  3.018000e-001
33  2.017000e-001
34  1.659000e-001
35  1.518000e+000
36  6.619000e-001
38  3.525000e+000
39  1.186000e+001
40  4.500000e+001
41  1.709000e+001
42  4.263000e+000
43  1.314000e+000
44  4.572000e-001
45  2.097000e-001
46  1.835000e-001
47  1.180000e+000
48  6.115000e+000
49  5.698000e+000
50  4.346000e+000
51  6.414000e+000
52  3.312000e+001
53  1.933000e+001
54  2.259000e+000
55  9.577000e-001
56  6.713000e-001
57  3.293000e-001
58  1.718000e-001
59  3.039000e+000
60  2.570000e+000
61  6.661000e+000
62  1.017000e+001
63  1.129000e+001
64  2.080000e+001
65  3.392000e+000
66  1.323000e+000
67  3.932000e-001
68  3.015000e-001
69  2.243000e-001
70  1.063000e-001
71  5.739000e-002
72  1.517000e-001
73  1.572000e+000
74  6.159000e+000
75  1.416000e+001
76  1.477000e+001
77  5.199000e+000
78  1.131000e+000
79  3.169000e-001
80  1.203000e-001
81  7.649000e-002
82  1.282000e-001
83  1.540000e+000
84  1.377000e+000
85  1.507000e+000
86  1.967000e+000
87  5.377000e+000
88  2.112000e+001
89  6.997000e+000
90  1.221000e+000
91  3.222000e-001
92  1.164000e-001
93  7.278000e-002
94  8.170000e-001
95  2.337000e+000
96  2.197000e+000
97  1.713000e+000
98  2.944000e+000
99  2.143000e+001
100  2.109000e+001
101  1.065000e+001
102  1.889000e+000
103  4.984000e-001
104  3.082000e-001
105  1.705000e-001
106  1.774000e-001
107  1.652000e+000
108  6.375000e+000
   99 
1  5.796000e+000
2  5.750000e+000
3  1.853000e+001
4  4.162000e+001
5  3.317000e+001
6  7.465000e+000
7  3.266000e+000
8  1.402000e+000
9  7.733000e-001
10  5.356000e-001
11  8.427000e+000
12  7.408000e+000
13  1.376000e+001
14  9.462000e+000
15  2.105000e+001
16  3.600000e+001
17  1.986000e+001
18  6.935000e+000
19  3.112000e+000
20  1.259000e+000
21  6.920000e-001
22  4.287000e-001
23  7.726000e+000
24  1.010000e+001
25  8.807000e+000
26  1.319000e+001
27  1.765000e+001
28  3.097000e+001
29  1.200000e+001
30  5.301000e+000
31  2.365000e+000
32  9.890000e-001
33  5.767000e-001
34  3.436000e-001
35  3.720000e-001
36  6.722000e-001
38  2.966000e+000
39  9.498000e+000
40  3.459000e+001
41  2.527000e+001
42  7.423000e+000
43  3.235000e+000
44  1.314000e+000
45  6.972000e-001
46  3.907000e-001
47  3.628000e-001
48  2.729000e+000
49  5.738000e+000
50  4.018000e+000
51  6.349000e+000
52  2.551000e+001
53  2.504000e+001
54  5.447000e+000
55  2.348000e+000
56  1.069000e+000
57  6.932000e-001
58  4.016000e-001
59  1.117000e+000
60  2.602000e+000
61  4.137000e+000
62  7.959000e+000
63  1.086000e+001
64  2.161000e+001
65  5.922000e+000
66  2.984000e+000
67  1.210000e+000
68  6.617000e-001
69  3.873000e-001
70  2.359000e-001
71  1.384000e-001
72  1.089000e-001
73  3.290000e-001
74  3.336000e+000
75  1.008000e+001
76  1.661000e+001
77  7.294000e+000
78  3.029000e+000
79  1.195000e+000
80  6.011000e-001
81  2.863000e-001
82  1.508000e-001
83  2.808000e-001
84  1.083000e+000
85  1.504000e+000
86  1.604000e+000
87  2.874000e+000
88  1.799000e+001
89  9.954000e+000
90  3.479000e+000
91  1.342000e+000
92  6.303000e-001
93  2.962000e-001
94  1.820000e-001
95  1.192000e+000
96  2.073000e+000
97  2.129000e+000
98  1.445000e+000
99  1.601000e+001
100  2.219000e+001
101  1.284000e+001
102  4.297000e+000
103  1.786000e+000
104  8.342000e-001
105  4.745000e-001
106  2.616000e-001
107  4.344000e-001
108  3.654000e+000
   100 
1  3.153000e+000
2  5.005000e+000
3  1.908000e+001
4  4.368000e+001
5  2.348000e+001
6  9.644000e+000
7  4.988000e+000
8  2.378000e+000
9  1.649000e+000
10  1.716000e+000
11  1.683000e+001
12  4.492000e+000
13  1.283000e+001
14  7.357000e+000
15  1.938000e+001
16  3.884000e+001
17  1.286000e+001
18  1.067000e+001
19  3.690000e+000
20  2.006000e+000
21  1.132000e+000
22  2.001000e+000
23  1.514000e+001
24  7.135000e+000
25  9.187000e+000
26  1.120000e+001
27  1.427000e+001
28  2.957000e+001
29  1.257000e+001
30  5.528000e+000
31  3.051000e+000
32  1.631000e+000
33  9.749000e-001
34  6.070000e-001
35  2.565000e+000
36  2.873000e-001
38  3.278000e+000
39  9.445000e+000
40  3.570000e+001
41  1.901000e+001
42  8.472000e+000
43  4.025000e+000
44  2.080000e+000
45  1.158000e+000
46  9.611000e-001
47  2.179000e+000
48  6.784000e+000
49  5.305000e+000
50  5.640000e+000
51  5.026000e+000
52  2.640000e+001
53  1.693000e+001
54  6.405000e+000
55  4.193000e+000
56  2.133000e+000
57  1.036000e+000
58  7.860000e-001
59  4.547000e+000
60  2.055000e+000
61  9.276000e+000
62  9.275000e+000
63  9.666000e+000
64  1.657000e+001
65  5.483000e+000
66  2.511000e+000
67  1.606000e+000
68  8.944000e-001
69  4.529000e-001
70  2.444000e-001
71  1.894000e-001
72  4.938000e-001
73  2.560000e+000
74  7.113000e+000
75  1.255000e+001
76  1.070000e+001
77  6.285000e+000
78  2.560000e+000
79  1.352000e+000
80  7.590000e-001
81  4.176000e-001
82  8.609000e-001
83  2.243000e+000
84  1.161000e+000
85  1.545000e+000
86  2.273000e+000
87  5.051000e+000
88  1.715000e+001
89  7.513000e+000
90  2.512000e+000
91  1.318000e+000
92  7.344000e-001
93  4.082000e-001
94  2.355000e+000
95  2.114000e+000
96  2.030000e+000
97  9.102000e-001
98  4.767000e+000
99  1.709000e+001
100  1.902000e+001
101  1.158000e+001
102  3.816000e+000
103  2.248000e+000
104  1.168000e+000
105  6.336000e-001
106  6.565000e-001
107  3.506000e+000
108  5.736000e+000
   101 
1  4.745000e+000
2  6.318000e+000
3  1.460000e+001
4  3.361000e+001
5  2.890000e+001
6  1.515000e+001
7  8.169000e+000
8  3.934000e+000
9  2.007000e+000
10  9.776000e-001
11  1.060000e+001
12  4.776000e+000
13  1.107000e+001
14  8.282000e+000
15  1.480000e+001
16  3.110000e+001
17  2.091000e+001
18  1.426000e+001
19  6.755000e+000
20  3.325000e+000
21  1.494000e+000
22  1.272000e+000
23  8.960000e+000
24  7.210000e+000
25  9.880000e+000
26  9.701000e+000
27  1.110000e+001
28  2.518000e+001
29  1.675000e+001
30  1.016000e+001
31  5.583000e+000
32  2.695000e+000
33  1.241000e+000
34  6.497000e-001
35  1.333000e+000
36  3.105000e-001
38  2.823000e+000
39  5.543000e+000
40  2.565000e+001
41  2.233000e+001
42  1.398000e+001
43  7.537000e+000
44  3.716000e+000
45  1.662000e+000
46  9.156000e-001
47  1.261000e+000
48  3.575000e+000
49  4.652000e+000
50  5.104000e+000
51  4.474000e+000
52  1.638000e+001
53  2.076000e+001
54  1.166000e+001
55  6.608000e+000
56  3.231000e+000
57  1.348000e+000
58  7.421000e-001
59  2.550000e+000
60  1.804000e+000
61  6.527000e+000
62  8.559000e+000
63  6.012000e+000
64  1.439000e+001
65  9.119000e+000
66  5.477000e+000
67  2.950000e+000
68  1.315000e+000
69  6.356000e-001
70  2.988000e-001
71  1.812000e-001
72  2.516000e-001
73  1.271000e+000
74  4.676000e+000
75  8.132000e+000
76  9.635000e+000
77  8.879000e+000
78  5.276000e+000
79  2.756000e+000
80  1.233000e+000
81  5.679000e-001
82  4.142000e-001
83  1.182000e+000
84  1.057000e+000
85  1.387000e+000
86  2.114000e+000
87  2.510000e+000
88  1.297000e+001
89  9.293000e+000
90  5.400000e+000
91  2.893000e+000
92  1.282000e+000
93  6.009000e-001
94  1.036000e+000
95  1.613000e+000
96  1.710000e+000
97  1.456000e+000
98  3.033000e+000
99  1.073000e+001
100  1.630000e+001
101  1.373000e+001
102  8.262000e+000
103  4.540000e+000
104  2.118000e+000
105  9.342000e-001
106  6.117000e-001
107  1.642000e+000
108  3.827000e+000
   102 
1  4.573000e+000
2  5.653000e+000
3  1.737000e+001
4  3.978000e+001
5  2.434000e+001
6  1.171000e+001
7  6.292000e+000
8  3.425000e+000
9  2.149000e+000
10  1.759000e+000
11  1.341000e+001
12  4.704000e+000
13  1.263000e+001
14  8.141000e+000
15  1.726000e+001
16  3.471000e+001
17  1.618000e+001
18  1.174000e+001
19  5.425000e+000
20  3.020000e+000
21  1.707000e+000
22  1.784000e+000
23  1.256000e+001
24  7.118000e+000
25  9.549000e+000
26  1.059000e+001
27  1.293000e+001
28  2.687000e+001
29  1.410000e+001
30  7.864000e+000
31  4.391000e+000
32  2.424000e+000
33  1.417000e+000
34  8.623000e-001
35  1.651000e+000
36  3.463000e-001
38  2.609000e+000
39  7.721000e+000
40  3.096000e+001
41  1.998000e+001
42  1.078000e+001
43  5.746000e+000
44  3.135000e+000
45  1.762000e+000
46  1.297000e+000
47  1.566000e+000
48  5.560000e+000
49  4.836000e+000
50  5.789000e+000
51  4.372000e+000
52  2.311000e+001
53  1.755000e+001
54  8.490000e+000
55  5.039000e+000
56  2.687000e+000
57  1.448000e+000
58  1.046000e+000
59  3.615000e+000
60  2.203000e+000
61  8.847000e+000
62  7.175000e+000
63  8.319000e+000
64  1.579000e+001
65  7.068000e+000
66  3.806000e+000
67  2.238000e+000
68  1.246000e+000
69  6.701000e-001
70  3.912000e-001
71  2.845000e-001
72  4.762000e-001
73  1.821000e+000
74  6.203000e+000
75  1.045000e+001
76  1.011000e+001
77  7.276000e+000
78  3.640000e+000
79  1.994000e+000
80  1.102000e+000
81  6.224000e-001
82  7.720000e-001
83  1.575000e+000
84  1.082000e+000
85  1.661000e+000
86  2.064000e+000
87  3.965000e+000
88  1.509000e+001
89  8.223000e+000
90  3.709000e+000
91  2.026000e+000
92  1.105000e+000
93  6.435000e-001
94  1.637000e+000
95  2.106000e+000
96  1.783000e+000
97  1.128000e+000
98  4.093000e+000
99  1.376000e+001
100  1.745000e+001
101  1.230000e+001
102  5.984000e+000
103  3.424000e+000
104  1.815000e+000
105  1.039000e+000
106  8.124000e-001
107  2.953000e+000
108  5.056000e+000
   103 
1  4.831000e+000
2  5.863000e+000
3  1.636000e+001
4  3.719000e+001
5  2.504000e+001
6  1.225000e+001
7  6.960000e+000
8  4.174000e+000
9  2.911000e+000
10  2.105000e+000
11  1.260000e+001
12  4.830000e+000
13  1.204000e+001
14  8.069000e+000
15  1.625000e+001
16  3.257000e+001
17  1.736000e+001
18  1.224000e+001
19  6.110000e+000
20  3.823000e+000
21  2.446000e+000
22  2.079000e+000
23  1.131000e+001
24  7.393000e+000
25  9.390000e+000
26  1.024000e+001
27  1.231000e+001
28  2.577000e+001
29  1.430000e+001
30  8.412000e+000
31  5.011000e+000
32  3.202000e+000
33  2.081000e+000
34  1.357000e+000
35  1.771000e+000
36  6.697000e-001
38  2.680000e+000
39  6.571000e+000
40  2.877000e+001
41  1.971000e+001
42  1.134000e+001
43  6.323000e+000
44  3.873000e+000
45  2.485000e+000
46  1.739000e+000
47  1.813000e+000
48  4.784000e+000
49  4.846000e+000
50  5.386000e+000
51  4.501000e+000
52  2.012000e+001
53  1.851000e+001
54  8.848000e+000
55  5.557000e+000
56  3.421000e+000
57  2.112000e+000
58  1.445000e+000
59  3.207000e+000
60  2.262000e+000
61  7.498000e+000
62  7.843000e+000
63  7.772000e+000
64  1.517000e+001
65  7.245000e+000
66  4.247000e+000
67  2.861000e+000
68  1.813000e+000
69  1.095000e+000
70  6.406000e-001
71  4.450000e-001
72  4.073000e-001
73  1.483000e+000
74  5.113000e+000
75  9.410000e+000
76  1.012000e+001
77  7.242000e+000
78  3.967000e+000
79  2.583000e+000
80  1.662000e+000
81  9.997000e-001
82  7.503000e-001
83  1.412000e+000
84  1.261000e+000
85  1.464000e+000
86  2.075000e+000
87  3.227000e+000
88  1.415000e+001
89  8.171000e+000
90  3.962000e+000
91  2.569000e+000
92  1.660000e+000
93  1.006000e+000
94  1.286000e+000
95  2.020000e+000
96  1.741000e+000
97  1.536000e+000
98  3.229000e+000
99  1.246000e+001
100  1.665000e+001
101  1.236000e+001
102  6.383000e+000
103  4.001000e+000
104  2.547000e+000
105  1.611000e+000
106  1.114000e+000
107  2.288000e+000
108  4.756000e+000
   104 
1  4.245000e+000
2  5.492000e+000
3  1.830000e+001
4  4.300000e+001
5  2.706000e+001
6  9.734000e+000
7  4.367000e+000
8  1.828000e+000
9  1.130000e+000
10  1.180000e+000
11  1.458000e+001
12  4.957000e+000
13  1.363000e+001
14  8.247000e+000
15  1.874000e+001
16  3.824000e+001
17  1.606000e+001
18  1.013000e+001
19  3.346000e+000
20  1.558000e+000
21  7.554000e-001
22  1.332000e+000
23  1.302000e+001
24  8.021000e+000
25  9.770000e+000
26  1.147000e+001
27  1.441000e+001
28  2.979000e+001
29  1.367000e+001
30  5.971000e+000
31  2.718000e+000
32  1.251000e+000
33  6.478000e-001
34  3.878000e-001
35  1.662000e+000
36  1.795000e-001
38  3.134000e+000
39  9.043000e+000
40  3.499000e+001
41  2.157000e+001
42  9.283000e+000
43  3.803000e+000
44  1.699000e+000
45  8.052000e-001
46  6.734000e-001
47  1.484000e+000
48  5.973000e+000
49  5.257000e+000
50  5.775000e+000
51  4.804000e+000
52  2.521000e+001
53  2.026000e+001
54  6.973000e+000
55  3.542000e+000
56  1.561000e+000
57  6.660000e-001
58  5.416000e-001
59  3.941000e+000
60  2.199000e+000
61  8.897000e+000
62  8.228000e+000
63  8.950000e+000
64  1.803000e+001
65  6.452000e+000
66  2.743000e+000
67  1.419000e+000
68  6.632000e-001
69  2.958000e-001
70  1.604000e-001
71  1.410000e-001
72  4.192000e-001
73  2.144000e+000
74  6.760000e+000
75  1.167000e+001
76  1.148000e+001
77  7.308000e+000
78  2.732000e+000
79  1.237000e+000
80  5.516000e-001
81  2.737000e-001
82  6.329000e-001
83  1.671000e+000
84  1.080000e+000
85  1.708000e+000
86  2.183000e+000
87  4.560000e+000
88  1.722000e+001
89  8.323000e+000
90  2.814000e+000
91  1.278000e+000
92  5.577000e-001
93  2.855000e-001
94  1.691000e+000
95  2.142000e+000
96  1.905000e+000
97  1.081000e+000
98  4.383000e+000
99  1.611000e+001
100  1.960000e+001
101  1.246000e+001
102  4.503000e+000
103  2.172000e+000
104  9.319000e-001
105  4.466000e-001
106  4.553000e-001
107  3.113000e+000
108  4.872000e+000
   105 
1  5.440000e+000
2  6.064000e+000
3  1.673000e+001
4  3.928000e+001
5  2.713000e+001
6  1.265000e+001
7  6.558000e+000
8  3.325000e+000
9  1.920000e+000
10  1.549000e+000
11  1.300000e+001
12  6.088000e+000
13  1.353000e+001
14  8.935000e+000
15  1.717000e+001
16  3.478000e+001
17  1.822000e+001
18  1.256000e+001
19  5.637000e+000
20  2.935000e+000
21  1.583000e+000
22  1.497000e+000
23  1.190000e+001
24  8.211000e+000
25  1.019000e+001
26  1.131000e+001
27  1.336000e+001
28  2.738000e+001
29  1.553000e+001
30  8.615000e+000
31  4.451000e+000
32  2.313000e+000
33  1.264000e+000
34  7.211000e-001
35  1.262000e+000
36  3.615000e-001
38  2.952000e+000
39  7.885000e+000
40  3.092000e+001
41  2.212000e+001
42  1.212000e+001
43  6.092000e+000
44  3.109000e+000
45  1.668000e+000
46  1.072000e+000
47  1.564000e+000
48  5.218000e+000
49  5.180000e+000
50  6.259000e+000
51  5.017000e+000
52  2.288000e+001
53  1.966000e+001
54  9.304000e+000
55  5.104000e+000
56  2.547000e+000
57  1.321000e+000
58  8.278000e-001
59  4.017000e+000
60  2.347000e+000
61  8.495000e+000
62  6.939000e+000
63  8.817000e+000
64  1.743000e+001
65  8.204000e+000
66  4.305000e+000
67  2.350000e+000
68  1.223000e+000
69  6.240000e-001
70  3.521000e-001
71  2.371000e-001
72  4.951000e-001
73  1.996000e+000
74  6.150000e+000
75  1.023000e+001
76  1.085000e+001
77  8.268000e+000
78  3.974000e+000
79  2.055000e+000
80  1.054000e+000
81  5.612000e-001
82  6.054000e-001
83  1.541000e+000
84  1.089000e+000
85  1.683000e+000
86  2.015000e+000
87  3.804000e+000
88  1.539000e+001
89  9.250000e+000
90  4.129000e+000
91  2.133000e+000
92  1.081000e+000
93  5.965000e-001
94  1.341000e+000
95  2.083000e+000
96  1.789000e+000
97  1.258000e+000
98  3.774000e+000
99  1.375000e+001
100  1.841000e+001
101  1.367000e+001
102  6.708000e+000
103  3.561000e+000
104  1.795000e+000
105  9.574000e-001
106  6.648000e-001
107  2.885000e+000
108  4.825000e+000
   106 
1  6.368000e+000
2  6.290000e+000
3  1.204000e+001
4  2.423000e+001
5  2.666000e+001
6  1.986000e+001
7  1.104000e+001
8  6.696000e+000
9  4.603000e+000
10  3.463000e+000
11  6.558000e+000
12  6.800000e+000
13  9.765000e+000
14  8.548000e+000
15  1.209000e+001
16  2.169000e+001
17  2.461000e+001
18  1.628000e+001
19  9.146000e+000
20  6.093000e+000
21  4.177000e+000
22  3.139000e+000
23  5.149000e+000
24  8.010000e+000
25  8.441000e+000
26  1.026000e+001
27  1.046000e+001
28  1.964000e+001
29  1.737000e+001
30  1.201000e+001
31  7.374000e+000
32  5.139000e+000
33  3.712000e+000
34  2.636000e+000
35  1.965000e+000
36  1.597000e+000
38  2.168000e+000
39  3.980000e+000
40  1.581000e+001
41  2.027000e+001
42  1.674000e+001
43  9.307000e+000
44  6.169000e+000
45  4.223000e+000
46  3.104000e+000
47  2.223000e+000
48  2.110000e+000
49  3.865000e+000
50  4.593000e+000
51  5.302000e+000
52  9.990000e+000
53  1.909000e+001
54  1.327000e+001
55  7.897000e+000
56  5.509000e+000
57  3.858000e+000
58  2.742000e+000
59  2.146000e+000
60  2.504000e+000
61  3.357000e+000
62  6.850000e+000
63  6.734000e+000
64  1.335000e+001
65  9.019000e+000
66  6.399000e+000
67  4.436000e+000
68  3.286000e+000
69  2.191000e+000
70  1.379000e+000
71  9.773000e-001
72  7.445000e-001
73  5.973000e-001
74  1.302000e+000
75  4.467000e+000
76  9.401000e+000
77  8.269000e+000
78  6.094000e+000
79  4.320000e+000
80  3.185000e+000
81  2.105000e+000
82  1.341000e+000
83  1.093000e+000
84  1.244000e+000
85  1.293000e+000
86  1.482000e+000
87  1.806000e+000
88  7.169000e+000
89  9.725000e+000
90  6.126000e+000
91  4.392000e+000
92  3.218000e+000
93  2.112000e+000
94  1.392000e+000
95  1.472000e+000
96  1.718000e+000
97  1.776000e+000
98  1.706000e+000
99  5.776000e+000
100  1.302000e+001
101  1.450000e+001
102  8.862000e+000
103  6.177000e+000
104  4.233000e+000
105  3.090000e+000
106  2.040000e+000
107  1.436000e+000
108  2.306000e+000
   107 
1  3.416000e+000
2  5.941000e+000
3  2.154000e+001
4  5.278000e+001
5  2.580000e+001
6  2.691000e+000
7  1.882000e+000
8  3.793000e-001
9  4.619000e-001
10  5.049000e-001
11  1.681000e+001
12  7.613000e+000
13  1.602000e+001
14  9.061000e+000
15  2.214000e+001
16  4.509000e+001
17  1.119000e+001
18  6.526000e+000
19  6.053000e-001
20  3.357000e-001
21  2.441000e-001
22  1.005000e+000
23  1.411000e+001
24  1.130000e+001
25  9.824000e+000
26  1.483000e+001
27  1.742000e+001
28  3.534000e+001
29  9.617000e+000
30  2.151000e+000
31  4.371000e-001
32  2.828000e-001
33  2.406000e-001
34  2.150000e-001
35  1.485000e+000
36  2.946000e-001
38  3.860000e+000
39  1.289000e+001
40  4.499000e+001
41  2.030000e+001
42  4.121000e+000
43  8.850000e-001
44  3.252000e-001
45  2.266000e-001
46  2.828000e-001
47  2.150000e+000
48  6.639000e+000
49  6.049000e+000
50  4.635000e+000
51  8.078000e+000
52  3.438000e+001
53  2.024000e+001
54  1.367000e+000
55  8.968000e-001
56  5.589000e-001
57  2.085000e-001
58  2.356000e-001
59  5.513000e+000
60  2.544000e+000
61  6.470000e+000
62  1.027000e+001
63  1.216000e+001
64  2.443000e+001
65  2.867000e+000
66  8.656000e-001
67  3.292000e-001
68  2.809000e-001
69  1.827000e-001
70  8.783000e-002
71  8.826000e-002
72  2.914000e-001
73  2.999000e+000
74  7.424000e+000
75  1.336000e+001
76  1.673000e+001
77  5.312000e+000
78  5.308000e-001
79  1.883000e-001
80  1.287000e-001
81  9.378000e-002
82  2.867000e-001
83  1.961000e+000
84  1.689000e+000
85  1.805000e+000
86  1.878000e+000
87  5.737000e+000
88  2.321000e+001
89  6.876000e+000
90  5.257000e-001
91  1.814000e-001
92  1.236000e-001
93  9.031000e-002
94  1.394000e+000
95  2.730000e+000
96  2.593000e+000
97  1.089000e+000
98  3.641000e+000
99  2.232000e+001
100  2.372000e+001
101  1.140000e+001
102  9.736000e-001
103  3.196000e-001
104  3.087000e-001
105  1.450000e-001
106  2.661000e-001
107  3.756000e+000
108  5.620000e+000
   108 
1  2.891000e+000
2  4.526000e+000
3  1.872000e+001
4  4.453000e+001
5  2.385000e+001
6  8.796000e+000
7  4.482000e+000
8  2.056000e+000
9  1.478000e+000
10  1.987000e+000
11  1.673000e+001
12  4.082000e+000
13  1.262000e+001
14  6.951000e+000
15  1.943000e+001
16  3.960000e+001
17  1.231000e+001
18  9.976000e+000
19  3.170000e+000
20  1.724000e+000
21  9.469000e-001
22  2.049000e+000
23  1.547000e+001
24  6.850000e+000
25  8.961000e+000
26  1.104000e+001
27  1.462000e+001
28  2.970000e+001
29  1.227000e+001
30  4.799000e+000
31  2.600000e+000
32  1.397000e+000
33  8.080000e-001
34  5.132000e-001
35  2.688000e+000
36  2.307000e-001
38  3.195000e+000
39  9.798000e+000
40  3.577000e+001
41  1.908000e+001
42  7.587000e+000
43  3.420000e+000
44  1.758000e+000
45  9.572000e-001
46  9.504000e-001
47  2.037000e+000
48  7.162000e+000
49  5.237000e+000
50  5.659000e+000
51  4.480000e+000
52  2.678000e+001
53  1.694000e+001
54  5.684000e+000
55  3.764000e+000
56  1.811000e+000
57  8.618000e-001
58  7.337000e-001
59  4.280000e+000
60  1.974000e+000
61  9.555000e+000
62  8.751000e+000
63  9.942000e+000
64  1.636000e+001
65  4.969000e+000
66  2.082000e+000
67  1.385000e+000
68  7.487000e-001
69  3.415000e-001
70  1.933000e-001
71  1.735000e-001
72  6.484000e-001
73  2.282000e+000
74  7.376000e+000
75  1.310000e+001
76  1.031000e+001
77  5.933000e+000
78  2.155000e+000
79  1.142000e+000
80  6.041000e-001
81  3.307000e-001
82  1.053000e+000
83  2.270000e+000
84  1.038000e+000
85  1.556000e+000
86  2.233000e+000
87  5.577000e+000
88  1.728000e+001
89  7.029000e+000
90  2.119000e+000
91  1.110000e+000
92  5.813000e-001
93  3.444000e-001
94  2.621000e+000
95  2.131000e+000
96  1.990000e+000
97  6.835000e-001
98  5.045000e+000
99  1.760000e+001
100  1.886000e+001
101  1.109000e+001
102  3.157000e+000
103  1.925000e+000
104  9.135000e-001
105  4.983000e-001
106  6.371000e-001
107  3.656000e+000
108  5.621000e+000
   109 
1  3.051000e+000
2  5.348000e+000
3  2.231000e+001
4  5.194000e+001
5  2.527000e+001
6  2.584000e+000
7  1.452000e+000
8  3.671000e-001
9  4.020000e-001
10  5.352000e-001
11  1.528000e+001
12  5.691000e+000
13  1.521000e+001
14  8.993000e+000
15  2.411000e+001
16  4.336000e+001
17  1.053000e+001
18  5.301000e+000
19  6.142000e-001
20  3.120000e-001
21  2.214000e-001
22  7.543000e-001
23  1.356000e+001
24  9.385000e+000
25  9.515000e+000
26  1.409000e+001
27  1.919000e+001
28  3.384000e+001
29  8.147000e+000
30  1.988000e+000
31  4.272000e-001
32  2.606000e-001
33  2.200000e-001
34  1.832000e-001
35  1.387000e+000
36  2.624000e-001
38  3.375000e+000
39  1.245000e+001
40  4.613000e+001
41  1.756000e+001
42  3.357000e+000
43  8.073000e-001
44  3.059000e-001
45  2.028000e-001
46  2.362000e-001
47  1.371000e+000
48  6.517000e+000
49  5.430000e+000
50  4.196000e+000
51  6.718000e+000
52  3.417000e+001
53  1.974000e+001
54  1.299000e+000
55  7.287000e-001
56  4.920000e-001
57  1.995000e-001
58  1.997000e-001
59  4.119000e+000
60  2.470000e+000
61  6.808000e+000
62  9.820000e+000
63  1.135000e+001
64  2.249000e+001
65  2.543000e+000
66  7.858000e-001
67  2.818000e-001
68  2.455000e-001
69  1.652000e-001
70  7.429000e-002
71  6.963000e-002
72  2.051000e-001
73  1.991000e+000
74  7.118000e+000
75  1.398000e+001
76  1.532000e+001
77  4.701000e+000
78  5.187000e-001
79  1.783000e-001
80  1.152000e-001
81  8.192000e-002
82  2.560000e-001
83  1.477000e+000
84  1.401000e+000
85  1.758000e+000
86  1.923000e+000
87  5.788000e+000
88  2.233000e+001
89  6.044000e+000
90  5.843000e-001
91  1.752000e-001
92  1.105000e-001
93  7.858000e-002
94  1.098000e+000
95  2.496000e+000
96  2.463000e+000
97  1.076000e+000
98  3.683000e+000
99  2.191000e+001
100  2.215000e+001
101  1.018000e+001
102  1.008000e+000
103  2.962000e-001
104  2.755000e-001
105  1.293000e-001
106  2.222000e-001
107  2.800000e+000
108  5.626000e+000
   110 
1  2.085000e+000
2  4.841000e+000
3  2.803000e+001
4  5.562000e+001
5  1.687000e+001
6  1.970000e+000
7  6.959000e-001
8  3.298000e-001
9  4.881000e-001
10  8.392000e-001
11  1.733000e+001
12  4.221000e+000
13  1.588000e+001
14  8.981000e+000
15  2.888000e+001
16  4.403000e+001
17  4.168000e+000
18  4.545000e+000
19  4.370000e-001
20  3.099000e-001
21  2.271000e-001
22  1.012000e+000
23  1.694000e+001
24  7.174000e+000
25  9.303000e+000
26  1.416000e+001
27  2.222000e+001
28  3.146000e+001
29  7.487000e+000
30  5.757000e-001
31  3.709000e-001
32  2.577000e-001
33  2.363000e-001
34  1.884000e-001
35  1.193000e+000
36  1.196000e-001
38  3.063000e+000
39  1.509000e+001
40  4.876000e+001
41  1.340000e+001
42  1.934000e+000
43  4.723000e-001
44  2.837000e-001
45  2.069000e-001
46  4.816000e-001
47  1.356000e+000
48  7.983000e+000
49  4.324000e+000
50  4.730000e+000
51  8.259000e+000
52  4.090000e+001
53  1.118000e+001
54  5.943000e-001
55  7.031000e-001
56  3.449000e-001
57  1.744000e-001
58  3.534000e-001
59  4.533000e+000
60  2.483000e+000
61  7.340000e+000
62  7.431000e+000
63  1.618000e+001
64  1.928000e+001
65  1.996000e+000
66  2.635000e-001
67  3.375000e-001
68  2.253000e-001
69  1.036000e-001
70  6.943000e-002
71  1.215000e-001
72  4.745000e-001
73  2.137000e+000
74  7.662000e+000
75  1.732000e+001
76  1.302000e+001
77  2.742000e+000
78  2.306000e-001
79  1.583000e-001
80  1.121000e-001
81  8.141000e-002
82  4.685000e-001
83  2.062000e+000
84  1.069000e+000
85  1.680000e+000
86  2.195000e+000
87  7.559000e+000
88  2.116000e+001
89  5.045000e+000
90  2.395000e-001
91  1.546000e-001
92  1.085000e-001
93  1.159000e-001
94  1.787000e+000
95  2.778000e+000
96  2.468000e+000
97  1.759000e-001
98  4.972000e+000
99  2.412000e+001
100  2.034000e+001
101  9.021000e+000
102  3.663000e-001
103  3.525000e-001
104  1.814000e-001
105  1.301000e-001
106  3.346000e-001
107  3.857000e+000
108  6.897000e+000
   111 
1  6.135000e+000
2  5.275000e+000
3  1.436000e+001
4  2.846000e+001
5  3.028000e+001
6  1.567000e+001
7  8.843000e+000
8  4.591000e+000
9  3.127000e+000
10  2.225000e+000
11  1.290000e+001
12  9.298000e+000
13  1.153000e+001
14  7.839000e+000
15  1.369000e+001
16  2.511000e+001
17  2.583000e+001
18  1.463000e+001
19  6.430000e+000
20  3.963000e+000
21  2.588000e+000
22  2.228000e+000
23  1.062000e+001
24  1.092000e+001
25  8.472000e+000
26  1.141000e+001
27  1.080000e+001
28  2.443000e+001
29  1.727000e+001
30  9.194000e+000
31  5.133000e+000
32  3.451000e+000
33  2.216000e+000
34  1.433000e+000
35  2.372000e+000
36  1.719000e+000
38  4.457000e+000
39  6.963000e+000
40  2.077000e+001
41  2.625000e+001
42  1.324000e+001
43  6.701000e+000
44  4.065000e+000
45  2.617000e+000
46  1.752000e+000
47  2.313000e+000
48  4.567000e+000
49  6.912000e+000
50  5.265000e+000
51  6.188000e+000
52  1.365000e+001
53  2.305000e+001
54  9.988000e+000
55  6.050000e+000
56  4.119000e+000
57  2.505000e+000
58  1.520000e+000
59  3.409000e+000
60  3.456000e+000
61  4.903000e+000
62  1.118000e+001
63  8.693000e+000
64  1.688000e+001
65  7.570000e+000
66  4.524000e+000
67  2.816000e+000
68  1.912000e+000
69  1.236000e+000
70  8.122000e-001
71  5.164000e-001
72  4.290000e-001
73  1.628000e+000
74  4.488000e+000
75  8.410000e+000
76  1.280000e+001
77  8.272000e+000
78  4.409000e+000
79  2.687000e+000
80  1.599000e+000
81  1.048000e+000
82  7.771000e-001
83  1.798000e+000
84  2.140000e+000
85  1.558000e+000
86  1.848000e+000
87  2.730000e+000
88  1.315000e+001
89  1.086000e+001
90  4.543000e+000
91  2.638000e+000
92  1.530000e+000
93  1.004000e+000
94  1.168000e+000
95  2.843000e+000
96  2.355000e+000
97  1.851000e+000
98  1.899000e+000
99  1.208000e+001
100  1.859000e+001
101  1.454000e+001
102  6.617000e+000
103  3.813000e+000
104  2.621000e+000
105  1.537000e+000
106  1.110000e+000
107  1.504000e+000
108  4.785000e+000
   112 
1  7.125000e+000
2  6.280000e+000
3  1.476000e+001
4  3.196000e+001
5  3.114000e+001
6  2.056000e+001
7  5.809000e+000
8  2.515000e+000
9  1.141000e+000
10  7.335000e-001
11  5.309000e+000
12  7.655000e+000
13  1.249000e+001
14  9.811000e+000
15  1.627000e+001
16  2.757000e+001
17  2.908000e+001
18  1.153000e+001
19  4.730000e+000
20  2.120000e+000
21  1.032000e+000
22  6.166000e-001
23  4.212000e+000
24  1.006000e+001
25  9.032000e+000
26  1.213000e+001
27  1.404000e+001
28  2.689000e+001
29  1.870000e+001
30  7.807000e+000
31  3.768000e+000
32  1.635000e+000
33  8.942000e-001
34  5.153000e-001
35  3.778000e-001
36  5.805000e-001
38  2.455000e+000
39  6.440000e+000
40  2.363000e+001
41  3.021000e+001
42  1.375000e+001
43  5.170000e+000
44  2.313000e+000
45  1.070000e+000
46  6.128000e-001
47  4.055000e-001
48  1.222000e+000
49  5.104000e+000
50  4.667000e+000
51  5.528000e+000
52  1.794000e+001
53  2.624000e+001
54  1.087000e+001
55  4.199000e+000
56  1.898000e+000
57  1.007000e+000
58  5.869000e-001
59  6.094000e-001
60  2.146000e+000
61  3.572000e+000
62  6.481000e+000
63  8.027000e+000
64  1.986000e+001
65  1.012000e+001
66  4.539000e+000
67  2.122000e+000
68  1.034000e+000
69  6.091000e-001
70  3.380000e-001
71  1.830000e-001
72  1.206000e-001
73  2.029000e-001
74  1.616000e+000
75  6.699000e+000
76  1.530000e+001
77  1.004000e+001
78  4.756000e+000
79  2.195000e+000
80  1.008000e+000
81  5.367000e-001
82  2.552000e-001
83  2.319000e-001
84  6.947000e-001
85  1.334000e+000
86  1.621000e+000
87  1.901000e+000
88  1.138000e+001
89  1.378000e+001
90  5.614000e+000
91  2.551000e+000
92  1.070000e+000
93  5.584000e-001
94  2.784000e-001
95  6.716000e-001
96  1.766000e+000
97  2.114000e+000
98  1.619000e+000
99  9.309000e+000
100  2.099000e+001
101  1.647000e+001
102  6.869000e+000
103  3.192000e+000
104  1.345000e+000
105  7.668000e-001
106  4.041000e-001
107  2.798000e-001
108  2.126000e+000
   113 
1  4.357000e+000
2  5.123000e+000
3  2.221000e+001
4  5.279000e+001
5  2.311000e+001
6  3.940000e+000
7  2.128000e+000
8  6.860000e-001
9  3.678000e-001
10  4.388000e-001
11  1.451000e+001
12  5.881000e+000
13  1.435000e+001
14  8.788000e+000
15  2.516000e+001
16  4.351000e+001
17  9.661000e+000
18  5.935000e+000
19  1.329000e+000
20  4.664000e-001
21  2.401000e-001
22  4.991000e-001
23  1.339000e+001
24  8.817000e+000
25  9.070000e+000
26  1.345000e+001
27  2.001000e+001
28  3.280000e+001
29  8.394000e+000
30  3.347000e+000
31  8.510000e-001
32  3.488000e-001
33  2.191000e-001
34  1.811000e-001
35  1.257000e+000
36  6.697000e-001
38  3.460000e+000
39  1.148000e+001
40  4.686000e+001
41  1.605000e+001
42  4.718000e+000
43  1.424000e+000
44  5.073000e-001
45  2.337000e-001
46  1.856000e-001
47  1.057000e+000
48  5.825000e+000
49  5.778000e+000
50  4.383000e+000
51  6.536000e+000
52  3.427000e+001
53  1.876000e+001
54  2.605000e+000
55  9.741000e-001
56  7.098000e-001
57  3.393000e-001
58  1.792000e-001
59  3.199000e+000
60  2.613000e+000
61  6.776000e+000
62  9.754000e+000
63  1.150000e+001
64  2.121000e+001
65  3.610000e+000
66  1.457000e+000
67  4.530000e-001
68  3.114000e-001
69  2.266000e-001
70  1.082000e-001
71  6.121000e-002
72  1.462000e-001
73  1.541000e+000
74  6.242000e+000
75  1.417000e+001
76  1.458000e+001
77  5.640000e+000
78  1.318000e+000
79  3.790000e-001
80  1.388000e-001
81  8.600000e-002
82  1.114000e-001
83  1.368000e+000
84  1.382000e+000
85  1.583000e+000
86  1.981000e+000
87  4.929000e+000
88  2.150000e+001
89  7.140000e+000
90  1.470000e+000
91  3.949000e-001
92  1.362000e-001
93  8.220000e-002
94  6.838000e-001
95  2.294000e+000
96  2.239000e+000
97  1.786000e+000
98  2.728000e+000
99  2.149000e+001
100  2.125000e+001
101  1.098000e+001
102  2.226000e+000
103  5.980000e-001
104  3.214000e-001
105  1.865000e-001
106  1.678000e-001
107  1.747000e+000
108  6.329000e+000
   114 
1  4.373000e+000
2  5.572000e+000
3  2.058000e+001
4  4.634000e+001
5  3.110000e+001
6  3.600000e+000
7  1.506000e+000
8  5.697000e-001
9  4.226000e-001
10  3.865000e-001
11  1.300000e+001
12  7.059000e+000
13  1.504000e+001
14  9.102000e+000
15  2.237000e+001
16  3.849000e+001
17  1.689000e+001
18  5.545000e+000
19  1.102000e+000
20  4.563000e-001
21  3.075000e-001
22  5.059000e-001
23  1.136000e+001
24  1.067000e+001
25  9.168000e+000
26  1.410000e+001
27  1.745000e+001
28  3.302000e+001
29  1.026000e+001
30  3.247000e+000
31  7.028000e-001
32  3.702000e-001
33  2.854000e-001
34  2.286000e-001
35  8.715000e-001
36  4.447000e-001
38  3.104000e+000
39  1.151000e+001
40  4.023000e+001
41  2.286000e+001
42  4.643000e+000
43  1.322000e+000
44  4.681000e-001
45  2.853000e-001
46  2.441000e-001
47  1.105000e+000
48  5.259000e+000
49  5.755000e+000
50  3.384000e+000
51  7.413000e+000
52  2.829000e+001
53  2.519000e+001
54  2.213000e+000
55  7.768000e-001
56  5.843000e-001
57  2.993000e-001
58  2.150000e-001
59  3.456000e+000
60  2.694000e+000
61  4.573000e+000
62  9.251000e+000
63  1.100000e+001
64  2.419000e+001
65  3.464000e+000
66  1.241000e+000
67  3.813000e-001
68  3.021000e-001
69  2.149000e-001
70  1.128000e-001
71  8.705000e-002
72  1.723000e-001
73  1.417000e+000
74  6.093000e+000
75  1.132000e+001
76  1.760000e+001
77  5.846000e+000
78  9.326000e-001
79  2.837000e-001
80  1.628000e-001
81  1.166000e-001
82  1.313000e-001
83  9.873000e-001
84  1.689000e+000
85  1.722000e+000
86  1.505000e+000
87  4.626000e+000
88  2.187000e+001
89  7.534000e+000
90  1.101000e+000
91  2.929000e-001
92  1.601000e-001
93  1.142000e-001
94  5.035000e-001
95  2.447000e+000
96  2.357000e+000
97  1.672000e+000
98  2.034000e+000
99  1.983000e+001
100  2.314000e+001
101  1.152000e+001
102  1.862000e+000
103  4.766000e-001
104  3.327000e-001
105  1.910000e-001
106  2.138000e-001
107  1.694000e+000
108  5.241000e+000
   115 
1  4.617000e+000
2  5.141000e+000
3  1.761000e+001
4  4.047000e+001
5  3.425000e+001
6  7.654000e+000
7  3.666000e+000
8  9.313000e-001
9  5.013000e-001
10  5.285000e-001
11  1.393000e+001
12  6.526000e+000
13  1.319000e+001
14  8.089000e+000
15  1.867000e+001
16  3.627000e+001
17  2.186000e+001
18  8.346000e+000
19  1.938000e+000
20  6.695000e-001
21  3.378000e-001
22  7.563000e-001
23  1.198000e+001
24  9.440000e+000
25  9.221000e+000
26  1.200000e+001
27  1.440000e+001
28  3.169000e+001
29  1.459000e+001
30  4.613000e+000
31  1.526000e+000
32  5.874000e-001
33  3.139000e-001
34  2.096000e-001
35  1.676000e+000
36  6.576000e-001
38  3.892000e+000
39  8.956000e+000
40  3.222000e+001
41  2.790000e+001
42  8.024000e+000
43  2.406000e+000
44  7.483000e-001
45  3.454000e-001
46  2.418000e-001
47  1.371000e+000
48  5.228000e+000
49  6.236000e+000
50  4.636000e+000
51  5.534000e+000
52  2.161000e+001
53  2.765000e+001
54  5.394000e+000
55  2.303000e+000
56  9.722000e-001
57  4.030000e-001
58  2.065000e-001
59  3.152000e+000
60  2.470000e+000
61  6.328000e+000
62  1.097000e+001
63  8.421000e+000
64  2.080000e+001
65  5.704000e+000
66  2.273000e+000
67  7.292000e-001
68  4.775000e-001
69  2.785000e-001
70  1.153000e-001
71  6.594000e-002
72  1.834000e-001
73  1.778000e+000
74  5.905000e+000
75  1.064000e+001
76  1.489000e+001
77  7.730000e+000
78  2.237000e+000
79  7.044000e-001
80  2.854000e-001
81  1.284000e-001
82  1.660000e-001
83  1.675000e+000
84  1.424000e+000
85  1.471000e+000
86  2.031000e+000
87  4.010000e+000
88  1.860000e+001
89  9.410000e+000
90  2.374000e+000
91  7.302000e-001
92  2.869000e-001
93  1.293000e-001
94  8.760000e-001
95  2.302000e+000
96  2.053000e+000
97  1.747000e+000
98  2.795000e+000
99  1.649000e+001
100  2.222000e+001
101  1.321000e+001
102  3.466000e+000
103  1.072000e+000
104  5.874000e-001
105  2.264000e-001
106  2.253000e-001
107  1.678000e+000
108  5.058000e+000
   116 
1  5.166000e+000
2  5.403000e+000
3  1.926000e+001
4  4.388000e+001
5  3.089000e+001
6  7.247000e+000
7  2.183000e+000
8  9.298000e-001
9  5.173000e-001
10  4.634000e-001
11  1.056000e+001
12  7.472000e+000
13  1.416000e+001
14  9.338000e+000
15  1.947000e+001
16  3.668000e+001
17  2.035000e+001
18  6.511000e+000
19  1.981000e+000
20  7.856000e-001
21  4.542000e-001
22  4.074000e-001
23  9.558000e+000
24  1.051000e+001
25  8.943000e+000
26  1.333000e+001
27  1.542000e+001
28  2.925000e+001
29  1.587000e+001
30  4.059000e+000
31  1.446000e+000
32  6.016000e-001
33  3.905000e-001
34  2.815000e-001
35  5.580000e-001
36  6.094000e-001
38  3.046000e+000
39  1.085000e+001
40  3.381000e+001
41  2.530000e+001
42  7.752000e+000
43  2.141000e+000
44  8.303000e-001
45  4.465000e-001
46  2.957000e-001
47  6.111000e-001
48  4.542000e+000
49  5.380000e+000
50  3.666000e+000
51  6.907000e+000
52  2.621000e+001
53  2.439000e+001
54  4.673000e+000
55  1.507000e+000
56  7.595000e-001
57  4.803000e-001
58  3.021000e-001
59  2.002000e+000
60  2.759000e+000
61  4.110000e+000
62  8.748000e+000
63  9.816000e+000
64  2.235000e+001
65  5.995000e+000
66  2.027000e+000
67  7.487000e-001
68  4.437000e-001
69  3.028000e-001
70  1.932000e-001
71  1.175000e-001
72  1.144000e-001
73  6.318000e-001
74  4.916000e+000
75  1.076000e+001
76  1.623000e+001
77  7.152000e+000
78  1.898000e+000
79  6.821000e-001
80  3.411000e-001
81  1.887000e-001
82  1.280000e-001
83  5.061000e-001
84  1.399000e+000
85  1.616000e+000
86  1.571000e+000
87  3.954000e+000
88  1.899000e+001
89  9.474000e+000
90  2.145000e+000
91  7.434000e-001
92  3.480000e-001
93  1.890000e-001
94  2.400000e-001
95  1.703000e+000
96  2.373000e+000
97  1.924000e+000
98  1.947000e+000
99  1.543000e+001
100  2.256000e+001
101  1.423000e+001
102  2.996000e+000
103  1.086000e+000
104  5.178000e-001
105  3.257000e-001
106  2.192000e-001
107  8.910000e-001
108  4.775000e+000
   117 
1  3.116000e+000
2  5.535000e+000
3  2.162000e+001
4  5.170000e+001
5  2.693000e+001
6  2.763000e+000
7  2.444000e+000
8  3.010000e-001
9  4.883000e-001
10  5.422000e-001
11  1.753000e+001
12  7.132000e+000
13  1.548000e+001
14  9.033000e+000
15  2.229000e+001
16  4.523000e+001
17  1.099000e+001
18  6.856000e+000
19  4.992000e-001
20  2.552000e-001
21  1.859000e-001
22  1.273000e+000
23  1.435000e+001
24  1.077000e+001
25  9.669000e+000
26  1.500000e+001
27  1.803000e+001
28  3.497000e+001
29  9.537000e+000
30  2.123000e+000
31  3.387000e-001
32  2.190000e-001
33  1.967000e-001
34  1.814000e-001
35  2.135000e+000
36  2.821000e-001
38  4.265000e+000
39  1.285000e+001
40  4.524000e+001
41  1.980000e+001
42  4.157000e+000
43  8.533000e-001
44  2.544000e-001
45  1.721000e-001
46  2.913000e-001
47  2.306000e+000
48  6.989000e+000
49  6.095000e+000
50  4.350000e+000
51  8.126000e+000
52  3.316000e+001
53  2.133000e+001
54  1.274000e+000
55  1.094000e+000
56  6.354000e-001
57  1.659000e-001
58  2.271000e-001
59  5.456000e+000
60  2.537000e+000
61  6.283000e+000
62  1.207000e+001
63  1.133000e+001
64  2.395000e+001
65  2.848000e+000
66  7.591000e-001
67  3.658000e-001
68  3.199000e-001
69  1.960000e-001
70  6.690000e-002
71  8.347000e-002
72  3.420000e-001
73  3.153000e+000
74  7.482000e+000
75  1.274000e+001
76  1.721000e+001
77  5.480000e+000
78  4.592000e-001
79  1.380000e-001
80  9.579000e-002
81  6.972000e-002
82  3.885000e-001
83  2.220000e+000
84  1.529000e+000
85  1.775000e+000
86  2.130000e+000
87  5.706000e+000
88  2.307000e+001
89  6.908000e+000
90  4.486000e-001
91  1.315000e-001
92  9.012000e-002
93  6.614000e-002
94  1.742000e+000
95  2.475000e+000
96  2.705000e+000
97  1.151000e+000
98  3.899000e+000
99  2.227000e+001
100  2.357000e+001
101  1.154000e+001
102  8.415000e-001
103  2.703000e-001
104  3.392000e-001
105  1.054000e-001
106  3.174000e-001
107  3.553000e+000
108  5.693000e+000
   118 
1  5.008000e+000
2  5.667000e+000
3  1.980000e+001
4  4.434000e+001
5  3.333000e+001
6  4.113000e+000
7  1.613000e+000
8  5.437000e-001
9  4.235000e-001
10  3.651000e-001
11  1.234000e+001
12  7.918000e+000
13  1.487000e+001
14  8.968000e+000
15  2.028000e+001
16  3.857000e+001
17  1.931000e+001
18  5.747000e+000
19  1.135000e+000
20  4.246000e-001
21  2.868000e-001
22  5.371000e-001
23  1.059000e+001
24  1.147000e+001
25  9.061000e+000
26  1.397000e+001
27  1.640000e+001
28  3.278000e+001
29  1.151000e+001
30  3.816000e+000
31  7.158000e-001
32  3.429000e-001
33  2.708000e-001
34  2.256000e-001
35  9.540000e-001
36  4.254000e-001
38  3.192000e+000
39  1.083000e+001
40  3.851000e+001
41  2.444000e+001
42  5.670000e+000
43  1.338000e+000
44  4.384000e-001
45  2.644000e-001
46  2.435000e-001
47  1.181000e+000
48  5.045000e+000
49  6.047000e+000
50  3.164000e+000
51  7.450000e+000
52  2.569000e+001
53  2.774000e+001
54  2.564000e+000
55  8.039000e-001
56  5.684000e-001
57  2.688000e-001
58  2.140000e-001
59  3.501000e+000
60  2.816000e+000
61  4.068000e+000
62  9.809000e+000
63  9.842000e+000
64  2.512000e+001
65  4.000000e+000
66  1.292000e+000
67  3.669000e-001
68  2.983000e-001
69  2.063000e-001
70  1.033000e-001
71  8.485000e-002
72  1.943000e-001
73  1.551000e+000
74  5.905000e+000
75  9.695000e+000
76  1.871000e+001
77  6.658000e+000
78  9.877000e-001
79  2.600000e-001
80  1.504000e-001
81  1.081000e-001
82  1.404000e-001
83  1.060000e+000
84  1.718000e+000
85  1.735000e+000
86  1.577000e+000
87  4.000000e+000
88  2.150000e+001
89  8.487000e+000
90  1.197000e+000
91  2.709000e-001
92  1.471000e-001
93  1.054000e-001
94  5.614000e-001
95  2.472000e+000
96  2.345000e+000
97  1.740000e+000
98  1.782000e+000
99  1.888000e+001
100  2.332000e+001
101  1.247000e+001
102  2.117000e+000
103  4.498000e-001
104  3.227000e-001
105  1.746000e-001
106  2.249000e-001
107  1.552000e+000
108  5.309000e+000
   119 
1  4.418000e+000
2  5.974000e+000
3  1.582000e+001
4  3.633000e+001
5  2.596000e+001
6  1.140000e+001
7  7.224000e+000
8  4.250000e+000
9  2.876000e+000
10  1.854000e+000
11  1.298000e+001
12  5.041000e+000
13  1.158000e+001
14  7.641000e+000
15  1.576000e+001
16  3.300000e+001
17  1.673000e+001
18  1.216000e+001
19  6.117000e+000
20  3.817000e+000
21  2.352000e+000
22  2.172000e+000
23  1.100000e+001
24  7.752000e+000
25  9.553000e+000
26  1.015000e+001
27  1.179000e+001
28  2.616000e+001
29  1.363000e+001
30  8.227000e+000
31  5.069000e+000
32  3.146000e+000
33  1.960000e+000
34  1.278000e+000
35  2.067000e+000
36  6.419000e-001
38  3.155000e+000
39  6.546000e+000
40  2.899000e+001
41  1.920000e+001
42  1.075000e+001
43  6.281000e+000
44  3.841000e+000
45  2.354000e+000
46  1.638000e+000
47  1.917000e+000
48  4.685000e+000
49  5.064000e+000
50  4.963000e+000
51  4.819000e+000
52  1.911000e+001
53  1.888000e+001
54  8.554000e+000
55  5.622000e+000
56  3.467000e+000
57  1.986000e+000
58  1.375000e+000
59  3.574000e+000
60  2.163000e+000
61  7.160000e+000
62  9.167000e+000
63  7.029000e+000
64  1.533000e+001
65  6.717000e+000
66  4.090000e+000
67  2.585000e+000
68  1.553000e+000
69  9.718000e-001
70  6.004000e-001
71  4.145000e-001
72  4.132000e-001
73  1.623000e+000
74  5.325000e+000
75  9.250000e+000
76  9.831000e+000
77  7.395000e+000
78  3.942000e+000
79  2.386000e+000
80  1.423000e+000
81  9.148000e-001
82  7.663000e-001
83  1.632000e+000
84  1.294000e+000
85  1.503000e+000
86  2.170000e+000
87  2.930000e+000
88  1.467000e+001
89  7.926000e+000
90  3.895000e+000
91  2.353000e+000
92  1.392000e+000
93  8.986000e-001
94  1.530000e+000
95  2.012000e+000
96  1.888000e+000
97  1.366000e+000
98  3.117000e+000
99  1.300000e+001
100  1.670000e+001
101  1.188000e+001
102  6.141000e+000
103  3.865000e+000
104  2.349000e+000
105  1.403000e+000
106  1.084000e+000
107  2.354000e+000
108  4.344000e+000
   120 
1  5.600000e+000
2  6.056000e+000
3  1.489000e+001
4  3.203000e+001
5  3.050000e+001
6  1.723000e+001
7  6.601000e+000
8  3.524000e+000
9  2.259000e+000
10  1.502000e+000
11  8.825000e+000
12  6.112000e+000
13  1.190000e+001
14  8.947000e+000
15  1.472000e+001
16  2.756000e+001
17  2.609000e+001
18  1.329000e+001
19  5.466000e+000
20  3.201000e+000
21  2.003000e+000
22  1.353000e+000
23  7.373000e+000
24  8.435000e+000
25  9.355000e+000
26  1.086000e+001
27  1.184000e+001
28  2.496000e+001
29  1.839000e+001
30  9.083000e+000
31  4.437000e+000
32  2.760000e+000
33  1.735000e+000
34  1.039000e+000
35  9.271000e-001
36  6.264000e-001
38  2.579000e+000
39  6.052000e+000
40  2.387000e+001
41  2.456000e+001
42  1.508000e+001
43  6.011000e+000
44  3.363000e+000
45  2.104000e+000
46  1.332000e+000
47  9.522000e-001
48  2.830000e+000
49  4.679000e+000
50  4.807000e+000
51  4.971000e+000
52  1.591000e+001
53  2.375000e+001
54  1.122000e+001
55  5.011000e+000
56  3.020000e+000
57  1.847000e+000
58  1.108000e+000
59  1.544000e+000
60  2.184000e+000
61  5.459000e+000
62  8.065000e+000
63  7.070000e+000
64  1.698000e+001
65  8.725000e+000
66  4.364000e+000
67  2.761000e+000
68  1.728000e+000
69  1.005000e+000
70  5.479000e-001
71  3.637000e-001
72  2.440000e-001
73  5.076000e-001
74  3.699000e+000
75  7.472000e+000
76  1.193000e+001
77  8.790000e+000
78  4.156000e+000
79  2.630000e+000
80  1.656000e+000
81  9.457000e-001
82  5.301000e-001
83  6.219000e-001
84  9.229000e-001
85  1.180000e+000
86  1.731000e+000
87  2.416000e+000
88  1.248000e+001
89  1.099000e+001
90  4.439000e+000
91  2.635000e+000
92  1.690000e+000
93  9.780000e-001
94  6.615000e-001
95  1.195000e+000
96  1.523000e+000
97  1.645000e+000
98  2.380000e+000
99  1.076000e+001
100  1.728000e+001
101  1.495000e+001
102  6.860000e+000
103  3.735000e+000
104  2.342000e+000
105  1.449000e+000
106  8.186000e-001
107  9.247000e-001
108  3.167000e+000
   121 
1  5.274000e+000
2  5.629000e+000
3  1.870000e+001
4  4.676000e+001
5  3.141000e+001
6  4.703000e+000
7  1.880000e+000
8  6.275000e-001
9  4.255000e-001
10  3.576000e-001
11  1.231000e+001
12  6.865000e+000
13  1.434000e+001
14  8.794000e+000
15  2.071000e+001
16  3.897000e+001
17  1.867000e+001
18  6.048000e+000
19  1.495000e+000
20  5.247000e-001
21  3.101000e-001
22  4.659000e-001
23  1.062000e+001
24  1.044000e+001
25  9.223000e+000
26  1.302000e+001
27  1.671000e+001
28  3.388000e+001
29  1.037000e+001
30  4.308000e+000
31  9.727000e-001
32  4.083000e-001
33  2.728000e-001
34  2.207000e-001
35  8.330000e-001
36  4.378000e-001
38  3.186000e+000
39  9.723000e+000
40  4.007000e+001
41  2.292000e+001
42  6.090000e+000
43  1.662000e+000
44  5.396000e-001
45  2.897000e-001
46  2.362000e-001
47  8.458000e-001
48  4.662000e+000
49  5.964000e+000
50  3.701000e+000
51  6.399000e+000
52  2.611000e+001
53  2.682000e+001
54  3.422000e+000
55  1.003000e+000
56  6.141000e-001
57  2.924000e-001
58  2.062000e-001
59  2.791000e+000
60  2.772000e+000
61  5.174000e+000
62  8.637000e+000
63  9.747000e+000
64  2.407000e+001
65  4.593000e+000
66  1.557000e+000
67  4.718000e-001
68  2.961000e-001
69  1.984000e-001
70  1.040000e-001
71  8.051000e-002
72  1.517000e-001
73  1.175000e+000
74  5.600000e+000
75  1.100000e+001
76  1.645000e+001
77  6.961000e+000
78  1.428000e+000
79  3.719000e-001
80  1.669000e-001
81  1.136000e-001
82  1.230000e-001
83  8.424000e-001
84  1.539000e+000
85  1.688000e+000
86  1.674000e+000
87  3.623000e+000
88  2.101000e+001
89  8.447000e+000
90  1.711000e+000
91  4.017000e-001
92  1.673000e-001
93  1.117000e-001
94  4.242000e-001
95  2.132000e+000
96  2.188000e+000
97  1.802000e+000
98  1.864000e+000
99  1.831000e+001
100  2.315000e+001
101  1.197000e+001
102  2.821000e+000
103  6.476000e-001
104  3.459000e-001
105  1.873000e-001
106  2.028000e-001
107  1.224000e+000
108  5.106000e+000
   122 
1  3.707000e+000
2  4.564000e+000
3  2.022000e+001
4  4.850000e+001
5  2.816000e+001
6  3.868000e+000
7  2.426000e+000
8  6.044000e-001
9  3.544000e-001
10  7.562000e-001
11  1.593000e+001
12  6.213000e+000
13  1.352000e+001
14  8.162000e+000
15  2.271000e+001
16  4.111000e+001
17  1.367000e+001
18  6.382000e+000
19  1.109000e+000
20  3.658000e-001
21  1.899000e-001
22  8.520000e-001
23  1.406000e+001
24  9.302000e+000
25  8.794000e+000
26  1.312000e+001
27  1.817000e+001
28  3.343000e+001
29  9.312000e+000
30  2.756000e+000
31  6.418000e-001
32  2.716000e-001
33  1.802000e-001
34  1.503000e-001
35  2.066000e+000
36  7.316000e-001
38  3.890000e+000
39  1.116000e+001
40  4.110000e+001
41  2.116000e+001
42  4.460000e+000
43  1.308000e+000
44  4.208000e-001
45  1.877000e-001
46  2.106000e-001
47  1.626000e+000
48  6.642000e+000
49  6.175000e+000
50  4.437000e+000
51  6.104000e+000
52  2.924000e+001
53  2.256000e+001
54  2.251000e+000
55  1.126000e+000
56  7.489000e-001
57  3.366000e-001
58  1.683000e-001
59  3.517000e+000
60  2.515000e+000
61  6.449000e+000
62  1.097000e+001
63  1.061000e+001
64  2.131000e+001
65  3.448000e+000
66  1.344000e+000
67  4.015000e-001
68  3.751000e-001
69  2.710000e-001
70  1.120000e-001
71  5.623000e-002
72  1.998000e-001
73  1.932000e+000
74  6.659000e+000
75  1.339000e+001
76  1.534000e+001
77  5.518000e+000
78  1.069000e+000
79  2.864000e-001
80  1.058000e-001
81  6.552000e-002
82  2.337000e-001
83  1.921000e+000
84  1.589000e+000
85  1.497000e+000
86  1.897000e+000
87  5.692000e+000
88  2.108000e+001
89  7.190000e+000
90  1.174000e+000
91  3.044000e-001
92  1.047000e-001
93  6.252000e-002
94  1.299000e+000
95  2.345000e+000
96  2.471000e+000
97  1.532000e+000
98  3.333000e+000
99  2.046000e+001
100  2.171000e+001
101  1.104000e+001
102  1.760000e+000
103  4.411000e-001
104  3.580000e-001
105  1.642000e-001
106  2.116000e-001
107  2.192000e+000
108  6.307000e+000
   123 
1  5.588000e+000
2  5.198000e+000
3  1.572000e+001
4  3.721000e+001
5  2.523000e+001
6  1.053000e+001
7  6.789000e+000
8  4.338000e+000
9  3.160000e+000
10  2.577000e+000
11  1.318000e+001
12  7.049000e+000
13  1.124000e+001
14  7.436000e+000
15  1.595000e+001
16  3.356000e+001
17  1.614000e+001
18  1.179000e+001
19  5.783000e+000
20  3.810000e+000
21  2.651000e+000
22  2.176000e+000
23  1.153000e+001
24  8.925000e+000
25  8.350000e+000
26  1.051000e+001
27  1.241000e+001
28  2.691000e+001
29  1.345000e+001
30  7.006000e+000
31  4.655000e+000
32  3.312000e+000
33  2.228000e+000
34  1.466000e+000
35  2.263000e+000
36  1.674000e+000
38  3.643000e+000
39  7.107000e+000
40  2.977000e+001
41  1.892000e+001
42  9.459000e+000
43  5.879000e+000
44  3.825000e+000
45  2.608000e+000
46  1.762000e+000
47  1.935000e+000
48  4.535000e+000
49  6.172000e+000
50  5.330000e+000
51  5.696000e+000
52  1.905000e+001
53  1.837000e+001
54  7.480000e+000
55  5.526000e+000
56  3.793000e+000
57  2.592000e+000
58  1.625000e+000
59  2.780000e+000
60  2.981000e+000
61  6.549000e+000
62  8.285000e+000
63  9.193000e+000
64  1.577000e+001
65  6.580000e+000
66  4.156000e+000
67  2.773000e+000
68  1.833000e+000
69  1.197000e+000
70  8.557000e-001
71  5.896000e-001
72  4.272000e-001
73  1.078000e+000
74  4.483000e+000
75  9.599000e+000
76  1.102000e+001
77  7.056000e+000
78  4.186000e+000
79  2.760000e+000
80  1.652000e+000
81  1.052000e+000
82  8.209000e-001
83  1.538000e+000
84  1.875000e+000
85  1.574000e+000
86  1.815000e+000
87  2.870000e+000
88  1.436000e+001
89  8.548000e+000
90  4.255000e+000
91  2.757000e+000
92  1.610000e+000
93  1.013000e+000
94  1.209000e+000
95  2.369000e+000
96  2.300000e+000
97  1.910000e+000
98  2.061000e+000
99  1.299000e+001
100  1.802000e+001
101  1.248000e+001
102  5.558000e+000
103  3.544000e+000
104  2.433000e+000
105  1.488000e+000
106  1.022000e+000
107  1.591000e+000
108  5.266000e+000
   124 
1  5.012000e+000
2  6.246000e+000
3  1.514000e+001
4  3.696000e+001
5  2.870000e+001
6  1.262000e+001
7  6.697000e+000
8  3.495000e+000
9  2.116000e+000
10  1.162000e+000
11  1.153000e+001
12  5.169000e+000
13  1.193000e+001
14  8.377000e+000
15  1.600000e+001
16  3.269000e+001
17  2.001000e+001
18  1.223000e+001
19  5.684000e+000
20  3.057000e+000
21  1.632000e+000
22  1.501000e+000
23  9.613000e+000
24  7.946000e+000
25  9.779000e+000
26  1.028000e+001
27  1.226000e+001
28  2.684000e+001
29  1.535000e+001
30  8.591000e+000
31  4.683000e+000
32  2.507000e+000
33  1.345000e+000
34  8.123000e-001
35  1.426000e+000
36  4.223000e-001
38  2.941000e+000
39  6.255000e+000
40  2.909000e+001
41  2.198000e+001
42  1.196000e+001
43  6.159000e+000
44  3.270000e+000
45  1.734000e+000
46  1.100000e+000
47  1.418000e+000
48  4.166000e+000
49  4.827000e+000
50  5.114000e+000
51  4.549000e+000
52  1.859000e+001
53  2.195000e+001
54  9.458000e+000
55  5.352000e+000
56  2.865000e+000
57  1.401000e+000
58  8.899000e-001
59  2.843000e+000
60  2.156000e+000
61  6.448000e+000
62  8.386000e+000
63  7.062000e+000
64  1.632000e+001
65  8.099000e+000
66  4.516000e+000
67  2.529000e+000
68  1.288000e+000
69  7.036000e-001
70  3.857000e-001
71  2.467000e-001
72  2.923000e-001
73  1.339000e+000
74  4.886000e+000
75  8.919000e+000
76  1.104000e+001
77  8.252000e+000
78  4.303000e+000
79  2.302000e+000
80  1.146000e+000
81  6.385000e-001
82  4.871000e-001
83  1.198000e+000
84  1.251000e+000
85  1.453000e+000
86  2.053000e+000
87  2.844000e+000
88  1.464000e+001
89  9.015000e+000
90  4.393000e+000
91  2.388000e+000
92  1.182000e+000
93  6.557000e-001
94  1.065000e+000
95  1.818000e+000
96  1.843000e+000
97  1.579000e+000
98  2.829000e+000
99  1.227000e+001
100  1.767000e+001
101  1.333000e+001
102  6.844000e+000
103  3.748000e+000
104  1.986000e+000
105  1.006000e+000
106  7.353000e-001
107  1.813000e+000
108  3.734000e+000
   125 
1  2.533000e+000
2  5.375000e+000
3  2.296000e+001
4  5.368000e+001
5  2.320000e+001
6  2.447000e+000
7  1.512000e+000
8  3.085000e-001
9  4.434000e-001
10  6.547000e-001
11  1.641000e+001
12  5.702000e+000
13  1.548000e+001
14  9.070000e+000
15  2.460000e+001
16  4.462000e+001
17  8.398000e+000
18  5.548000e+000
19  4.607000e-001
20  2.768000e-001
21  1.986000e-001
22  9.830000e-001
23  1.458000e+001
24  9.122000e+000
25  9.595000e+000
26  1.455000e+001
27  2.001000e+001
28  3.324000e+001
29  7.923000e+000
30  1.445000e+000
31  3.503000e-001
32  2.307000e-001
33  2.028000e-001
34  1.819000e-001
35  1.654000e+000
36  1.938000e-001
38  3.649000e+000
39  1.315000e+001
40  4.726000e+001
41  1.658000e+001
42  2.905000e+000
43  6.557000e-001
44  2.626000e-001
45  1.812000e-001
46  2.793000e-001
47  1.701000e+000
48  7.022000e+000
49  5.232000e+000
50  4.530000e+000
51  7.258000e+000
52  3.628000e+001
53  1.745000e+001
54  9.724000e-001
55  7.908000e-001
56  4.825000e-001
57  1.664000e-001
58  2.261000e-001
59  4.752000e+000
60  2.451000e+000
61  7.266000e+000
62  9.949000e+000
63  1.226000e+001
64  2.181000e+001
65  2.314000e+000
66  5.864000e-001
67  2.984000e-001
68  2.401000e-001
69  1.473000e-001
70  6.572000e-002
71  7.703000e-002
72  2.783000e-001
73  2.520000e+000
74  7.438000e+000
75  1.507000e+001
76  1.467000e+001
77  4.218000e+000
78  3.550000e-001
79  1.476000e-001
80  1.013000e-001
81  7.226000e-002
82  3.770000e-001
83  1.762000e+000
84  1.374000e+000
85  1.786000e+000
86  2.047000e+000
87  6.387000e+000
88  2.231000e+001
89  5.745000e+000
90  3.602000e-001
91  1.415000e-001
92  9.625000e-002
93  6.935000e-002
94  1.503000e+000
95  2.488000e+000
96  2.641000e+000
97  7.978000e-001
98  4.243000e+000
99  2.298000e+001
100  2.175000e+001
101  9.886000e+000
102  6.463000e-001
103  2.644000e-001
104  2.659000e-001
105  1.103000e-001
106  2.728000e-001
107  3.363000e+000
108  5.612000e+000
   126 
1  2.857000e+000
2  5.783000e+000
3  2.411000e+001
4  5.336000e+001
5  2.314000e+001
6  2.791000e+000
7  1.890000e+000
8  3.330000e-001
9  4.541000e-001
10  5.890000e-001
11  1.796000e+001
12  6.458000e+000
13  1.622000e+001
14  9.065000e+000
15  2.551000e+001
16  4.544000e+001
17  7.322000e+000
18  6.508000e+000
19  5.325000e-001
20  2.902000e-001
21  2.094000e-001
22  1.121000e+000
23  1.571000e+001
24  9.714000e+000
25  9.744000e+000
26  1.508000e+001
27  2.081000e+001
28  3.289000e+001
29  8.905000e+000
30  1.738000e+000
31  3.792000e-001
32  2.453000e-001
33  2.129000e-001
34  1.910000e-001
35  1.720000e+000
36  2.789000e-001
38  4.260000e+000
39  1.407000e+001
40  4.747000e+001
41  1.721000e+001
42  3.462000e+000
43  7.935000e-001
44  2.855000e-001
45  1.944000e-001
46  2.742000e-001
47  2.198000e+000
48  7.243000e+000
49  5.559000e+000
50  5.164000e+000
51  8.234000e+000
52  3.549000e+001
53  1.863000e+001
54  1.191000e+000
55  9.494000e-001
56  5.716000e-001
57  1.830000e-001
58  2.282000e-001
59  5.546000e+000
60  2.490000e+000
61  7.449000e+000
62  1.020000e+001
63  1.411000e+001
64  2.173000e+001
65  2.702000e+000
66  7.553000e-001
67  3.317000e-001
68  2.854000e-001
69  1.834000e-001
70  7.345000e-002
71  8.343000e-002
72  3.262000e-001
73  3.081000e+000
74  7.550000e+000
75  1.561000e+001
76  1.487000e+001
77  4.750000e+000
78  4.633000e-001
79  1.594000e-001
80  1.094000e-001
81  7.896000e-002
82  3.599000e-001
83  2.003000e+000
84  1.569000e+000
85  1.824000e+000
86  2.036000e+000
87  6.698000e+000
88  2.247000e+001
89  6.604000e+000
90  4.404000e-001
91  1.529000e-001
92  1.042000e-001
93  7.557000e-002
94  1.593000e+000
95  2.706000e+000
96  2.588000e+000
97  9.682000e-001
98  4.011000e+000
99  2.432000e+001
100  2.220000e+001
101  1.084000e+001
102  7.950000e-001
103  2.855000e-001
104  3.149000e-001
105  1.218000e-001
106  2.834000e-001
107  3.814000e+000
108  5.935000e+000
   127 
1  4.692000e+000
2  5.666000e+000
3  1.971000e+001
4  4.675000e+001
5  3.213000e+001
6  3.543000e+000
7  1.815000e+000
8  5.005000e-001
9  3.449000e-001
10  3.040000e-001
11  1.291000e+001
12  7.887000e+000
13  1.509000e+001
14  9.054000e+000
15  2.091000e+001
16  4.033000e+001
17  1.723000e+001
18  5.804000e+000
19  9.511000e-001
20  3.521000e-001
21  2.405000e-001
22  4.615000e-001
23  1.098000e+001
24  1.138000e+001
25  9.086000e+000
26  1.436000e+001
27  1.619000e+001
28  3.409000e+001
29  1.096000e+001
30  3.402000e+000
31  5.781000e-001
32  2.874000e-001
33  2.149000e-001
34  1.775000e-001
35  1.027000e+000
36  4.107000e-001
38  3.606000e+000
39  1.110000e+001
40  4.022000e+001
41  2.333000e+001
42  5.224000e+000
43  1.169000e+000
44  3.688000e-001
45  2.225000e-001
46  1.963000e-001
47  1.118000e+000
48  5.222000e+000
49  6.011000e+000
50  3.330000e+000
51  7.878000e+000
52  2.737000e+001
53  2.641000e+001
54  2.106000e+000
55  7.503000e-001
56  5.370000e-001
57  2.325000e-001
58  1.708000e-001
59  3.701000e+000
60  2.693000e+000
61  4.441000e+000
62  1.109000e+001
63  9.633000e+000
64  2.491000e+001
65  3.512000e+000
66  1.147000e+000
67  2.903000e-001
68  2.556000e-001
69  1.738000e-001
70  7.924000e-002
71  6.484000e-002
72  1.464000e-001
73  1.753000e+000
74  5.935000e+000
75  1.019000e+001
76  1.867000e+001
77  6.346000e+000
78  8.106000e-001
79  2.078000e-001
80  1.260000e-001
81  8.950000e-002
82  1.206000e-001
83  1.106000e+000
84  1.563000e+000
85  1.720000e+000
86  1.762000e+000
87  3.940000e+000
88  2.208000e+001
89  8.228000e+000
90  9.464000e-001
91  2.087000e-001
92  1.215000e-001
93  8.627000e-002
94  5.824000e-001
95  2.310000e+000
96  2.314000e+000
97  1.629000e+000
98  2.018000e+000
99  1.933000e+001
100  2.363000e+001
101  1.229000e+001
102  1.766000e+000
103  3.496000e-001
104  2.891000e-001
105  1.457000e-001
106  1.840000e-001
107  1.590000e+000
108  5.247000e+000
   128 
1  6.070000e+000
2  6.184000e+000
3  1.219000e+001
4  2.431000e+001
5  2.531000e+001
6  1.797000e+001
7  1.079000e+001
8  7.373000e+000
9  5.891000e+000
10  4.633000e+000
11  7.505000e+000
12  6.315000e+000
13  9.384000e+000
14  8.512000e+000
15  1.276000e+001
16  2.234000e+001
17  2.169000e+001
18  1.549000e+001
19  9.507000e+000
20  6.865000e+000
21  5.514000e+000
22  4.255000e+000
23  6.815000e+000
24  6.773000e+000
25  7.874000e+000
26  9.893000e+000
27  1.089000e+001
28  2.073000e+001
29  1.549000e+001
30  1.059000e+001
31  7.589000e+000
32  6.060000e+000
33  4.838000e+000
34  3.736000e+000
35  3.283000e+000
36  2.741000e+000
38  2.507000e+000
39  3.845000e+000
40  1.601000e+001
41  1.768000e+001
42  1.343000e+001
43  8.759000e+000
44  6.644000e+000
45  5.436000e+000
46  4.173000e+000
47  3.467000e+000
48  3.173000e+000
49  3.611000e+000
50  4.708000e+000
51  5.020000e+000
52  1.055000e+001
53  1.702000e+001
54  1.078000e+001
55  7.968000e+000
56  6.254000e+000
57  5.055000e+000
58  3.856000e+000
59  3.524000e+000
60  3.155000e+000
61  4.209000e+000
62  5.340000e+000
63  6.598000e+000
64  1.201000e+001
65  8.030000e+000
66  6.362000e+000
67  5.333000e+000
68  4.147000e+000
69  3.414000e+000
70  2.791000e+000
71  2.086000e+000
72  1.499000e+000
73  1.147000e+000
74  1.704000e+000
75  3.411000e+000
76  6.224000e+000
77  6.626000e+000
78  5.681000e+000
79  4.943000e+000
80  3.924000e+000
81  3.332000e+000
82  2.715000e+000
83  2.162000e+000
84  1.846000e+000
85  1.633000e+000
86  1.553000e+000
87  1.638000e+000
88  5.717000e+000
89  7.036000e+000
90  5.304000e+000
91  4.806000e+000
92  3.876000e+000
93  3.320000e+000
94  2.728000e+000
95  2.275000e+000
96  2.083000e+000
97  1.976000e+000
98  1.951000e+000
99  4.450000e+000
100  1.132000e+001
101  1.218000e+001
102  8.163000e+000
103  6.481000e+000
104  5.339000e+000
105  4.080000e+000
106  3.370000e+000
107  2.819000e+000
108  3.056000e+000
   129 
1  2.643000e+000
2  5.763000e+000
3  2.315000e+001
4  5.422000e+001
5  2.344000e+001
6  2.146000e+000
7  1.635000e+000
8  3.714000e-001
9  5.171000e-001
10  5.998000e-001
11  1.764000e+001
12  7.089000e+000
13  1.621000e+001
14  9.395000e+000
15  2.433000e+001
16  4.588000e+001
17  7.763000e+000
18  6.416000e+000
19  5.106000e-001
20  3.548000e-001
21  2.613000e-001
22  1.185000e+000
23  1.489000e+001
24  1.064000e+001
25  1.001000e+001
26  1.522000e+001
27  2.009000e+001
28  3.334000e+001
29  9.025000e+000
30  1.296000e+000
31  4.230000e-001
32  2.940000e-001
33  2.545000e-001
34  2.250000e-001
35  1.386000e+000
36  2.388000e-001
38  3.822000e+000
39  1.402000e+001
40  4.806000e+001
41  1.745000e+001
42  3.138000e+000
43  6.298000e-001
44  3.289000e-001
45  2.407000e-001
46  3.990000e-001
47  2.256000e+000
48  6.763000e+000
49  5.848000e+000
50  4.884000e+000
51  8.430000e+000
52  3.694000e+001
53  1.755000e+001
54  9.488000e-001
55  8.344000e-001
56  4.778000e-001
57  2.031000e-001
58  3.280000e-001
59  5.854000e+000
60  2.486000e+000
61  6.114000e+000
62  9.379000e+000
63  1.513000e+001
64  2.287000e+001
65  2.633000e+000
66  4.821000e-001
67  3.760000e-001
68  2.554000e-001
69  1.346000e-001
70  9.143000e-002
71  1.163000e-001
72  3.925000e-001
73  3.247000e+000
74  7.629000e+000
75  1.514000e+001
76  1.526000e+001
77  4.617000e+000
78  3.436000e-001
79  1.873000e-001
80  1.344000e-001
81  9.894000e-002
82  3.694000e-001
83  2.163000e+000
84  1.605000e+000
85  1.698000e+000
86  1.815000e+000
87  6.754000e+000
88  2.299000e+001
89  6.252000e+000
90  3.164000e-001
91  1.821000e-001
92  1.299000e-001
93  9.933000e-002
94  1.826000e+000
95  2.729000e+000
96  2.648000e+000
97  5.824000e-001
98  4.025000e+000
99  2.450000e+001
100  2.250000e+001
101  1.051000e+001
102  5.327000e-001
103  3.664000e-001
104  2.488000e-001
105  1.539000e-001
106  3.199000e-001
107  4.400000e+000
108  5.482000e+000
   130 
1  6.283000e+000
2  5.948000e+000
3  1.476000e+001
4  2.876000e+001
5  3.405000e+001
6  1.901000e+001
7  6.165000e+000
8  2.670000e+000
9  1.199000e+000
10  8.319000e-001
11  8.883000e+000
12  7.894000e+000
13  1.219000e+001
14  9.040000e+000
15  1.521000e+001
16  2.615000e+001
17  2.968000e+001
18  1.275000e+001
19  4.718000e+000
20  2.038000e+000
21  1.014000e+000
22  7.001000e-001
23  7.194000e+000
24  1.032000e+001
25  9.258000e+000
26  1.147000e+001
27  1.214000e+001
28  2.415000e+001
29  2.069000e+001
30  8.835000e+000
31  3.792000e+000
32  1.668000e+000
33  9.030000e-001
34  5.186000e-001
35  8.141000e-001
36  9.179000e-001
38  3.602000e+000
39  6.614000e+000
40  2.125000e+001
41  2.957000e+001
42  1.548000e+001
43  5.361000e+000
44  2.336000e+000
45  1.077000e+000
46  6.145000e-001
47  7.679000e-001
48  2.772000e+000
49  6.029000e+000
50  4.631000e+000
51  6.018000e+000
52  1.520000e+001
53  2.613000e+001
54  1.143000e+001
55  4.519000e+000
56  2.209000e+000
57  1.040000e+000
58  5.599000e-001
59  1.681000e+000
60  2.793000e+000
61  4.097000e+000
62  1.039000e+001
63  7.272000e+000
64  1.852000e+001
65  8.972000e+000
66  4.317000e+000
67  1.919000e+000
68  9.939000e-001
69  5.657000e-001
70  2.923000e-001
71  1.446000e-001
72  1.409000e-001
73  8.198000e-001
74  3.771000e+000
75  7.319000e+000
76  1.451000e+001
77  9.528000e+000
78  4.438000e+000
79  1.959000e+000
80  9.256000e-001
81  4.828000e-001
82  2.546000e-001
83  7.111000e-001
84  1.361000e+000
85  1.407000e+000
86  1.868000e+000
87  2.303000e+000
88  1.354000e+001
89  1.218000e+001
90  4.822000e+000
91  2.084000e+000
92  9.398000e-001
93  4.844000e-001
94  3.954000e-001
95  1.746000e+000
96  1.964000e+000
97  1.876000e+000
98  1.723000e+000
99  1.126000e+001
100  2.022000e+001
101  1.567000e+001
102  6.755000e+000
103  3.044000e+000
104  1.371000e+000
105  7.341000e-001
106  3.991000e-001
107  5.897000e-001
108  3.754000e+000
   131 
1  5.055000e+000
2  5.876000e+000
3  1.810000e+001
4  4.483000e+001
5  3.255000e+001
6  6.233000e+000
7  2.282000e+000
8  6.083000e-001
9  4.656000e-001
10  3.460000e-001
11  1.270000e+001
12  7.041000e+000
13  1.465000e+001
14  9.014000e+000
15  1.936000e+001
16  3.839000e+001
17  1.998000e+001
18  7.137000e+000
19  1.557000e+000
20  5.439000e-001
21  3.068000e-001
22  5.953000e-001
23  1.081000e+001
24  1.040000e+001
25  9.799000e+000
26  1.267000e+001
27  1.529000e+001
28  3.255000e+001
29  1.338000e+001
30  4.497000e+000
31  1.111000e+000
32  4.314000e-001
33  2.655000e-001
34  2.126000e-001
35  9.668000e-001
36  2.246000e-001
38  3.181000e+000
39  9.667000e+000
40  3.641000e+001
41  2.581000e+001
42  7.468000e+000
43  1.890000e+000
44  5.704000e-001
45  2.955000e-001
46  2.663000e-001
47  1.098000e+000
48  4.946000e+000
49  5.796000e+000
50  4.450000e+000
51  6.172000e+000
52  2.485000e+001
53  2.695000e+001
54  4.491000e+000
55  1.336000e+000
56  5.838000e-001
57  2.429000e-001
58  2.172000e-001
59  3.468000e+000
60  2.616000e+000
61  5.948000e+000
62  8.605000e+000
63  9.155000e+000
64  2.335000e+001
65  5.645000e+000
66  1.706000e+000
67  5.550000e-001
68  2.809000e-001
69  1.708000e-001
70  9.416000e-002
71  8.961000e-002
72  1.730000e-001
73  1.732000e+000
74  6.180000e+000
75  1.066000e+001
76  1.541000e+001
77  7.650000e+000
78  1.654000e+000
79  4.450000e-001
80  1.849000e-001
81  1.108000e-001
82  1.818000e-001
83  1.098000e+000
84  1.506000e+000
85  1.690000e+000
86  1.841000e+000
87  3.822000e+000
88  1.966000e+001
89  9.302000e+000
90  1.930000e+000
91  4.861000e-001
92  1.917000e-001
93  1.100000e-001
94  7.271000e-001
95  2.144000e+000
96  2.142000e+000
97  1.566000e+000
98  2.749000e+000
99  1.671000e+001
100  2.291000e+001
101  1.312000e+001
102  3.250000e+000
103  7.940000e-001
104  3.716000e-001
105  1.739000e-001
106  2.290000e-001
107  1.930000e+000
108  4.784000e+000
   132 
1  5.712000e+000
2  5.334000e+000
3  1.888000e+001
4  4.465000e+001
5  3.198000e+001
6  5.917000e+000
7  2.993000e+000
8  1.143000e+000
9  5.906000e-001
10  4.406000e-001
11  1.131000e+001
12  7.271000e+000
13  1.405000e+001
14  8.996000e+000
15  2.163000e+001
16  3.985000e+001
17  1.661000e+001
18  6.739000e+000
19  2.435000e+000
20  8.818000e-001
21  4.462000e-001
22  3.442000e-001
23  9.974000e+000
24  1.030000e+001
25  8.877000e+000
26  1.340000e+001
27  1.765000e+001
28  3.275000e+001
29  1.069000e+001
30  4.749000e+000
31  1.705000e+000
32  7.072000e-001
33  3.623000e-001
34  2.309000e-001
35  7.134000e-001
36  8.596000e-001
38  3.732000e+000
39  9.729000e+000
40  3.834000e+001
41  2.378000e+001
42  6.460000e+000
43  2.574000e+000
44  9.273000e-001
45  4.554000e-001
46  2.482000e-001
47  6.161000e-001
48  4.122000e+000
49  6.172000e+000
50  4.439000e+000
51  6.230000e+000
52  2.752000e+001
53  2.450000e+001
54  4.472000e+000
55  1.701000e+000
56  8.903000e-001
57  5.568000e-001
58  2.872000e-001
59  1.767000e+000
60  3.002000e+000
61  5.509000e+000
62  9.412000e+000
63  1.059000e+001
64  2.190000e+001
65  5.211000e+000
66  2.417000e+000
67  8.682000e-001
68  4.656000e-001
69  2.968000e-001
70  1.856000e-001
71  9.871000e-002
72  1.044000e-001
73  8.694000e-001
74  4.679000e+000
75  1.120000e+001
76  1.651000e+001
77  7.113000e+000
78  2.468000e+000
79  8.439000e-001
80  3.533000e-001
81  1.529000e-001
82  9.928000e-002
83  7.059000e-001
84  1.416000e+000
85  1.505000e+000
86  1.792000e+000
87  3.567000e+000
88  1.962000e+001
89  9.293000e+000
90  2.756000e+000
91  8.984000e-001
92  3.662000e-001
93  1.528000e-001
94  2.594000e-001
95  1.770000e+000
96  2.197000e+000
97  2.102000e+000
98  1.758000e+000
99  1.822000e+001
100  2.254000e+001
101  1.217000e+001
102  3.737000e+000
103  1.243000e+000
104  5.792000e-001
105  3.141000e-001
106  1.864000e-001
107  6.783000e-001
108  4.878000e+000
   133 
1  5.983000e+000
2  6.699000e+000
3  1.235000e+001
4  2.514000e+001
5  2.414000e+001
6  1.616000e+001
7  1.112000e+001
8  8.540000e+000
9  7.212000e+000
10  6.234000e+000
11  8.571000e+000
12  6.350000e+000
13  9.465000e+000
14  8.616000e+000
15  1.376000e+001
16  2.434000e+001
17  2.006000e+001
18  1.494000e+001
19  1.048000e+001
20  8.149000e+000
21  6.942000e+000
22  5.778000e+000
23  7.469000e+000
24  6.586000e+000
25  7.492000e+000
26  9.733000e+000
27  1.110000e+001
28  2.051000e+001
29  1.570000e+001
30  1.124000e+001
31  8.860000e+000
32  7.425000e+000
33  6.328000e+000
34  5.154000e+000
35  4.420000e+000
36  3.941000e+000
38  3.332000e+000
39  3.962000e+000
40  1.343000e+001
41  1.651000e+001
42  1.252000e+001
43  9.311000e+000
44  7.701000e+000
45  6.741000e+000
46  5.637000e+000
47  4.613000e+000
48  4.651000e+000
49  4.306000e+000
50  4.608000e+000
51  4.948000e+000
52  1.066000e+001
53  1.478000e+001
54  1.041000e+001
55  8.664000e+000
56  7.376000e+000
57  6.387000e+000
58  5.259000e+000
59  4.779000e+000
60  4.150000e+000
61  5.851000e+000
62  4.918000e+000
63  5.903000e+000
64  9.922000e+000
65  7.877000e+000
66  7.209000e+000
67  6.524000e+000
68  5.572000e+000
69  4.587000e+000
70  4.094000e+000
71  3.595000e+000
72  2.977000e+000
73  2.411000e+000
74  2.720000e+000
75  3.083000e+000
76  3.658000e+000
77  5.086000e+000
78  5.513000e+000
79  5.339000e+000
80  4.773000e+000
81  4.201000e+000
82  3.888000e+000
83  3.403000e+000
84  2.939000e+000
85  2.528000e+000
86  2.247000e+000
87  2.187000e+000
88  3.378000e+000
89  5.120000e+000
90  5.016000e+000
91  4.984000e+000
92  4.561000e+000
93  4.143000e+000
94  3.853000e+000
95  3.454000e+000
96  3.059000e+000
97  2.708000e+000
98  2.684000e+000
99  3.803000e+000
100  8.137000e+000
101  1.038000e+001
102  8.093000e+000
103  7.403000e+000
104  6.539000e+000
105  5.490000e+000
106  4.480000e+000
107  4.083000e+000
108  4.403000e+000
   134 
1  2.530000e+000
2  5.593000e+000
3  2.381000e+001
4  5.520000e+001
5  2.190000e+001
6  2.289000e+000
7  1.359000e+000
8  3.643000e-001
9  5.107000e-001
10  7.335000e-001
11  1.806000e+001
12  6.827000e+000
13  1.618000e+001
14  9.221000e+000
15  2.525000e+001
16  4.583000e+001
17  6.958000e+000
18  6.218000e+000
19  4.953000e-001
20  3.464000e-001
21  2.539000e-001
22  1.182000e+000
23  1.562000e+001
24  1.009000e+001
25  9.986000e+000
26  1.508000e+001
27  2.064000e+001
28  3.305000e+001
29  8.860000e+000
30  1.103000e+000
31  4.150000e-001
32  2.858000e-001
33  2.478000e-001
34  2.211000e-001
35  1.358000e+000
36  2.401000e-001
38  3.857000e+000
39  1.428000e+001
40  4.859000e+001
41  1.673000e+001
42  2.926000e+000
43  5.931000e-001
44  3.210000e-001
45  2.342000e-001
46  4.063000e-001
47  2.230000e+000
48  7.101000e+000
49  5.664000e+000
50  5.139000e+000
51  8.386000e+000
52  3.830000e+001
53  1.595000e+001
54  9.017000e-001
55  8.475000e-001
56  4.597000e-001
57  1.966000e-001
58  3.207000e-001
59  5.863000e+000
60  2.506000e+000
61  6.370000e+000
62  8.765000e+000
63  1.593000e+001
64  2.231000e+001
65  2.624000e+000
66  4.501000e-001
67  3.663000e-001
68  2.479000e-001
69  1.314000e-001
70  8.718000e-002
71  1.099000e-001
72  4.949000e-001
73  3.137000e+000
74  7.729000e+000
75  1.626000e+001
76  1.436000e+001
77  4.267000e+000
78  3.244000e-001
79  1.841000e-001
80  1.304000e-001
81  9.452000e-002
82  3.765000e-001
83  2.336000e+000
84  1.436000e+000
85  1.691000e+000
86  1.865000e+000
87  7.225000e+000
88  2.258000e+001
89  6.104000e+000
90  3.108000e-001
91  1.799000e-001
92  1.270000e-001
93  9.591000e-002
94  1.903000e+000
95  2.799000e+000
96  2.591000e+000
97  4.970000e-001
98  4.335000e+000
99  2.466000e+001
100  2.222000e+001
101  1.033000e+001
102  5.022000e-001
103  3.634000e-001
104  2.413000e-001
105  1.498000e-001
106  3.135000e-001
107  4.529000e+000
108  5.696000e+000
   135 
1  3.915000e+000
2  5.595000e+000
3  2.077000e+001
4  4.856000e+001
5  2.914000e+001
6  3.126000e+000
7  1.490000e+000
8  4.348000e-001
9  4.514000e-001
10  3.656000e-001
11  1.397000e+001
12  6.376000e+000
13  1.496000e+001
14  8.943000e+000
15  2.238000e+001
16  4.099000e+001
17  1.468000e+001
18  5.477000e+000
19  8.357000e-001
20  3.738000e-001
21  2.649000e-001
22  6.818000e-001
23  1.207000e+001
24  1.028000e+001
25  9.382000e+000
26  1.371000e+001
27  1.765000e+001
28  3.411000e+001
29  9.084000e+000
30  2.990000e+000
31  5.620000e-001
32  3.086000e-001
33  2.570000e-001
34  2.216000e-001
35  1.169000e+000
36  2.829000e-001
38  3.087000e+000
39  1.134000e+001
40  4.250000e+001
41  2.106000e+001
42  4.455000e+000
43  1.058000e+000
44  3.666000e-001
45  2.422000e-001
46  2.692000e-001
47  1.263000e+000
48  5.755000e+000
49  5.570000e+000
50  3.763000e+000
51  6.696000e+000
52  2.955000e+001
53  2.435000e+001
54  1.865000e+000
55  7.360000e-001
56  5.203000e-001
57  2.248000e-001
58  2.290000e-001
59  3.789000e+000
60  2.564000e+000
61  5.782000e+000
62  9.075000e+000
63  1.064000e+001
64  2.393000e+001
65  3.132000e+000
66  1.011000e+000
67  3.363000e-001
68  2.647000e-001
69  1.815000e-001
70  9.299000e-002
71  9.108000e-002
72  2.107000e-001
73  1.720000e+000
74  6.556000e+000
75  1.262000e+001
76  1.593000e+001
77  5.756000e+000
78  6.964000e-001
79  2.119000e-001
80  1.368000e-001
81  9.945000e-002
82  1.909000e-001
83  1.242000e+000
84  1.626000e+000
85  1.754000e+000
86  1.718000e+000
87  4.762000e+000
88  2.225000e+001
89  6.988000e+000
90  8.411000e-001
91  2.141000e-001
92  1.326000e-001
93  9.638000e-002
94  8.371000e-001
95  2.436000e+000
96  2.350000e+000
97  1.508000e+000
98  2.712000e+000
99  2.025000e+001
100  2.307000e+001
101  1.097000e+001
102  1.560000e+000
103  3.663000e-001
104  2.975000e-001
105  1.541000e-001
106  2.473000e-001
107  2.173000e+000
108  5.347000e+000
   136 
1  6.196000e+000
2  6.588000e+000
3  1.411000e+001
4  2.431000e+001
5  2.146000e+001
6  1.701000e+001
7  1.287000e+001
8  8.801000e+000
9  6.194000e+000
10  4.926000e+000
11  8.609000e+000
12  8.115000e+000
13  1.146000e+001
14  1.016000e+001
15  1.553000e+001
16  2.119000e+001
17  1.913000e+001
18  1.543000e+001
19  1.058000e+001
20  7.305000e+000
21  5.352000e+000
22  4.502000e+000
23  7.746000e+000
24  7.820000e+000
25  8.225000e+000
26  1.158000e+001
27  1.336000e+001
28  1.915000e+001
29  1.570000e+001
30  1.183000e+001
31  7.948000e+000
32  5.772000e+000
33  4.686000e+000
34  3.973000e+000
35  3.361000e+000
36  2.816000e+000
38  3.303000e+000
39  7.246000e+000
40  1.542000e+001
41  1.681000e+001
42  1.379000e+001
43  9.499000e+000
44  6.758000e+000
45  5.106000e+000
46  4.337000e+000
47  3.781000e+000
48  4.114000e+000
49  4.042000e+000
50  5.231000e+000
51  6.030000e+000
52  1.500000e+001
53  1.563000e+001
54  1.117000e+001
55  7.834000e+000
56  5.701000e+000
57  4.626000e+000
58  3.946000e+000
59  3.906000e+000
60  3.309000e+000
61  4.944000e+000
62  5.436000e+000
63  7.753000e+000
64  1.297000e+001
65  8.934000e+000
66  6.247000e+000
67  4.875000e+000
68  4.216000e+000
69  3.617000e+000
70  2.995000e+000
71  2.545000e+000
72  2.347000e+000
73  2.095000e+000
74  2.551000e+000
75  4.610000e+000
76  7.974000e+000
77  6.845000e+000
78  4.713000e+000
79  4.112000e+000
80  3.724000e+000
81  3.215000e+000
82  2.691000e+000
83  2.507000e+000
84  2.350000e+000
85  2.166000e+000
86  2.015000e+000
87  2.065000e+000
88  7.110000e+000
89  7.296000e+000
90  4.705000e+000
91  3.993000e+000
92  3.681000e+000
93  3.251000e+000
94  2.777000e+000
95  2.551000e+000
96  2.454000e+000
97  2.368000e+000
98  2.512000e+000
99  7.097000e+000
100  1.306000e+001
101  1.236000e+001
102  7.554000e+000
103  5.728000e+000
104  4.561000e+000
105  4.006000e+000
106  3.402000e+000
107  2.902000e+000
108  3.257000e+000
   137 
1  3.574000e+000
2  4.751000e+000
3  1.837000e+001
4  4.444000e+001
5  2.936000e+001
6  6.841000e+000
7  3.705000e+000
8  8.874000e-001
9  6.665000e-001
10  1.014000e+000
11  1.693000e+001
12  5.278000e+000
13  1.289000e+001
14  7.349000e+000
15  1.981000e+001
16  4.061000e+001
17  1.523000e+001
18  8.950000e+000
19  1.760000e+000
20  6.614000e-001
21  3.312000e-001
22  1.322000e+000
23  1.483000e+001
24  8.261000e+000
25  8.973000e+000
26  1.164000e+001
27  1.553000e+001
28  3.265000e+001
29  1.191000e+001
30  3.906000e+000
31  1.407000e+000
32  5.675000e-001
33  3.100000e-001
34  2.097000e-001
35  2.580000e+000
36  4.746000e-001
38  3.766000e+000
39  9.810000e+000
40  3.779000e+001
41  2.203000e+001
42  6.734000e+000
43  2.291000e+000
44  7.310000e-001
45  3.407000e-001
46  3.542000e-001
47  2.106000e+000
48  6.547000e+000
49  6.108000e+000
50  5.024000e+000
51  5.328000e+000
52  2.468000e+001
53  2.336000e+001
54  4.655000e+000
55  2.592000e+000
56  1.087000e+000
57  3.617000e-001
58  2.428000e-001
59  4.138000e+000
60  2.156000e+000
61  7.525000e+000
62  1.041000e+001
63  9.977000e+000
64  1.908000e+001
65  5.008000e+000
66  1.937000e+000
67  8.170000e-001
68  4.887000e-001
69  3.045000e-001
70  9.052000e-002
71  7.140000e-002
72  3.258000e-001
73  2.428000e+000
74  6.794000e+000
75  1.264000e+001
76  1.314000e+001
77  6.724000e+000
78  1.867000e+000
79  6.476000e-001
80  2.728000e-001
81  1.245000e-001
82  4.426000e-001
83  2.322000e+000
84  1.453000e+000
85  1.447000e+000
86  2.107000e+000
87  5.096000e+000
88  1.931000e+001
89  7.937000e+000
90  1.942000e+000
91  6.641000e-001
92  2.743000e-001
93  1.270000e-001
94  1.890000e+000
95  2.288000e+000
96  2.215000e+000
97  1.388000e+000
98  3.810000e+000
99  1.863000e+001
100  2.095000e+001
101  1.183000e+001
102  2.714000e+000
103  1.007000e+000
104  5.947000e-001
105  1.880000e-001
106  3.342000e-001
107  2.805000e+000
108  5.894000e+000
   138 
1  5.563000e+000
2  6.447000e+000
3  1.319000e+001
4  2.271000e+001
5  2.283000e+001
6  1.877000e+001
7  1.341000e+001
8  8.625000e+000
9  6.172000e+000
10  4.719000e+000
11  5.811000e+000
12  6.338000e+000
13  1.047000e+001
14  1.019000e+001
15  1.445000e+001
16  2.101000e+001
17  2.101000e+001
18  1.582000e+001
19  1.072000e+001
20  7.010000e+000
21  5.405000e+000
22  4.055000e+000
23  5.339000e+000
24  6.223000e+000
25  7.558000e+000
26  1.129000e+001
27  1.239000e+001
28  1.817000e+001
29  1.643000e+001
30  1.269000e+001
31  8.239000e+000
32  6.057000e+000
33  4.676000e+000
34  3.557000e+000
35  3.105000e+000
36  2.572000e+000
38  2.004000e+000
39  4.995000e+000
40  1.446000e+001
41  1.712000e+001
42  1.475000e+001
43  1.021000e+001
44  6.865000e+000
45  5.361000e+000
46  4.031000e+000
47  3.314000e+000
48  2.915000e+000
49  2.928000e+000
50  3.636000e+000
51  5.285000e+000
52  1.386000e+001
53  1.623000e+001
54  1.214000e+001
55  8.054000e+000
56  5.958000e+000
57  4.675000e+000
58  3.571000e+000
59  3.141000e+000
60  2.832000e+000
61  3.003000e+000
62  3.442000e+000
63  6.686000e+000
64  1.321000e+001
65  9.450000e+000
66  6.537000e+000
67  5.356000e+000
68  4.275000e+000
69  3.419000e+000
70  2.974000e+000
71  2.379000e+000
72  1.808000e+000
73  1.353000e+000
74  1.440000e+000
75  2.626000e+000
76  7.376000e+000
77  7.161000e+000
78  5.455000e+000
79  4.853000e+000
80  3.930000e+000
81  3.296000e+000
82  2.835000e+000
83  2.268000e+000
84  1.819000e+000
85  1.547000e+000
86  1.437000e+000
87  1.440000e+000
88  5.094000e+000
89  7.527000e+000
90  5.375000e+000
91  4.809000e+000
92  4.065000e+000
93  3.351000e+000
94  2.931000e+000
95  2.415000e+000
96  2.074000e+000
97  1.928000e+000
98  1.947000e+000
99  4.806000e+000
100  1.231000e+001
101  1.274000e+001
102  8.347000e+000
103  6.136000e+000
104  5.037000e+000
105  3.899000e+000
106  3.273000e+000
107  2.776000e+000
108  2.676000e+000
   139 
1  4.827000e+000
2  4.979000e+000
3  1.722000e+001
4  3.952000e+001
5  2.403000e+001
6  1.063000e+001
7  5.531000e+000
8  3.714000e+000
9  2.775000e+000
10  2.906000e+000
11  1.423000e+001
12  5.853000e+000
13  1.176000e+001
14  7.221000e+000
15  1.741000e+001
16  3.488000e+001
17  1.533000e+001
18  1.111000e+001
19  4.794000e+000
20  3.393000e+000
21  2.368000e+000
22  2.241000e+000
23  1.351000e+001
24  7.591000e+000
25  8.491000e+000
26  1.054000e+001
27  1.342000e+001
28  2.738000e+001
29  1.318000e+001
30  6.161000e+000
31  4.043000e+000
32  2.910000e+000
33  2.132000e+000
34  1.558000e+000
35  2.124000e+000
36  1.537000e+000
38  3.358000e+000
39  8.045000e+000
40  3.125000e+001
41  1.881000e+001
42  9.082000e+000
43  4.816000e+000
44  3.385000e+000
45  2.366000e+000
46  1.822000e+000
47  2.140000e+000
48  5.709000e+000
49  5.228000e+000
50  5.863000e+000
51  5.285000e+000
52  2.152000e+001
53  1.732000e+001
54  6.848000e+000
55  5.055000e+000
56  3.373000e+000
57  2.323000e+000
58  1.712000e+000
59  3.326000e+000
60  2.412000e+000
61  7.660000e+000
62  8.321000e+000
63  9.988000e+000
64  1.538000e+001
65  5.785000e+000
66  3.518000e+000
67  2.495000e+000
68  1.929000e+000
69  1.329000e+000
70  8.050000e-001
71  5.526000e-001
72  4.494000e-001
73  1.177000e+000
74  5.061000e+000
75  1.094000e+001
76  1.084000e+001
77  5.988000e+000
78  3.430000e+000
79  2.432000e+000
80  1.812000e+000
81  1.204000e+000
82  9.471000e-001
83  1.683000e+000
84  1.543000e+000
85  1.538000e+000
86  1.889000e+000
87  3.846000e+000
88  1.482000e+001
89  7.832000e+000
90  3.359000e+000
91  2.400000e+000
92  1.768000e+000
93  1.157000e+000
94  1.630000e+000
95  2.218000e+000
96  1.920000e+000
97  1.651000e+000
98  3.234000e+000
99  1.379000e+001
100  1.801000e+001
101  1.224000e+001
102  4.477000e+000
103  3.261000e+000
104  2.312000e+000
105  1.670000e+000
106  1.152000e+000
107  2.253000e+000
108  5.487000e+000
   140 
1  2.144000e+000
2  4.832000e+000
3  2.561000e+001
4  5.572000e+001
5  1.883000e+001
6  2.120000e+000
7  8.610000e-001
8  2.943000e-001
9  4.611000e-001
10  8.263000e-001
11  1.629000e+001
12  4.237000e+000
13  1.529000e+001
14  9.010000e+000
15  2.756000e+001
16  4.496000e+001
17  4.739000e+000
18  4.655000e+000
19  3.970000e-001
20  2.772000e-001
21  2.023000e-001
22  1.010000e+000
23  1.585000e+001
24  7.417000e+000
25  9.357000e+000
26  1.395000e+001
27  2.175000e+001
28  3.158000e+001
29  7.729000e+000
30  7.083000e-001
31  3.373000e-001
32  2.301000e-001
33  2.087000e-001
34  1.838000e-001
35  1.433000e+000
36  1.093000e-001
38  3.022000e+000
39  1.398000e+001
40  4.815000e+001
41  1.432000e+001
42  2.091000e+000
43  4.549000e-001
44  2.527000e-001
45  1.832000e-001
46  4.154000e-001
47  1.230000e+000
48  7.644000e+000
49  4.498000e+000
50  4.670000e+000
51  6.897000e+000
52  3.979000e+001
53  1.298000e+001
54  6.615000e-001
55  6.920000e-001
56  3.729000e-001
57  1.583000e-001
58  3.231000e-001
59  4.130000e+000
60  2.458000e+000
61  8.184000e+000
62  8.081000e+000
63  1.368000e+001
64  1.962000e+001
65  2.133000e+000
66  2.661000e-001
67  3.186000e-001
68  2.079000e-001
69  9.208000e-002
70  6.193000e-002
71  1.010000e-001
72  3.848000e-001
73  1.958000e+000
74  7.608000e+000
75  1.648000e+001
76  1.296000e+001
77  3.272000e+000
78  2.225000e-001
79  1.418000e-001
80  1.001000e-001
81  7.269000e-002
82  5.234000e-001
83  1.711000e+000
84  1.156000e+000
85  1.793000e+000
86  2.146000e+000
87  6.851000e+000
88  2.132000e+001
89  5.167000e+000
90  2.335000e-001
91  1.359000e-001
92  9.521000e-002
93  8.191000e-002
94  1.616000e+000
95  2.675000e+000
96  2.531000e+000
97  2.753000e-001
98  4.731000e+000
99  2.345000e+001
100  2.035000e+001
101  9.172000e+000
102  3.586000e-001
103  3.145000e-001
104  1.711000e-001
105  1.133000e-001
106  3.141000e-001
107  3.507000e+000
108  6.466000e+000
   141 
1  5.573000e+000
2  5.400000e+000
3  1.616000e+001
4  3.399000e+001
5  2.765000e+001
6  1.863000e+001
7  6.565000e+000
8  2.997000e+000
9  1.844000e+000
10  1.206000e+000
11  7.696000e+000
12  7.171000e+000
13  1.229000e+001
14  9.804000e+000
15  1.779000e+001
16  2.768000e+001
17  2.381000e+001
18  1.275000e+001
19  4.681000e+000
20  2.460000e+000
21  1.614000e+000
22  1.019000e+000
23  6.654000e+000
24  8.908000e+000
25  8.588000e+000
26  1.239000e+001
27  1.510000e+001
28  2.405000e+001
29  1.850000e+001
30  7.995000e+000
31  3.454000e+000
32  2.059000e+000
33  1.372000e+000
34  8.052000e-001
35  6.912000e-001
36  7.841000e-001
38  2.386000e+000
39  8.751000e+000
40  2.331000e+001
41  2.439000e+001
42  1.534000e+001
43  5.426000e+000
44  2.691000e+000
45  1.712000e+000
46  1.021000e+000
47  7.302000e-001
48  2.655000e+000
49  4.685000e+000
50  4.575000e+000
51  5.848000e+000
52  1.908000e+001
53  2.315000e+001
54  1.041000e+001
55  4.152000e+000
56  2.323000e+000
57  1.581000e+000
58  9.449000e-001
59  9.802000e-001
60  1.978000e+000
61  5.091000e+000
62  7.718000e+000
63  8.233000e+000
64  1.845000e+001
65  8.772000e+000
66  3.761000e+000
67  2.232000e+000
68  1.521000e+000
69  9.139000e-001
70  5.770000e-001
71  4.273000e-001
72  3.045000e-001
73  2.842000e-001
74  2.646000e+000
75  7.650000e+000
76  1.402000e+001
77  9.091000e+000
78  3.773000e+000
79  2.247000e+000
80  1.489000e+000
81  8.462000e-001
82  5.414000e-001
83  5.094000e-001
84  8.105000e-001
85  1.050000e+000
86  1.465000e+000
87  3.125000e+000
88  1.377000e+001
89  1.079000e+001
90  4.252000e+000
91  2.415000e+000
92  1.585000e+000
93  9.025000e-001
94  5.804000e-001
95  8.995000e-001
96  1.468000e+000
97  1.849000e+000
98  2.150000e+000
99  1.156000e+001
100  1.945000e+001
101  1.559000e+001
102  5.842000e+000
103  2.965000e+000
104  1.868000e+000
105  1.194000e+000
106  6.922000e-001
107  6.160000e-001
108  2.794000e+000
   142 
1  3.280000e+000
2  4.584000e+000
3  1.966000e+001
4  4.360000e+001
5  2.176000e+001
6  9.726000e+000
7  4.701000e+000
8  2.599000e+000
9  1.972000e+000
10  2.318000e+000
11  1.747000e+001
12  4.252000e+000
13  1.267000e+001
14  6.916000e+000
15  1.927000e+001
16  3.831000e+001
17  1.234000e+001
18  1.053000e+001
19  3.772000e+000
20  2.257000e+000
21  1.379000e+000
22  2.276000e+000
23  1.646000e+001
24  6.678000e+000
25  8.841000e+000
26  1.075000e+001
27  1.418000e+001
28  2.914000e+001
29  1.228000e+001
30  5.213000e+000
31  3.129000e+000
32  1.876000e+000
33  1.161000e+000
34  7.340000e-001
35  2.915000e+000
36  4.273000e-001
38  3.375000e+000
39  9.591000e+000
40  3.520000e+001
41  1.823000e+001
42  8.053000e+000
43  3.989000e+000
44  2.269000e+000
45  1.376000e+000
46  1.134000e+000
47  2.468000e+000
48  7.419000e+000
49  5.168000e+000
50  5.784000e+000
51  5.155000e+000
52  2.623000e+001
53  1.567000e+001
54  5.994000e+000
55  4.376000e+000
56  2.322000e+000
57  1.240000e+000
58  9.274000e-001
59  4.723000e+000
60  2.059000e+000
61  9.546000e+000
62  8.868000e+000
63  1.050000e+001
64  1.560000e+001
65  5.112000e+000
66  2.470000e+000
67  1.752000e+000
68  1.022000e+000
69  5.437000e-001
70  3.145000e-001
71  2.324000e-001
72  6.560000e-001
73  2.491000e+000
74  7.197000e+000
75  1.303000e+001
76  1.052000e+001
77  5.477000e+000
78  2.479000e+000
79  1.484000e+000
80  8.443000e-001
81  4.997000e-001
82  1.005000e+000
83  2.511000e+000
84  1.146000e+000
85  1.498000e+000
86  2.278000e+000
87  5.457000e+000
88  1.684000e+001
89  7.078000e+000
90  2.412000e+000
91  1.428000e+000
92  8.075000e-001
93  4.908000e-001
94  2.561000e+000
95  2.322000e+000
96  2.002000e+000
97  9.101000e-001
98  4.926000e+000
99  1.727000e+001
100  1.855000e+001
101  1.119000e+001
102  3.483000e+000
103  2.286000e+000
104  1.327000e+000
105  7.092000e-001
106  7.629000e-001
107  3.625000e+000
108  6.792000e+000
   143 
1  3.311000e+000
2  4.802000e+000
3  2.012000e+001
4  4.715000e+001
5  2.510000e+001
6  8.852000e+000
7  3.541000e+000
8  1.188000e+000
9  9.539000e-001
10  1.814000e+000
11  1.790000e+001
12  4.872000e+000
13  1.398000e+001
14  7.848000e+000
15  2.088000e+001
16  4.195000e+001
17  1.289000e+001
18  9.739000e+000
19  2.270000e+000
20  9.710000e-001
21  4.787000e-001
22  1.885000e+000
23  1.653000e+001
24  7.428000e+000
25  9.459000e+000
26  1.222000e+001
27  1.610000e+001
28  3.171000e+001
29  1.285000e+001
30  4.494000e+000
31  1.908000e+000
32  8.095000e-001
33  4.232000e-001
34  2.656000e-001
35  2.569000e+000
36  1.721000e-001
38  3.569000e+000
39  1.091000e+001
40  3.871000e+001
41  2.080000e+001
42  7.833000e+000
43  2.827000e+000
44  1.090000e+000
45  5.157000e-001
46  6.440000e-001
47  2.207000e+000
48  7.566000e+000
49  5.642000e+000
50  6.107000e+000
51  5.391000e+000
52  2.923000e+001
53  1.868000e+001
54  5.531000e+000
55  3.224000e+000
56  1.232000e+000
57  4.392000e-001
58  4.538000e-001
59  4.978000e+000
60  2.209000e+000
61  1.014000e+001
62  8.896000e+000
63  1.111000e+001
64  1.833000e+001
65  5.624000e+000
66  1.935000e+000
67  1.191000e+000
68  5.798000e-001
69  1.926000e-001
70  1.014000e-001
71  1.220000e-001
72  8.377000e-001
73  2.733000e+000
74  7.803000e+000
75  1.380000e+001
76  1.166000e+001
77  6.590000e+000
78  2.003000e+000
79  8.180000e-001
80  3.573000e-001
81  1.756000e-001
82  9.595000e-001
83  2.371000e+000
84  1.068000e+000
85  1.701000e+000
86  2.284000e+000
87  5.915000e+000
88  1.852000e+001
89  7.950000e+000
90  2.064000e+000
91  8.306000e-001
92  3.585000e-001
93  1.931000e-001
94  2.587000e+000
95  2.206000e+000
96  2.107000e+000
97  7.659000e-001
98  5.311000e+000
99  1.880000e+001
100  2.081000e+001
101  1.237000e+001
102  3.231000e+000
103  1.627000e+000
104  5.879000e-001
105  2.735000e-001
106  4.852000e-001
107  4.006000e+000
108  6.218000e+000
   144 
1  6.913000e+000
2  6.889000e+000
3  1.471000e+001
4  3.469000e+001
5  3.369000e+001
6  1.476000e+001
7  6.239000e+000
8  3.547000e+000
9  1.810000e+000
10  1.089000e+000
11  5.440000e+000
12  6.907000e+000
13  1.262000e+001
14  9.988000e+000
15  1.738000e+001
16  3.070000e+001
17  2.596000e+001
18  1.062000e+001
19  5.425000e+000
20  3.169000e+000
21  1.570000e+000
22  9.821000e-001
23  4.199000e+000
24  8.945000e+000
25  9.088000e+000
26  1.200000e+001
27  1.496000e+001
28  2.800000e+001
29  1.687000e+001
30  7.972000e+000
31  4.583000e+000
32  2.610000e+000
33  1.323000e+000
34  8.787000e-001
35  6.121000e-001
36  6.161000e-001
38  2.164000e+000
39  6.042000e+000
40  2.664000e+001
41  2.715000e+001
42  1.295000e+001
43  5.948000e+000
44  3.403000e+000
45  1.683000e+000
46  1.004000e+000
47  6.799000e-001
48  1.091000e+000
49  4.299000e+000
50  4.815000e+000
51  5.952000e+000
52  1.772000e+001
53  2.609000e+001
54  1.023000e+001
55  5.084000e+000
56  2.958000e+000
57  1.496000e+000
58  9.472000e-001
59  8.368000e-001
60  1.920000e+000
61  3.890000e+000
62  6.072000e+000
63  8.276000e+000
64  2.005000e+001
65  9.091000e+000
66  5.243000e+000
67  3.138000e+000
68  1.566000e+000
69  9.688000e-001
70  6.280000e-001
71  3.679000e-001
72  2.120000e-001
73  1.950000e-001
74  1.654000e+000
75  6.533000e+000
76  1.416000e+001
77  9.376000e+000
78  5.375000e+000
79  3.217000e+000
80  1.564000e+000
81  9.441000e-001
82  5.786000e-001
83  3.648000e-001
84  5.593000e-001
85  1.121000e+000
86  1.538000e+000
87  1.814000e+000
88  1.212000e+001
89  1.174000e+001
90  5.862000e+000
91  3.541000e+000
92  1.728000e+000
93  9.788000e-001
94  6.026000e-001
95  6.113000e-001
96  1.489000e+000
97  1.979000e+000
98  1.815000e+000
99  9.857000e+000
100  2.059000e+001
101  1.516000e+001
102  7.118000e+000
103  4.059000e+000
104  2.188000e+000
105  1.166000e+000
106  7.613000e-001
107  4.825000e-001
108  2.044000e+000
   145 
1  3.990000e+000
2  4.788000e+000
3  1.973000e+001
4  4.827000e+001
5  2.790000e+001
6  6.016000e+000
7  2.623000e+000
8  6.759000e-001
9  3.910000e-001
10  6.538000e-001
11  1.550000e+001
12  5.431000e+000
13  1.361000e+001
14  7.918000e+000
15  2.154000e+001
16  4.292000e+001
17  1.369000e+001
18  7.402000e+000
19  1.440000e+000
20  4.993000e-001
21  2.594000e-001
22  7.840000e-001
23  1.372000e+001
24  8.351000e+000
25  9.218000e+000
26  1.222000e+001
27  1.718000e+001
28  3.349000e+001
29  1.106000e+001
30  3.371000e+000
31  1.165000e+000
32  4.377000e-001
33  2.265000e-001
34  1.541000e-001
35  1.726000e+000
36  5.392000e-001
38  3.721000e+000
39  1.015000e+001
40  4.042000e+001
41  2.161000e+001
42  5.863000e+000
43  1.825000e+000
44  5.530000e-001
45  2.606000e-001
46  2.058000e-001
47  1.359000e+000
48  6.012000e+000
49  6.029000e+000
50  4.961000e+000
51  5.504000e+000
52  2.902000e+001
53  2.182000e+001
54  3.819000e+000
55  1.902000e+000
56  7.728000e-001
57  3.204000e-001
58  1.623000e-001
59  3.364000e+000
60  2.294000e+000
61  8.125000e+000
62  9.545000e+000
63  1.020000e+001
64  2.008000e+001
65  4.752000e+000
66  1.695000e+000
67  5.744000e-001
68  4.016000e-001
69  2.427000e-001
70  9.379000e-002
71  5.142000e-002
72  1.843000e-001
73  1.922000e+000
74  6.546000e+000
75  1.306000e+001
76  1.372000e+001
77  6.251000e+000
78  1.722000e+000
79  5.310000e-001
80  2.139000e-001
81  9.665000e-002
82  2.497000e-001
83  1.746000e+000
84  1.227000e+000
85  1.402000e+000
86  2.164000e+000
87  5.034000e+000
88  1.981000e+001
89  7.698000e+000
90  1.823000e+000
91  5.550000e-001
92  2.150000e-001
93  9.642000e-002
94  1.230000e+000
95  2.089000e+000
96  1.951000e+000
97  1.487000e+000
98  3.676000e+000
99  1.914000e+001
100  2.143000e+001
101  1.162000e+001
102  2.578000e+000
103  8.032000e-001
104  4.745000e-001
105  1.804000e-001
106  1.941000e-001
107  2.115000e+000
108  5.721000e+000
   146 
1  3.836000e+000
2  5.464000e+000
3  2.051000e+001
4  4.860000e+001
5  2.930000e+001
6  3.169000e+000
7  1.404000e+000
8  4.287000e-001
9  4.611000e-001
10  3.458000e-001
11  1.336000e+001
12  6.227000e+000
13  1.441000e+001
14  8.968000e+000
15  2.224000e+001
16  4.106000e+001
17  1.478000e+001
18  5.415000e+000
19  8.303000e-001
20  3.708000e-001
21  2.615000e-001
22  6.730000e-001
23  1.165000e+001
24  1.015000e+001
25  9.285000e+000
26  1.333000e+001
27  1.750000e+001
28  3.416000e+001
29  9.120000e+000
30  3.061000e+000
31  5.632000e-001
32  3.050000e-001
33  2.542000e-001
34  2.201000e-001
35  1.102000e+000
36  2.538000e-001
38  2.821000e+000
39  1.101000e+001
40  4.276000e+001
41  2.052000e+001
42  4.527000e+000
43  1.055000e+000
44  3.624000e-001
45  2.389000e-001
46  2.807000e-001
47  1.117000e+000
48  5.540000e+000
49  5.582000e+000
50  3.389000e+000
51  6.398000e+000
52  2.915000e+001
53  2.464000e+001
54  1.903000e+000
55  7.443000e-001
56  5.161000e-001
57  2.161000e-001
58  2.315000e-001
59  3.404000e+000
60  2.532000e+000
61  5.373000e+000
62  8.759000e+000
63  1.028000e+001
64  2.410000e+001
65  3.159000e+000
66  1.012000e+000
67  3.389000e-001
68  2.556000e-001
69  1.739000e-001
70  8.939000e-002
71  9.026000e-002
72  2.102000e-001
73  1.435000e+000
74  6.410000e+000
75  1.229000e+001
76  1.582000e+001
77  5.818000e+000
78  6.912000e-001
79  2.070000e-001
80  1.327000e-001
81  9.571000e-002
82  1.888000e-001
83  1.151000e+000
84  1.595000e+000
85  1.748000e+000
86  1.609000e+000
87  4.627000e+000
88  2.198000e+001
89  6.989000e+000
90  8.446000e-001
91  2.109000e-001
92  1.297000e-001
93  9.364000e-002
94  7.755000e-001
95  2.342000e+000
96  2.376000e+000
97  1.490000e+000
98  2.536000e+000
99  1.972000e+001
100  2.286000e+001
101  1.102000e+001
102  1.599000e+000
103  3.688000e-001
104  2.925000e-001
105  1.514000e-001
106  2.508000e-001
107  1.935000e+000
108  5.497000e+000
   147 
1  6.461000e+000
2  6.393000e+000
3  1.174000e+001
4  2.347000e+001
5  2.368000e+001
6  2.585000e+001
7  1.281000e+001
8  6.261000e+000
9  3.887000e+000
10  2.348000e+000
11  4.784000e+000
12  6.914000e+000
13  9.686000e+000
14  9.246000e+000
15  1.156000e+001
16  2.095000e+001
17  2.543000e+001
18  1.964000e+001
19  9.664000e+000
20  5.287000e+000
21  3.349000e+000
22  1.995000e+000
23  3.597000e+000
24  8.015000e+000
25  8.530000e+000
26  1.054000e+001
27  1.024000e+001
28  2.037000e+001
29  1.904000e+001
30  1.308000e+001
31  7.365000e+000
32  4.490000e+000
33  2.803000e+000
34  1.601000e+000
35  1.196000e+000
36  1.124000e+000
38  1.961000e+000
39  4.003000e+000
40  1.603000e+001
41  2.231000e+001
42  1.787000e+001
43  1.025000e+001
44  5.604000e+000
45  3.551000e+000
46  2.014000e+000
47  1.359000e+000
48  1.610000e+000
49  3.720000e+000
50  4.583000e+000
51  5.104000e+000
52  1.018000e+001
53  2.064000e+001
54  1.473000e+001
55  8.196000e+000
56  4.912000e+000
57  3.124000e+000
58  1.733000e+000
59  1.422000e+000
60  2.162000e+000
61  2.894000e+000
62  6.385000e+000
63  6.502000e+000
64  1.280000e+001
65  1.161000e+001
66  6.936000e+000
67  4.382000e+000
68  2.715000e+000
69  1.534000e+000
70  1.036000e+000
71  6.867000e-001
72  4.375000e-001
73  3.604000e-001
74  1.022000e+000
75  4.317000e+000
76  9.980000e+000
77  9.648000e+000
78  6.761000e+000
79  4.369000e+000
80  2.650000e+000
81  1.467000e+000
82  9.982000e-001
83  7.513000e-001
84  8.651000e-001
85  1.131000e+000
86  1.477000e+000
87  1.822000e+000
88  6.738000e+000
89  1.075000e+001
90  7.459000e+000
91  4.602000e+000
92  2.789000e+000
93  1.505000e+000
94  1.017000e+000
95  1.091000e+000
96  1.596000e+000
97  1.774000e+000
98  1.665000e+000
99  5.495000e+000
100  1.357000e+001
101  1.525000e+001
102  1.098000e+001
103  6.099000e+000
104  3.867000e+000
105  2.224000e+000
106  1.309000e+000
107  9.822000e-001
108  1.776000e+000
   148 
1  6.080000e+000
2  6.149000e+000
3  1.234000e+001
4  2.250000e+001
5  2.082000e+001
6  2.242000e+001
7  1.394000e+001
8  7.649000e+000
9  4.969000e+000
10  3.816000e+000
11  7.532000e+000
12  7.135000e+000
13  1.028000e+001
14  8.833000e+000
15  1.145000e+001
16  1.891000e+001
17  2.317000e+001
18  1.786000e+001
19  1.098000e+001
20  6.275000e+000
21  4.524000e+000
22  3.428000e+000
23  6.476000e+000
24  8.033000e+000
25  8.392000e+000
26  1.045000e+001
27  1.026000e+001
28  1.767000e+001
29  1.751000e+001
30  1.291000e+001
31  7.625000e+000
32  5.128000e+000
33  3.933000e+000
34  2.894000e+000
35  2.460000e+000
36  2.115000e+000
38  2.214000e+000
39  4.529000e+000
40  1.442000e+001
41  1.861000e+001
42  1.639000e+001
43  1.081000e+001
44  6.212000e+000
45  4.508000e+000
46  3.337000e+000
47  2.654000e+000
48  2.743000e+000
49  4.032000e+000
50  4.891000e+000
51  5.153000e+000
52  1.074000e+001
53  1.728000e+001
54  1.336000e+001
55  8.250000e+000
56  5.404000e+000
57  4.111000e+000
58  2.993000e+000
59  2.587000e+000
60  2.722000e+000
61  4.169000e+000
62  7.208000e+000
63  7.076000e+000
64  1.213000e+001
65  9.691000e+000
66  5.921000e+000
67  4.442000e+000
68  3.391000e+000
69  2.602000e+000
70  2.055000e+000
71  1.449000e+000
72  9.929000e-001
73  8.275000e-001
74  1.900000e+000
75  4.211000e+000
76  9.049000e+000
77  7.975000e+000
78  5.241000e+000
79  4.197000e+000
80  3.229000e+000
81  2.530000e+000
82  1.999000e+000
83  1.579000e+000
84  1.451000e+000
85  1.420000e+000
86  1.503000e+000
87  1.710000e+000
88  6.947000e+000
89  9.344000e+000
90  5.753000e+000
91  4.141000e+000
92  3.242000e+000
93  2.537000e+000
94  2.041000e+000
95  1.811000e+000
96  1.839000e+000
97  1.836000e+000
98  1.875000e+000
99  6.213000e+000
100  1.222000e+001
101  1.311000e+001
102  9.722000e+000
103  5.888000e+000
104  4.442000e+000
105  3.271000e+000
106  2.531000e+000
107  2.028000e+000
108  2.364000e+000
   149 
1  6.404000e+000
2  6.547000e+000
3  1.463000e+001
4  3.246000e+001
5  3.347000e+001
6  1.683000e+001
7  6.636000e+000
8  3.666000e+000
9  2.099000e+000
10  1.157000e+000
11  4.559000e+000
12  6.388000e+000
13  1.220000e+001
14  9.855000e+000
15  1.719000e+001
16  2.880000e+001
17  2.699000e+001
18  1.140000e+001
19  5.398000e+000
20  3.245000e+000
21  1.748000e+000
22  1.026000e+000
23  3.632000e+000
24  8.479000e+000
25  8.765000e+000
26  1.193000e+001
27  1.461000e+001
28  2.654000e+001
29  1.840000e+001
30  8.030000e+000
31  4.524000e+000
32  2.769000e+000
33  1.447000e+000
34  9.233000e-001
35  6.539000e-001
36  5.673000e-001
38  1.806000e+000
39  5.975000e+000
40  2.465000e+001
41  2.641000e+001
42  1.419000e+001
43  6.089000e+000
44  3.476000e+000
45  1.919000e+000
46  1.071000e+000
47  7.369000e-001
48  8.309000e-001
49  3.722000e+000
50  4.551000e+000
51  5.666000e+000
52  1.816000e+001
53  2.452000e+001
54  1.080000e+001
55  5.134000e+000
56  3.108000e+000
57  1.677000e+000
58  1.002000e+000
59  7.959000e-001
60  1.537000e+000
61  3.262000e+000
62  6.217000e+000
63  8.436000e+000
64  1.883000e+001
65  9.158000e+000
66  5.123000e+000
67  3.179000e+000
68  1.704000e+000
69  1.001000e+000
70  6.841000e-001
71  4.263000e-001
72  2.489000e-001
73  1.774000e-001
74  1.066000e+000
75  6.267000e+000
76  1.358000e+001
77  9.109000e+000
78  5.156000e+000
79  3.226000e+000
80  1.715000e+000
81  9.923000e-001
82  6.613000e-001
83  4.156000e-001
84  4.315000e-001
85  8.372000e-001
86  1.363000e+000
87  1.771000e+000
88  1.091000e+001
89  1.210000e+001
90  5.659000e+000
91  3.518000e+000
92  1.921000e+000
93  1.040000e+000
94  6.825000e-001
95  5.423000e-001
96  1.142000e+000
97  1.739000e+000
98  1.757000e+000
99  9.374000e+000
100  1.920000e+001
101  1.582000e+001
102  6.952000e+000
103  4.008000e+000
104  2.372000e+000
105  1.243000e+000
106  8.258000e-001
107  5.454000e-001
108  1.532000e+000
   150 
1  5.292000e+000
2  5.950000e+000
3  1.754000e+001
4  4.195000e+001
5  3.344000e+001
6  7.566000e+000
7  3.301000e+000
8  1.068000e+000
9  5.838000e-001
10  4.582000e-001
11  1.219000e+001
12  6.482000e+000
13  1.420000e+001
14  8.839000e+000
15  1.866000e+001
16  3.659000e+001
17  2.138000e+001
18  8.102000e+000
19  2.455000e+000
20  9.010000e-001
21  4.654000e-001
22  5.538000e-001
23  1.029000e+001
24  9.898000e+000
25  9.821000e+000
26  1.210000e+001
27  1.494000e+001
28  3.192000e+001
29  1.367000e+001
30  5.167000e+000
31  1.972000e+000
32  7.316000e-001
33  3.982000e-001
34  2.582000e-001
35  9.803000e-001
36  4.539000e-001
38  3.514000e+000
39  8.684000e+000
40  3.492000e+001
41  2.575000e+001
42  8.188000e+000
43  2.886000e+000
44  9.958000e-001
45  4.709000e-001
46  2.957000e-001
47  9.068000e-001
48  4.637000e+000
49  5.570000e+000
50  5.055000e+000
51  5.701000e+000
52  2.260000e+001
53  2.696000e+001
54  5.657000e+000
55  2.364000e+000
56  9.552000e-001
57  4.280000e-001
58  2.508000e-001
59  2.731000e+000
60  2.576000e+000
61  6.502000e+000
62  9.014000e+000
63  8.588000e+000
64  2.146000e+001
65  6.322000e+000
66  2.569000e+000
67  9.094000e-001
68  4.699000e-001
69  2.617000e-001
70  1.281000e-001
71  8.545000e-002
72  1.438000e-001
73  1.397000e+000
74  5.657000e+000
75  1.031000e+001
76  1.479000e+001
77  7.766000e+000
78  2.584000e+000
79  8.817000e-001
80  3.693000e-001
81  1.788000e-001
82  1.447000e-001
83  9.884000e-001
84  1.349000e+000
85  1.564000e+000
86  1.982000e+000
87  3.534000e+000
88  1.857000e+001
89  9.361000e+000
90  2.793000e+000
91  9.627000e-001
92  3.837000e-001
93  1.828000e-001
94  5.442000e-001
95  1.949000e+000
96  1.980000e+000
97  1.772000e+000
98  2.608000e+000
99  1.613000e+001
100  2.192000e+001
101  1.322000e+001
102  4.065000e+000
103  1.529000e+000
104  6.321000e-001
105  2.897000e-001
106  2.251000e-001
107  1.419000e+000
108  5.008000e+000
   151 
1  4.874000e+000
2  6.208000e+000
3  1.410000e+001
4  3.174000e+001
5  2.691000e+001
6  1.372000e+001
7  8.808000e+000
8  5.342000e+000
9  3.611000e+000
10  2.258000e+000
11  1.109000e+001
12  5.299000e+000
13  1.069000e+001
14  7.859000e+000
15  1.367000e+001
16  2.883000e+001
17  1.972000e+001
18  1.370000e+001
19  7.706000e+000
20  4.801000e+000
21  3.028000e+000
22  2.495000e+000
23  9.316000e+000
24  7.476000e+000
25  9.485000e+000
26  9.518000e+000
27  1.063000e+001
28  2.364000e+001
29  1.510000e+001
30  9.921000e+000
31  6.338000e+000
32  3.954000e+000
33  2.490000e+000
34  1.593000e+000
35  1.994000e+000
36  7.784000e-001
38  2.808000e+000
39  5.276000e+000
40  2.382000e+001
41  2.013000e+001
42  1.263000e+001
43  7.820000e+000
44  4.838000e+000
45  3.032000e+000
46  2.056000e+000
47  2.049000e+000
48  3.905000e+000
49  4.760000e+000
50  4.769000e+000
51  4.599000e+000
52  1.533000e+001
53  1.939000e+001
54  1.020000e+001
55  6.754000e+000
56  4.198000e+000
57  2.487000e+000
58  1.685000e+000
59  3.158000e+000
60  2.190000e+000
61  5.863000e+000
62  8.797000e+000
63  5.947000e+000
64  1.408000e+001
65  7.996000e+000
66  5.183000e+000
67  3.358000e+000
68  2.029000e+000
69  1.247000e+000
70  8.021000e-001
71  5.460000e-001
72  4.970000e-001
73  1.331000e+000
74  4.467000e+000
75  7.486000e+000
76  9.352000e+000
77  7.980000e+000
78  4.835000e+000
79  3.017000e+000
80  1.808000e+000
81  1.137000e+000
82  8.863000e-001
83  1.429000e+000
84  1.269000e+000
85  1.421000e+000
86  2.045000e+000
87  2.361000e+000
88  1.251000e+001
89  8.350000e+000
90  4.848000e+000
91  3.034000e+000
92  1.813000e+000
93  1.138000e+000
94  1.466000e+000
95  1.861000e+000
96  1.820000e+000
97  1.498000e+000
98  2.765000e+000
99  1.030000e+001
100  1.513000e+001
101  1.236000e+001
102  7.671000e+000
103  4.876000e+000
104  3.030000e+000
105  1.823000e+000
106  1.328000e+000
107  2.073000e+000
108  3.935000e+000
   152 
1  4.707000e+000
2  6.249000e+000
3  1.541000e+001
4  3.277000e+001
5  2.830000e+001
6  1.211000e+001
7  7.702000e+000
8  4.531000e+000
9  3.149000e+000
10  2.027000e+000
11  1.282000e+001
12  5.448000e+000
13  1.200000e+001
14  7.880000e+000
15  1.478000e+001
16  2.945000e+001
17  2.027000e+001
18  1.262000e+001
19  6.533000e+000
20  4.121000e+000
21  2.637000e+000
22  2.336000e+000
23  1.039000e+001
24  8.347000e+000
25  9.739000e+000
26  1.035000e+001
27  1.130000e+001
28  2.539000e+001
29  1.428000e+001
30  8.683000e+000
31  5.370000e+000
32  3.399000e+000
33  2.181000e+000
34  1.412000e+000
35  2.078000e+000
36  7.041000e-001
38  3.236000e+000
39  6.516000e+000
40  2.680000e+001
41  2.021000e+001
42  1.158000e+001
43  6.637000e+000
44  4.125000e+000
45  2.627000e+000
46  1.827000e+000
47  2.093000e+000
48  4.637000e+000
49  5.056000e+000
50  5.057000e+000
51  5.148000e+000
52  1.599000e+001
53  2.151000e+001
54  8.763000e+000
55  5.848000e+000
56  3.673000e+000
57  2.192000e+000
58  1.517000e+000
59  3.777000e+000
60  2.336000e+000
61  6.416000e+000
62  9.667000e+000
63  6.915000e+000
64  1.565000e+001
65  6.948000e+000
66  4.345000e+000
67  2.842000e+000
68  1.748000e+000
69  1.068000e+000
70  6.933000e-001
71  4.777000e-001
72  4.645000e-001
73  1.835000e+000
74  5.302000e+000
75  8.498000e+000
76  1.034000e+001
77  7.524000e+000
78  4.096000e+000
79  2.582000e+000
80  1.574000e+000
81  9.894000e-001
82  8.543000e-001
83  1.604000e+000
84  1.397000e+000
85  1.531000e+000
86  2.147000e+000
87  2.945000e+000
88  1.432000e+001
89  8.029000e+000
90  4.073000e+000
91  2.561000e+000
92  1.553000e+000
93  9.751000e-001
94  1.564000e+000
95  2.073000e+000
96  1.934000e+000
97  1.435000e+000
98  3.138000e+000
99  1.239000e+001
100  1.668000e+001
101  1.210000e+001
102  6.426000e+000
103  4.111000e+000
104  2.594000e+000
105  1.573000e+000
106  1.178000e+000
107  2.495000e+000
108  4.048000e+000
   153 
1  5.103000e+000
2  6.116000e+000
3  1.575000e+001
4  3.712000e+001
5  2.806000e+001
6  1.230000e+001
7  6.517000e+000
8  3.711000e+000
9  2.385000e+000
10  1.433000e+000
11  1.183000e+001
12  5.400000e+000
13  1.235000e+001
14  8.534000e+000
15  1.638000e+001
16  3.258000e+001
17  1.952000e+001
18  1.204000e+001
19  5.655000e+000
20  3.289000e+000
21  1.948000e+000
22  1.620000e+000
23  1.022000e+001
24  7.963000e+000
25  9.631000e+000
26  1.060000e+001
27  1.275000e+001
28  2.669000e+001
29  1.493000e+001
30  8.338000e+000
31  4.683000e+000
32  2.710000e+000
33  1.604000e+000
34  9.346000e-001
35  1.459000e+000
36  5.374000e-001
38  2.759000e+000
39  6.694000e+000
40  2.934000e+001
41  2.169000e+001
42  1.166000e+001
43  6.041000e+000
44  3.464000e+000
45  2.037000e+000
46  1.270000e+000
47  1.547000e+000
48  4.269000e+000
49  5.014000e+000
50  5.134000e+000
51  4.846000e+000
52  1.989000e+001
53  2.092000e+001
54  8.995000e+000
55  5.250000e+000
56  3.045000e+000
57  1.665000e+000
58  1.025000e+000
59  2.931000e+000
60  2.344000e+000
61  6.632000e+000
62  7.994000e+000
63  7.468000e+000
64  1.676000e+001
65  7.838000e+000
66  4.417000e+000
67  2.658000e+000
68  1.523000e+000
69  8.160000e-001
70  4.865000e-001
71  3.072000e-001
72  3.204000e-001
73  1.414000e+000
74  4.970000e+000
75  9.276000e+000
76  1.108000e+001
77  7.968000e+000
78  4.121000e+000
79  2.423000e+000
80  1.349000e+000
81  7.280000e-001
82  5.537000e-001
83  1.248000e+000
84  1.294000e+000
85  1.494000e+000
86  2.008000e+000
87  2.906000e+000
88  1.488000e+001
89  8.839000e+000
90  4.178000e+000
91  2.483000e+000
92  1.391000e+000
93  7.425000e-001
94  1.067000e+000
95  1.912000e+000
96  1.858000e+000
97  1.635000e+000
98  2.817000e+000
99  1.264000e+001
100  1.768000e+001
101  1.316000e+001
102  6.518000e+000
103  3.840000e+000
104  2.219000e+000
105  1.194000e+000
106  8.218000e-001
107  1.909000e+000
108  4.479000e+000
   154 
1  4.112000e+000
2  4.604000e+000
3  1.987000e+001
4  4.703000e+001
5  2.967000e+001
6  4.714000e+000
7  2.482000e+000
8  7.244000e-001
9  3.877000e-001
10  7.694000e-001
11  1.494000e+001
12  6.193000e+000
13  1.355000e+001
14  8.066000e+000
15  2.190000e+001
16  4.082000e+001
17  1.536000e+001
18  6.431000e+000
19  1.415000e+000
20  4.864000e-001
21  2.574000e-001
22  7.441000e-001
23  1.372000e+001
24  8.828000e+000
25  8.879000e+000
26  1.281000e+001
27  1.742000e+001
28  3.351000e+001
29  1.038000e+001
30  3.080000e+000
31  9.841000e-001
32  3.948000e-001
33  2.261000e-001
34  1.689000e-001
35  1.702000e+000
36  7.650000e-001
38  3.722000e+000
39  1.075000e+001
40  3.996000e+001
41  2.208000e+001
42  5.167000e+000
43  1.577000e+000
44  5.271000e-001
45  2.576000e-001
46  2.043000e-001
47  1.376000e+000
48  6.141000e+000
49  6.111000e+000
50  4.722000e+000
51  5.675000e+000
52  2.775000e+001
53  2.402000e+001
54  2.928000e+000
55  1.412000e+000
56  7.450000e-001
57  3.863000e-001
58  1.979000e-001
59  3.109000e+000
60  2.463000e+000
61  7.103000e+000
62  1.009000e+001
63  1.056000e+001
64  2.091000e+001
65  4.079000e+000
66  1.629000e+000
67  5.272000e-001
68  3.991000e-001
69  2.817000e-001
70  1.463000e-001
71  6.852000e-002
72  1.567000e-001
73  1.689000e+000
74  6.478000e+000
75  1.291000e+001
76  1.507000e+001
77  5.966000e+000
78  1.466000e+000
79  4.544000e-001
80  1.841000e-001
81  8.884000e-002
82  2.026000e-001
83  1.682000e+000
84  1.470000e+000
85  1.408000e+000
86  1.949000e+000
87  5.167000e+000
88  2.054000e+001
89  7.653000e+000
90  1.623000e+000
91  4.820000e-001
92  1.882000e-001
93  8.668000e-002
94  1.027000e+000
95  2.227000e+000
96  2.257000e+000
97  1.671000e+000
98  3.338000e+000
99  1.946000e+001
100  2.193000e+001
101  1.146000e+001
102  2.238000e+000
103  6.677000e-001
104  4.164000e-001
105  2.165000e-001
106  1.875000e-001
107  2.002000e+000
108  5.985000e+000
   155 
1  6.163000e+000
2  6.517000e+000
3  1.617000e+001
4  3.960000e+001
5  3.268000e+001
6  1.184000e+001
7  4.522000e+000
8  1.677000e+000
9  8.885000e-001
10  6.270000e-001
11  1.269000e+001
12  7.189000e+000
13  1.437000e+001
14  9.268000e+000
15  1.681000e+001
16  3.562000e+001
17  2.251000e+001
18  1.112000e+001
19  3.767000e+000
20  1.470000e+000
21  6.080000e-001
22  9.500000e-001
23  1.110000e+001
24  9.644000e+000
25  1.073000e+001
26  1.141000e+001
27  1.367000e+001
28  2.978000e+001
29  1.664000e+001
30  7.561000e+000
31  2.993000e+000
32  1.096000e+000
33  5.240000e-001
34  3.312000e-001
35  1.238000e+000
36  3.123000e-001
38  3.463000e+000
39  7.983000e+000
40  3.217000e+001
41  2.630000e+001
42  1.203000e+001
43  4.385000e+000
44  1.644000e+000
45  6.431000e-001
46  4.624000e-001
47  1.410000e+000
48  4.799000e+000
49  5.859000e+000
50  5.822000e+000
51  5.600000e+000
52  2.112000e+001
53  2.562000e+001
54  9.036000e+000
55  3.629000e+000
56  1.427000e+000
57  5.144000e-001
58  3.649000e-001
59  3.630000e+000
60  2.623000e+000
61  7.218000e+000
62  8.606000e+000
63  8.137000e+000
64  2.004000e+001
65  9.134000e+000
66  3.740000e+000
67  1.564000e+000
68  6.003000e-001
69  3.158000e-001
70  1.477000e-001
71  1.159000e-001
72  2.574000e-001
73  2.090000e+000
74  6.057000e+000
75  9.939000e+000
76  1.315000e+001
77  9.418000e+000
78  3.645000e+000
79  1.394000e+000
80  5.017000e-001
81  2.333000e-001
82  2.814000e-001
83  1.414000e+000
84  1.454000e+000
85  1.669000e+000
86  2.171000e+000
87  3.349000e+000
88  1.674000e+001
89  1.084000e+001
90  3.934000e+000
91  1.514000e+000
92  5.316000e-001
93  2.412000e-001
94  9.721000e-001
95  2.156000e+000
96  2.034000e+000
97  1.692000e+000
98  3.237000e+000
99  1.411000e+001
100  2.101000e+001
101  1.526000e+001
102  6.257000e+000
103  2.439000e+000
104  8.951000e-001
105  3.787000e-001
106  3.441000e-001
107  2.338000e+000
108  4.741000e+000
   156 
1  4.643000e+000
2  5.532000e+000
3  1.564000e+001
4  3.394000e+001
5  2.955000e+001
6  1.045000e+001
7  7.077000e+000
8  3.972000e+000
9  2.768000e+000
10  1.822000e+000
11  1.320000e+001
12  5.783000e+000
13  1.157000e+001
14  7.392000e+000
15  1.526000e+001
16  3.023000e+001
17  2.075000e+001
18  1.169000e+001
19  5.587000e+000
20  3.556000e+000
21  2.281000e+000
22  2.068000e+000
23  1.076000e+001
24  8.754000e+000
25  9.087000e+000
26  1.060000e+001
27  1.155000e+001
28  2.672000e+001
29  1.398000e+001
30  7.604000e+000
31  4.616000e+000
32  3.011000e+000
33  1.919000e+000
34  1.244000e+000
35  2.178000e+000
36  8.922000e-001
38  3.645000e+000
39  6.868000e+000
40  2.755000e+001
41  2.114000e+001
42  1.045000e+001
43  5.729000e+000
44  3.550000e+000
45  2.258000e+000
46  1.525000e+000
47  1.987000e+000
48  4.695000e+000
49  5.417000e+000
50  4.769000e+000
51  5.288000e+000
52  1.620000e+001
53  2.249000e+001
54  7.721000e+000
55  5.309000e+000
56  3.381000e+000
57  1.989000e+000
58  1.316000e+000
59  3.460000e+000
60  2.422000e+000
61  6.144000e+000
62  1.056000e+001
63  7.415000e+000
64  1.619000e+001
65  6.098000e+000
66  3.807000e+000
67  2.353000e+000
68  1.483000e+000
69  9.478000e-001
70  5.975000e-001
71  4.001000e-001
72  3.952000e-001
73  1.591000e+000
74  5.072000e+000
75  8.956000e+000
76  1.117000e+001
77  7.305000e+000
78  3.658000e+000
79  2.270000e+000
80  1.373000e+000
81  8.887000e-001
82  7.101000e-001
83  1.704000e+000
84  1.441000e+000
85  1.450000e+000
86  2.058000e+000
87  3.045000e+000
88  1.511000e+001
89  8.195000e+000
90  3.576000e+000
91  2.196000e+000
92  1.321000e+000
93  8.543000e-001
94  1.323000e+000
95  2.264000e+000
96  1.921000e+000
97  1.512000e+000
98  2.614000e+000
99  1.334000e+001
100  1.778000e+001
101  1.219000e+001
102  5.485000e+000
103  3.443000e+000
104  2.236000e+000
105  1.314000e+000
106  1.011000e+000
107  1.912000e+000
108  4.441000e+000
   157 
1  4.503000e+000
2  5.837000e+000
3  2.088000e+001
4  4.644000e+001
5  3.188000e+001
6  3.711000e+000
7  2.405000e+000
8  5.899000e-001
9  3.671000e-001
10  4.064000e-001
11  1.499000e+001
12  8.487000e+000
13  1.574000e+001
14  9.052000e+000
15  2.178000e+001
16  4.036000e+001
17  1.663000e+001
18  6.861000e+000
19  1.092000e+000
20  3.778000e-001
21  2.431000e-001
22  6.562000e-001
23  1.279000e+001
24  1.167000e+001
25  9.436000e+000
26  1.491000e+001
27  1.796000e+001
28  3.367000e+001
29  1.087000e+001
30  3.396000e+000
31  6.553000e-001
32  3.027000e-001
33  2.362000e-001
34  1.900000e-001
35  1.283000e+000
36  5.638000e-001
38  4.299000e+000
39  1.194000e+001
40  4.091000e+001
41  2.390000e+001
42  5.380000e+000
43  1.384000e+000
44  4.258000e-001
45  2.301000e-001
46  2.035000e-001
47  1.707000e+000
48  5.898000e+000
49  6.216000e+000
50  4.385000e+000
51  8.433000e+000
52  2.819000e+001
53  2.602000e+001
54  2.320000e+000
55  9.521000e-001
56  6.906000e-001
57  2.922000e-001
58  1.861000e-001
59  4.562000e+000
60  2.826000e+000
61  5.374000e+000
62  1.130000e+001
63  1.133000e+001
64  2.460000e+001
65  3.732000e+000
66  1.392000e+000
67  3.638000e-001
68  3.289000e-001
69  2.337000e-001
70  9.829000e-002
71  6.984000e-002
72  1.798000e-001
73  2.410000e+000
74  6.535000e+000
75  1.162000e+001
76  1.829000e+001
77  6.430000e+000
78  1.005000e+000
79  2.524000e-001
80  1.320000e-001
81  9.347000e-002
82  1.264000e-001
83  1.549000e+000
84  1.733000e+000
85  1.781000e+000
86  1.828000e+000
87  5.072000e+000
88  2.229000e+001
89  8.302000e+000
90  1.105000e+000
91  2.508000e-001
92  1.268000e-001
93  8.948000e-002
94  7.604000e-001
95  2.712000e+000
96  2.412000e+000
97  1.695000e+000
98  2.430000e+000
99  2.121000e+001
100  2.394000e+001
101  1.252000e+001
102  1.899000e+000
103  4.185000e-001
104  3.396000e-001
105  1.676000e-001
106  2.021000e-001
107  2.355000e+000
108  5.469000e+000
   158 
1  6.045000e+000
2  6.628000e+000
3  1.172000e+001
4  2.445000e+001
5  2.362000e+001
6  2.739000e+001
7  1.301000e+001
8  6.121000e+000
9  3.615000e+000
10  2.030000e+000
11  3.383000e+000
12  6.089000e+000
13  9.994000e+000
14  9.778000e+000
15  1.278000e+001
16  2.138000e+001
17  2.725000e+001
18  1.893000e+001
19  9.154000e+000
20  4.929000e+000
21  3.043000e+000
22  1.649000e+000
23  2.528000e+000
24  7.150000e+000
25  8.629000e+000
26  1.070000e+001
27  1.088000e+001
28  2.074000e+001
29  2.030000e+001
30  1.341000e+001
31  7.115000e+000
32  4.208000e+000
33  2.553000e+000
34  1.391000e+000
35  9.815000e-001
36  8.425000e-001
38  1.420000e+000
39  3.669000e+000
40  1.592000e+001
41  2.264000e+001
42  1.971000e+001
43  1.047000e+001
44  5.403000e+000
45  3.318000e+000
46  1.763000e+000
47  1.109000e+000
48  1.081000e+000
49  2.793000e+000
50  4.403000e+000
51  5.191000e+000
52  1.051000e+001
53  2.089000e+001
54  1.618000e+001
55  8.336000e+000
56  4.718000e+000
57  2.941000e+000
58  1.560000e+000
59  1.098000e+000
60  1.565000e+000
61  2.473000e+000
62  5.595000e+000
63  6.279000e+000
64  1.327000e+001
65  1.255000e+001
66  7.254000e+000
67  4.482000e+000
68  2.819000e+000
69  1.517000e+000
70  9.953000e-001
71  6.679000e-001
72  4.117000e-001
73  2.826000e-001
74  6.773000e-001
75  3.603000e+000
76  9.744000e+000
77  1.039000e+001
78  6.956000e+000
79  4.530000e+000
80  2.847000e+000
81  1.502000e+000
82  9.771000e-001
83  6.782000e-001
84  6.158000e-001
85  8.287000e-001
86  1.291000e+000
87  1.691000e+000
88  5.984000e+000
89  1.134000e+001
90  7.699000e+000
91  4.911000e+000
92  3.106000e+000
93  1.610000e+000
94  1.002000e+000
95  7.904000e-001
96  1.196000e+000
97  1.661000e+000
98  1.775000e+000
99  4.754000e+000
100  1.386000e+001
101  1.632000e+001
102  1.132000e+001
103  6.183000e+000
104  3.772000e+000
105  2.130000e+000
106  1.205000e+000
107  8.510000e-001
108  1.219000e+000
   159 
1  2.790000e+000
2  5.663000e+000
3  2.359000e+001
4  5.307000e+001
5  2.395000e+001
6  2.728000e+000
7  2.186000e+000
8  2.978000e-001
9  4.687000e-001
10  5.609000e-001
11  1.811000e+001
12  6.391000e+000
13  1.587000e+001
14  9.067000e+000
15  2.553000e+001
16  4.535000e+001
17  7.544000e+000
18  6.707000e+000
19  4.875000e-001
20  2.572000e-001
21  1.851000e-001
22  1.202000e+000
23  1.575000e+001
24  9.609000e+000
25  9.624000e+000
26  1.511000e+001
27  2.063000e+001
28  3.308000e+001
29  8.941000e+000
30  1.804000e+000
31  3.388000e-001
32  2.185000e-001
33  1.945000e-001
34  1.763000e-001
35  1.963000e+000
36  2.630000e-001
38  4.176000e+000
39  1.384000e+001
40  4.758000e+001
41  1.728000e+001
42  3.519000e+000
43  8.100000e-001
44  2.549000e-001
45  1.717000e-001
46  2.812000e-001
47  2.230000e+000
48  7.122000e+000
49  5.804000e+000
50  5.029000e+000
51  8.079000e+000
52  3.482000e+001
53  1.946000e+001
54  1.179000e+000
55  1.028000e+000
56  5.934000e-001
57  1.629000e-001
58  2.253000e-001
59  5.492000e+000
60  2.492000e+000
61  7.443000e+000
62  1.065000e+001
63  1.355000e+001
64  2.193000e+001
65  2.718000e+000
66  7.107000e-001
67  3.448000e-001
68  2.952000e-001
69  1.843000e-001
70  6.360000e-002
71  8.041000e-002
72  3.278000e-001
73  3.141000e+000
74  7.528000e+000
75  1.540000e+001
76  1.504000e+001
77  4.847000e+000
78  4.451000e-001
79  1.395000e-001
80  9.570000e-002
81  6.852000e-002
82  3.919000e-001
83  2.121000e+000
84  1.504000e+000
85  1.786000e+000
86  2.133000e+000
87  6.579000e+000
88  2.250000e+001
89  6.654000e+000
90  4.148000e-001
91  1.332000e-001
92  9.063000e-002
93  6.547000e-002
94  1.703000e+000
95  2.554000e+000
96  2.685000e+000
97  1.002000e+000
98  4.125000e+000
99  2.412000e+001
100  2.224000e+001
101  1.095000e+001
102  7.710000e-001
103  2.659000e-001
104  3.234000e-001
105  1.056000e-001
106  3.032000e-001
107  3.689000e+000
108  6.041000e+000
   160 
1  4.144000e+000
2  5.414000e+000
3  2.091000e+001
4  4.660000e+001
5  3.044000e+001
6  3.705000e+000
7  1.697000e+000
8  5.883000e-001
9  4.075000e-001
10  4.230000e-001
11  1.334000e+001
12  6.290000e+000
13  1.485000e+001
14  9.066000e+000
15  2.214000e+001
16  3.873000e+001
17  1.691000e+001
18  5.488000e+000
19  1.308000e+000
20  4.872000e-001
21  3.053000e-001
22  4.813000e-001
23  1.176000e+001
24  9.954000e+000
25  9.280000e+000
26  1.373000e+001
27  1.743000e+001
28  3.321000e+001
29  1.041000e+001
30  3.053000e+000
31  8.523000e-001
32  4.008000e-001
33  2.756000e-001
34  2.209000e-001
35  9.303000e-001
36  4.943000e-001
38  3.201000e+000
39  1.150000e+001
40  3.988000e+001
41  2.282000e+001
42  4.718000e+000
43  1.452000e+000
44  5.022000e-001
45  2.905000e-001
46  2.270000e-001
47  9.396000e-001
48  5.470000e+000
49  5.507000e+000
50  3.981000e+000
51  6.664000e+000
52  2.899000e+001
53  2.429000e+001
54  2.513000e+000
55  9.005000e-001
56  5.908000e-001
57  3.343000e-001
58  2.036000e-001
59  3.122000e+000
60  2.612000e+000
61  5.435000e+000
62  9.503000e+000
63  1.013000e+001
64  2.374000e+001
65  3.614000e+000
66  1.409000e+000
67  4.498000e-001
68  3.189000e-001
69  2.227000e-001
70  1.225000e-001
71  7.641000e-002
72  1.450000e-001
73  1.238000e+000
74  6.225000e+000
75  1.227000e+001
76  1.630000e+001
77  5.726000e+000
78  1.205000e+000
79  3.766000e-001
80  1.794000e-001
81  1.149000e-001
82  1.175000e-001
83  9.602000e-001
84  1.549000e+000
85  1.709000e+000
86  1.657000e+000
87  4.781000e+000
88  2.132000e+001
89  7.520000e+000
90  1.372000e+000
91  3.948000e-001
92  1.789000e-001
93  1.126000e-001
94  4.750000e-001
95  2.350000e+000
96  2.322000e+000
97  1.661000e+000
98  2.479000e+000
99  1.924000e+001
100  2.332000e+001
101  1.131000e+001
102  2.040000e+000
103  5.747000e-001
104  3.530000e-001
105  2.043000e-001
106  1.901000e-001
107  1.758000e+000
108  5.360000e+000
   161 
1  3.566000e+000
2  5.112000e+000
3  1.850000e+001
4  4.396000e+001
5  2.656000e+001
6  9.009000e+000
7  4.217000e+000
8  1.622000e+000
9  1.034000e+000
10  1.205000e+000
11  1.468000e+001
12  4.507000e+000
13  1.298000e+001
14  7.876000e+000
15  1.926000e+001
16  3.941000e+001
17  1.465000e+001
18  9.676000e+000
19  2.940000e+000
20  1.338000e+000
21  6.662000e-001
22  1.349000e+000
23  1.327000e+001
24  7.492000e+000
25  9.595000e+000
26  1.134000e+001
27  1.464000e+001
28  3.010000e+001
29  1.317000e+001
30  5.376000e+000
31  2.400000e+000
32  1.091000e+000
33  5.734000e-001
34  3.372000e-001
35  1.826000e+000
36  1.513000e-001
38  3.163000e+000
39  9.175000e+000
40  3.598000e+001
41  2.072000e+001
42  8.436000e+000
43  3.359000e+000
44  1.445000e+000
45  7.035000e-001
46  6.133000e-001
47  1.396000e+000
48  6.001000e+000
49  5.299000e+000
50  5.453000e+000
51  4.485000e+000
52  2.605000e+001
53  1.962000e+001
54  6.445000e+000
55  3.320000e+000
56  1.404000e+000
57  6.071000e-001
58  4.915000e-001
59  3.684000e+000
60  2.048000e+000
61  8.953000e+000
62  8.760000e+000
63  8.807000e+000
64  1.766000e+001
65  5.816000e+000
66  2.304000e+000
67  1.204000e+000
68  5.762000e-001
69  2.409000e-001
70  1.275000e-001
71  1.219000e-001
72  4.195000e-001
73  1.953000e+000
74  6.911000e+000
75  1.190000e+001
76  1.125000e+001
77  6.977000e+000
78  2.391000e+000
79  1.056000e+000
80  4.785000e-001
81  2.332000e-001
82  7.236000e-001
83  1.685000e+000
84  9.350000e-001
85  1.674000e+000
86  2.189000e+000
87  4.780000e+000
88  1.747000e+001
89  7.866000e+000
90  2.442000e+000
91  1.067000e+000
92  4.759000e-001
93  2.468000e-001
94  1.864000e+000
95  2.002000e+000
96  1.917000e+000
97  8.971000e-001
98  4.548000e+000
99  1.663000e+001
100  1.954000e+001
101  1.194000e+001
102  3.909000e+000
103  1.857000e+000
104  7.877000e-001
105  3.756000e-001
106  4.369000e-001
107  3.070000e+000
108  4.711000e+000
   162 
1  2.145000e+000
2  3.053000e+000
3  1.149000e+001
4  2.010000e+001
5  7.009000e+000
6  3.304000e+000
7  3.167000e+000
8  3.210000e+000
9  3.249000e+000
10  3.506000e+000
11  7.685000e+000
12  4.028000e+000
13  8.707000e+000
14  6.314000e+000
15  1.492000e+001
16  2.144000e+001
17  5.262000e+000
18  5.714000e+000
19  4.524000e+000
20  4.531000e+000
21  4.533000e+000
22  4.568000e+000
23  9.343000e+000
24  6.507000e+000
25  7.018000e+000
26  9.327000e+000
27  1.420000e+001
28  1.759000e+001
29  7.328000e+000
30  5.492000e+000
31  5.355000e+000
32  5.220000e+000
33  5.100000e+000
34  5.054000e+000
35  5.338000e+000
36  4.997000e+000
38  5.872000e+000
39  1.108000e+001
40  2.136000e+001
41  9.622000e+000
42  5.835000e+000
43  5.386000e+000
44  5.279000e+000
45  5.242000e+000
46  5.208000e+000
47  5.202000e+000
48  6.863000e+000
49  5.874000e+000
50  6.546000e+000
51  7.380000e+000
52  1.934000e+001
53  8.374000e+000
54  5.438000e+000
55  5.379000e+000
56  5.308000e+000
57  5.263000e+000
58  5.218000e+000
59  5.723000e+000
60  5.369000e+000
61  7.408000e+000
62  6.412000e+000
63  9.774000e+000
64  1.114000e+001
65  5.361000e+000
66  5.172000e+000
67  5.120000e+000
68  5.063000e+000
69  5.010000e+000
70  4.953000e+000
71  4.892000e+000
72  4.832000e+000
73  4.886000e+000
74  6.026000e+000
75  8.868000e+000
76  6.573000e+000
77  5.170000e+000
78  4.771000e+000
79  4.714000e+000
80  4.654000e+000
81  4.599000e+000
82  4.562000e+000
83  4.679000e+000
84  4.465000e+000
85  4.490000e+000
86  4.536000e+000
87  5.143000e+000
88  8.646000e+000
89  4.794000e+000
90  4.302000e+000
91  4.251000e+000
92  4.195000e+000
93  4.149000e+000
94  4.235000e+000
95  4.451000e+000
96  4.108000e+000
97  3.982000e+000
98  4.474000e+000
99  7.900000e+000
100  9.420000e+000
101  6.252000e+000
102  4.404000e+000
103  4.349000e+000
104  4.289000e+000
105  4.236000e+000
106  4.180000e+000
107  4.728000e+000
108  5.296000e+000
   163 
1  5.139000e+000
2  5.827000e+000
3  1.914000e+001
4  4.817000e+001
5  2.974000e+001
6  5.646000e+000
7  2.171000e+000
8  5.256000e-001
9  5.472000e-001
10  6.565000e-001
11  1.523000e+001
12  7.573000e+000
13  1.558000e+001
14  8.891000e+000
15  2.032000e+001
16  4.149000e+001
17  1.670000e+001
18  7.422000e+000
19  1.362000e+000
20  4.735000e-001
21  2.889000e-001
22  1.064000e+000
23  1.332000e+001
24  1.070000e+001
25  1.015000e+001
26  1.312000e+001
27  1.612000e+001
28  3.350000e+001
29  1.277000e+001
30  3.989000e+000
31  9.381000e-001
32  3.766000e-001
33  2.752000e-001
34  2.331000e-001
35  1.423000e+000
36  2.249000e-001
38  3.534000e+000
39  1.080000e+001
40  3.982000e+001
41  2.429000e+001
42  6.952000e+000
43  1.627000e+000
44  4.783000e-001
45  2.733000e-001
46  3.750000e-001
47  1.813000e+000
48  6.188000e+000
49  6.067000e+000
50  5.459000e+000
51  6.472000e+000
52  2.839000e+001
53  2.446000e+001
54  3.935000e+000
55  1.351000e+000
56  5.862000e-001
57  2.287000e-001
58  3.001000e-001
59  4.803000e+000
60  2.651000e+000
61  7.682000e+000
62  8.651000e+000
63  1.049000e+001
64  2.346000e+001
65  5.378000e+000
66  1.515000e+000
67  5.500000e-001
68  2.915000e-001
69  1.642000e-001
70  9.455000e-002
71  1.071000e-001
72  3.556000e-001
73  2.656000e+000
74  7.133000e+000
75  1.223000e+001
76  1.512000e+001
77  7.366000e+000
78  1.402000e+000
79  3.589000e-001
80  1.656000e-001
81  1.068000e-001
82  3.865000e-001
83  1.765000e+000
84  1.579000e+000
85  1.810000e+000
86  1.988000e+000
87  4.761000e+000
88  2.065000e+001
89  9.067000e+000
90  1.590000e+000
91  3.744000e-001
92  1.638000e-001
93  1.049000e-001
94  1.388000e+000
95  2.589000e+000
96  2.239000e+000
97  1.322000e+000
98  3.624000e+000
99  1.882000e+001
100  2.352000e+001
101  1.312000e+001
102  2.753000e+000
103  6.975000e-001
104  3.253000e-001
105  1.669000e-001
106  3.058000e-001
107  3.293000e+000
108  5.405000e+000
   164 
1  3.645000e+000
2  5.407000e+000
3  2.176000e+001
4  5.249000e+001
5  2.466000e+001
6  2.915000e+000
7  1.465000e+000
8  4.113000e-001
9  4.229000e-001
10  4.018000e-001
11  1.450000e+001
12  5.407000e+000
13  1.481000e+001
14  8.931000e+000
15  2.422000e+001
16  4.440000e+001
17  9.559000e+000
18  5.320000e+000
19  7.592000e-001
20  3.494000e-001
21  2.463000e-001
22  6.673000e-001
23  1.340000e+001
24  8.960000e+000
25  9.288000e+000
26  1.347000e+001
27  1.959000e+001
28  3.327000e+001
29  8.150000e+000
30  2.624000e+000
31  5.278000e-001
32  2.890000e-001
33  2.403000e-001
34  2.004000e-001
35  1.207000e+000
36  2.681000e-001
38  2.840000e+000
39  1.174000e+001
40  4.632000e+001
41  1.709000e+001
42  3.961000e+000
43  9.760000e-001
44  3.436000e-001
45  2.259000e-001
46  2.529000e-001
47  1.130000e+000
48  6.138000e+000
49  5.329000e+000
50  3.991000e+000
51  6.450000e+000
52  3.360000e+001
53  2.008000e+001
54  1.687000e+000
55  7.322000e-001
56  5.072000e-001
57  2.140000e-001
58  2.246000e-001
59  3.587000e+000
60  2.454000e+000
61  6.745000e+000
62  8.716000e+000
63  1.160000e+001
64  2.215000e+001
65  2.884000e+000
66  9.424000e-001
67  3.106000e-001
68  2.486000e-001
69  1.680000e-001
70  8.336000e-002
71  8.015000e-002
72  1.928000e-001
73  1.615000e+000
74  6.641000e+000
75  1.402000e+001
76  1.467000e+001
77  5.207000e+000
78  6.495000e-001
79  1.989000e-001
80  1.269000e-001
81  9.164000e-002
82  1.934000e-001
83  1.234000e+000
84  1.504000e+000
85  1.769000e+000
86  1.808000e+000
87  5.211000e+000
88  2.201000e+001
89  6.476000e+000
90  7.744000e-001
91  2.008000e-001
92  1.226000e-001
93  8.858000e-002
94  8.724000e-001
95  2.367000e+000
96  2.354000e+000
97  1.360000e+000
98  3.011000e+000
99  2.172000e+001
100  2.154000e+001
101  1.047000e+001
102  1.423000e+000
103  3.446000e-001
104  2.798000e-001
105  1.432000e-001
106  2.293000e-001
107  2.274000e+000
108  5.926000e+000
   165 
1  6.140000e+000
2  6.119000e+000
3  1.582000e+001
4  3.615000e+001
5  3.456000e+001
6  1.276000e+001
7  4.688000e+000
8  2.548000e+000
9  1.271000e+000
10  7.853000e-001
11  6.769000e+000
12  6.776000e+000
13  1.259000e+001
14  9.524000e+000
15  1.804000e+001
16  3.197000e+001
17  2.515000e+001
18  9.212000e+000
19  4.061000e+000
20  2.282000e+000
21  1.099000e+000
22  6.999000e-001
23  6.095000e+000
24  9.158000e+000
25  8.982000e+000
26  1.188000e+001
27  1.500000e+001
28  2.856000e+001
29  1.677000e+001
30  6.392000e+000
31  3.412000e+000
32  1.876000e+000
33  9.337000e-001
34  6.219000e-001
35  4.760000e-001
36  6.046000e-001
38  2.409000e+000
39  7.083000e+000
40  2.860000e+001
41  2.691000e+001
42  1.152000e+001
43  4.458000e+000
44  2.443000e+000
45  1.169000e+000
46  6.995000e-001
47  5.016000e-001
48  1.660000e+000
49  5.056000e+000
50  4.665000e+000
51  5.324000e+000
52  2.090000e+001
53  2.543000e+001
54  8.354000e+000
55  3.779000e+000
56  2.154000e+000
57  1.071000e+000
58  6.713000e-001
59  8.448000e-001
60  1.909000e+000
61  4.583000e+000
62  7.037000e+000
63  8.469000e+000
64  2.022000e+001
65  7.901000e+000
66  4.030000e+000
67  2.306000e+000
68  1.128000e+000
69  6.912000e-001
70  4.427000e-001
71  2.558000e-001
72  1.532000e-001
73  2.022000e-001
74  2.199000e+000
75  8.621000e+000
76  1.460000e+001
77  8.310000e+000
78  4.046000e+000
79  2.321000e+000
80  1.090000e+000
81  6.514000e-001
82  3.865000e-001
83  2.980000e-001
84  7.294000e-001
85  1.221000e+000
86  1.569000e+000
87  2.240000e+000
88  1.413000e+001
89  1.153000e+001
90  4.421000e+000
91  2.547000e+000
92  1.192000e+000
93  6.690000e-001
94  4.063000e-001
95  7.857000e-001
96  1.644000e+000
97  1.946000e+000
98  1.715000e+000
99  1.230000e+001
100  2.062000e+001
101  1.475000e+001
102  5.559000e+000
103  2.994000e+000
104  1.568000e+000
105  8.219000e-001
106  5.270000e-001
107  4.333000e-001
108  2.529000e+000
   166 
1  6.688000e+000
2  6.235000e+000
3  1.612000e+001
4  3.412000e+001
5  3.718000e+001
6  1.436000e+001
7  4.072000e+000
8  1.230000e+000
9  5.686000e-001
10  4.680000e-001
11  1.078000e+001
12  9.440000e+000
13  1.458000e+001
14  9.202000e+000
15  1.679000e+001
16  3.054000e+001
17  2.941000e+001
18  1.017000e+001
19  2.961000e+000
20  9.495000e-001
21  4.529000e-001
22  4.582000e-001
23  9.148000e+000
24  1.186000e+001
25  1.000000e+001
26  1.259000e+001
27  1.349000e+001
28  2.714000e+001
29  2.120000e+001
30  6.738000e+000
31  2.226000e+000
32  7.736000e-001
33  3.851000e-001
34  2.408000e-001
35  8.914000e-001
36  8.047000e-001
38  4.371000e+000
39  8.467000e+000
40  2.590000e+001
41  3.166000e+001
42  1.413000e+001
43  3.444000e+000
44  1.047000e+000
45  4.662000e-001
46  2.559000e-001
47  9.575000e-001
48  3.996000e+000
49  6.616000e+000
50  5.140000e+000
51  6.802000e+000
52  1.760000e+001
53  3.039000e+001
54  9.313000e+000
55  2.592000e+000
56  1.034000e+000
57  5.280000e-001
58  2.467000e-001
59  2.553000e+000
60  3.270000e+000
61  5.084000e+000
62  1.067000e+001
63  8.134000e+000
64  2.235000e+001
65  8.746000e+000
66  3.186000e+000
67  1.035000e+000
68  5.555000e-001
69  3.173000e-001
70  1.661000e-001
71  8.641000e-002
72  1.326000e-001
73  1.452000e+000
74  5.179000e+000
75  8.804000e+000
76  1.601000e+001
77  1.029000e+001
78  3.327000e+000
79  1.013000e+000
80  3.911000e-001
81  1.625000e-001
82  1.109000e-001
83  9.698000e-001
84  1.653000e+000
85  1.622000e+000
86  1.989000e+000
87  2.819000e+000
88  1.662000e+001
89  1.295000e+001
90  3.783000e+000
91  1.101000e+000
92  4.016000e-001
93  1.626000e-001
94  3.533000e-001
95  2.132000e+000
96  2.224000e+000
97  2.034000e+000
98  1.871000e+000
99  1.381000e+001
100  2.300000e+001
101  1.713000e+001
102  5.325000e+000
103  1.616000e+000
104  6.755000e-001
105  3.142000e-001
106  1.963000e-001
107  8.379000e-001
108  4.919000e+000
   167 
1  5.435000e+000
2  5.917000e+000
3  1.763000e+001
4  4.271000e+001
5  3.399000e+001
6  6.840000e+000
7  2.384000e+000
8  6.319000e-001
9  4.768000e-001
10  3.928000e-001
11  1.240000e+001
12  7.210000e+000
13  1.455000e+001
14  8.853000e+000
15  1.830000e+001
16  3.709000e+001
17  2.231000e+001
18  6.981000e+000
19  1.669000e+000
20  5.692000e-001
21  3.202000e-001
22  6.340000e-001
23  1.044000e+001
24  1.073000e+001
25  9.659000e+000
26  1.253000e+001
27  1.458000e+001
28  3.071000e+001
29  1.571000e+001
30  4.655000e+000
31  1.184000e+000
32  4.566000e-001
33  2.948000e-001
34  2.320000e-001
35  1.099000e+000
36  3.690000e-001
38  3.460000e+000
39  9.162000e+000
40  3.438000e+001
41  2.738000e+001
42  7.949000e+000
43  1.982000e+000
44  5.864000e-001
45  3.050000e-001
46  2.631000e-001
47  1.162000e+000
48  4.799000e+000
49  5.976000e+000
50  4.326000e+000
51  6.086000e+000
52  2.286000e+001
53  2.865000e+001
54  4.799000e+000
55  1.360000e+000
56  6.556000e-001
57  2.817000e-001
58  2.254000e-001
59  3.210000e+000
60  2.738000e+000
61  5.499000e+000
62  9.425000e+000
63  8.129000e+000
64  2.366000e+001
65  6.025000e+000
66  1.858000e+000
67  5.637000e-001
68  3.384000e-001
69  2.100000e-001
70  1.034000e-001
71  8.458000e-002
72  1.977000e-001
73  1.579000e+000
74  5.901000e+000
75  9.852000e+000
76  1.599000e+001
77  8.261000e+000
78  1.791000e+000
79  4.784000e-001
80  1.932000e-001
81  1.150000e-001
82  1.613000e-001
83  1.131000e+000
84  1.555000e+000
85  1.691000e+000
86  1.894000e+000
87  3.511000e+000
88  1.905000e+001
89  1.018000e+001
90  2.095000e+000
91  5.149000e-001
92  1.980000e-001
93  1.133000e-001
94  6.796000e-001
95  2.215000e+000
96  2.195000e+000
97  1.780000e+000
98  2.374000e+000
99  1.594000e+001
100  2.298000e+001
101  1.402000e+001
102  3.371000e+000
103  8.166000e-001
104  4.057000e-001
105  1.866000e-001
106  2.365000e-001
107  1.657000e+000
108  4.871000e+000
   168 
1  4.995000e+000
2  6.032000e+000
3  1.528000e+001
4  3.576000e+001
5  2.835000e+001
6  1.182000e+001
7  7.164000e+000
8  3.939000e+000
9  2.434000e+000
10  1.427000e+000
11  1.148000e+001
12  5.472000e+000
13  1.133000e+001
14  7.947000e+000
15  1.565000e+001
16  3.260000e+001
17  1.894000e+001
18  1.232000e+001
19  5.951000e+000
20  3.458000e+000
21  1.940000e+000
22  1.668000e+000
23  9.671000e+000
24  8.077000e+000
25  9.460000e+000
26  1.012000e+001
27  1.181000e+001
28  2.679000e+001
29  1.447000e+001
30  8.577000e+000
31  4.954000e+000
32  2.837000e+000
33  1.620000e+000
34  1.043000e+000
35  1.643000e+000
36  6.558000e-001
38  3.154000e+000
39  6.072000e+000
40  2.822000e+001
41  2.111000e+001
42  1.145000e+001
43  6.365000e+000
44  3.613000e+000
45  2.008000e+000
46  1.272000e+000
47  1.577000e+000
48  3.889000e+000
49  5.134000e+000
50  4.578000e+000
51  5.107000e+000
52  1.768000e+001
53  2.115000e+001
54  9.128000e+000
55  5.601000e+000
56  3.250000e+000
57  1.690000e+000
58  1.098000e+000
59  2.919000e+000
60  2.137000e+000
61  5.929000e+000
62  9.631000e+000
63  6.587000e+000
64  1.594000e+001
65  7.422000e+000
66  4.424000e+000
67  2.536000e+000
68  1.412000e+000
69  8.800000e-001
70  4.933000e-001
71  3.082000e-001
72  3.178000e-001
73  1.252000e+000
74  4.575000e+000
75  8.605000e+000
76  1.066000e+001
77  8.121000e+000
78  4.305000e+000
79  2.399000e+000
80  1.315000e+000
81  7.963000e-001
82  5.513000e-001
83  1.304000e+000
84  1.245000e+000
85  1.440000e+000
86  2.020000e+000
87  2.506000e+000
88  1.462000e+001
89  8.649000e+000
90  4.316000e+000
91  2.418000e+000
92  1.308000e+000
93  7.971000e-001
94  1.074000e+000
95  1.919000e+000
96  1.833000e+000
97  1.514000e+000
98  2.520000e+000
99  1.230000e+001
100  1.732000e+001
101  1.270000e+001
102  6.646000e+000
103  3.857000e+000
104  2.173000e+000
105  1.212000e+000
106  8.670000e-001
107  1.567000e+000
108  4.335000e+000
   169 
1  5.555000e+000
2  6.141000e+000
3  1.831000e+001
4  4.612000e+001
5  3.190000e+001
6  5.817000e+000
7  2.812000e+000
8  6.817000e-001
9  4.950000e-001
10  4.238000e-001
11  1.456000e+001
12  7.916000e+000
13  1.535000e+001
14  8.828000e+000
15  1.991000e+001
16  4.038000e+001
17  1.818000e+001
18  7.894000e+000
19  1.763000e+000
20  5.885000e-001
21  3.159000e-001
22  7.666000e-001
23  1.263000e+001
24  1.092000e+001
25  1.008000e+001
26  1.299000e+001
27  1.626000e+001
28  3.371000e+001
29  1.241000e+001
30  4.653000e+000
31  1.203000e+000
32  4.606000e-001
33  2.907000e-001
34  2.361000e-001
35  1.302000e+000
36  4.115000e-001
38  3.979000e+000
39  1.020000e+001
40  3.943000e+001
41  2.456000e+001
42  7.375000e+000
43  2.085000e+000
44  6.109000e-001
45  3.055000e-001
46  2.732000e-001
47  1.593000e+000
48  5.544000e+000
49  6.400000e+000
50  5.126000e+000
51  6.790000e+000
52  2.574000e+001
53  2.675000e+001
54  4.545000e+000
55  1.564000e+000
56  7.403000e-001
57  2.880000e-001
58  2.351000e-001
59  4.223000e+000
60  2.840000e+000
61  6.823000e+000
62  9.289000e+000
63  1.037000e+001
64  2.336000e+001
65  5.702000e+000
66  1.990000e+000
67  6.200000e-001
68  3.580000e-001
69  2.259000e-001
70  1.041000e-001
71  8.889000e-002
72  2.241000e-001
73  2.360000e+000
74  6.515000e+000
75  1.169000e+001
76  1.565000e+001
77  7.773000e+000
78  1.891000e+000
79  5.064000e-001
80  1.978000e-001
81  1.148000e-001
82  1.843000e-001
83  1.552000e+000
84  1.724000e+000
85  1.776000e+000
86  1.963000e+000
87  4.115000e+000
88  2.084000e+001
89  9.235000e+000
90  2.101000e+000
91  5.329000e-001
92  1.997000e-001
93  1.121000e-001
94  8.811000e-001
95  2.532000e+000
96  2.280000e+000
97  1.712000e+000
98  2.718000e+000
99  1.877000e+001
100  2.351000e+001
101  1.328000e+001
102  3.422000e+000
103  8.437000e-001
104  4.323000e-001
105  1.867000e-001
106  2.468000e-001
107  2.349000e+000
108  5.692000e+000
   170 
1  4.862000e+000
2  5.593000e+000
3  2.068000e+001
4  4.790000e+001
5  2.842000e+001
6  4.542000e+000
7  2.145000e+000
8  8.669000e-001
9  5.250000e-001
10  4.472000e-001
11  1.196000e+001
12  6.752000e+000
13  1.460000e+001
14  9.113000e+000
15  2.324000e+001
16  4.118000e+001
17  1.341000e+001
18  5.849000e+000
19  2.024000e+000
20  7.602000e-001
21  4.295000e-001
22  3.837000e-001
23  1.097000e+001
24  9.858000e+000
25  8.953000e+000
26  1.373000e+001
27  1.926000e+001
28  3.238000e+001
29  9.279000e+000
30  3.920000e+000
31  1.329000e+000
32  6.104000e-001
33  3.617000e-001
34  2.613000e-001
35  5.876000e-001
36  6.536000e-001
38  3.040000e+000
39  1.134000e+001
40  4.124000e+001
41  2.078000e+001
42  5.338000e+000
43  2.110000e+000
44  7.761000e-001
45  4.200000e-001
46  2.708000e-001
47  6.540000e-001
48  4.632000e+000
49  5.720000e+000
50  3.902000e+000
51  6.978000e+000
52  3.075000e+001
53  2.183000e+001
54  3.464000e+000
55  1.252000e+000
56  7.489000e-001
57  4.818000e-001
58  2.741000e-001
59  2.408000e+000
60  2.707000e+000
61  4.694000e+000
62  8.222000e+000
63  1.256000e+001
64  2.233000e+001
65  4.191000e+000
66  1.981000e+000
67  7.133000e-001
68  4.107000e-001
69  2.730000e-001
70  1.722000e-001
71  1.033000e-001
72  1.245000e-001
73  7.823000e-001
74  5.196000e+000
75  1.291000e+001
76  1.555000e+001
77  6.163000e+000
78  1.904000e+000
79  6.596000e-001
80  2.916000e-001
81  1.563000e-001
82  1.153000e-001
83  5.881000e-001
84  1.540000e+000
85  1.692000e+000
86  1.629000e+000
87  4.176000e+000
88  2.082000e+001
89  7.899000e+000
90  2.163000e+000
91  6.997000e-001
92  3.005000e-001
93  1.564000e-001
94  2.386000e-001
95  1.992000e+000
96  2.309000e+000
97  1.975000e+000
98  1.802000e+000
99  2.001000e+001
100  2.191000e+001
101  1.137000e+001
102  2.962000e+000
103  9.627000e-001
104  4.992000e-001
105  2.882000e-001
106  2.006000e-001
107  1.141000e+000
108  5.226000e+000
   171 
1  6.005000e+000
2  6.386000e+000
3  1.363000e+001
4  3.030000e+001
5  2.954000e+001
6  1.662000e+001
7  9.267000e+000
8  6.189000e+000
9  4.412000e+000
10  3.605000e+000
11  8.015000e+000
12  6.441000e+000
13  1.068000e+001
14  9.364000e+000
15  1.497000e+001
16  2.891000e+001
17  2.281000e+001
18  1.478000e+001
19  7.822000e+000
20  5.589000e+000
21  3.954000e+000
22  3.195000e+000
23  7.297000e+000
24  6.664000e+000
25  8.153000e+000
26  1.090000e+001
27  1.303000e+001
28  2.518000e+001
29  1.700000e+001
30  9.817000e+000
31  6.654000e+000
32  4.938000e+000
33  3.653000e+000
34  2.865000e+000
35  2.310000e+000
36  1.770000e+000
38  2.622000e+000
39  5.083000e+000
40  2.203000e+001
41  2.160000e+001
42  1.389000e+001
43  8.046000e+000
44  5.818000e+000
45  4.142000e+000
46  3.284000e+000
47  2.517000e+000
48  2.498000e+000
49  3.870000e+000
50  5.196000e+000
51  5.651000e+000
52  1.478000e+001
53  2.026000e+001
54  1.110000e+001
55  7.603000e+000
56  5.513000e+000
57  3.959000e+000
58  3.151000e+000
59  2.758000e+000
60  2.575000e+000
61  4.781000e+000
62  5.682000e+000
63  8.259000e+000
64  1.454000e+001
65  8.948000e+000
66  6.452000e+000
67  4.964000e+000
68  3.713000e+000
69  2.969000e+000
70  2.086000e+000
71  1.379000e+000
72  1.014000e+000
73  8.630000e-001
74  2.167000e+000
75  4.811000e+000
76  9.080000e+000
77  8.014000e+000
78  6.038000e+000
79  4.815000e+000
80  3.645000e+000
81  2.883000e+000
82  2.005000e+000
83  1.515000e+000
84  1.457000e+000
85  1.444000e+000
86  1.544000e+000
87  1.794000e+000
88  8.782000e+000
89  8.604000e+000
90  5.714000e+000
91  4.768000e+000
92  3.662000e+000
93  2.919000e+000
94  2.120000e+000
95  1.837000e+000
96  1.833000e+000
97  1.838000e+000
98  1.942000e+000
99  6.735000e+000
100  1.560000e+001
101  1.466000e+001
102  8.360000e+000
103  6.162000e+000
104  4.495000e+000
105  3.463000e+000
106  2.591000e+000
107  1.887000e+000
108  3.083000e+000
   172 
1  2.322000e+000
2  4.913000e+000
3  2.503000e+001
4  5.663000e+001
5  1.946000e+001
6  3.354000e+000
7  1.157000e+000
8  2.373000e-001
9  5.470000e-001
10  1.553000e+000
11  1.929000e+001
12  5.110000e+000
13  1.565000e+001
14  8.992000e+000
15  2.735000e+001
16  4.598000e+001
17  5.308000e+000
18  5.981000e+000
19  3.242000e-001
20  2.254000e-001
21  1.656000e-001
22  1.682000e+000
23  1.818000e+001
24  7.789000e+000
25  9.486000e+000
26  1.495000e+001
27  2.166000e+001
28  3.252000e+001
29  8.714000e+000
30  7.394000e-001
31  2.832000e-001
32  1.919000e-001
33  1.809000e-001
34  1.657000e-001
35  2.317000e+000
36  1.628000e-001
38  3.845000e+000
39  1.454000e+001
40  4.887000e+001
41  1.584000e+001
42  2.658000e+000
43  5.038000e-001
44  2.101000e-001
45  1.529000e-001
46  4.944000e-001
47  2.314000e+000
48  8.619000e+000
49  5.284000e+000
50  5.793000e+000
51  7.235000e+000
52  4.024000e+001
53  1.366000e+001
54  7.707000e-001
55  1.165000e+000
56  4.838000e-001
57  1.349000e-001
58  3.506000e-001
59  5.682000e+000
60  2.496000e+000
61  9.609000e+000
62  9.117000e+000
63  1.456000e+001
64  2.023000e+001
65  2.579000e+000
66  2.554000e-001
67  4.766000e-001
68  2.954000e-001
69  8.434000e-002
70  5.293000e-002
71  1.048000e-001
72  8.993000e-001
73  2.987000e+000
74  8.382000e+000
75  1.713000e+001
76  1.359000e+001
77  3.690000e+000
78  2.010000e-001
79  1.175000e-001
80  8.330000e-002
81  6.092000e-002
82  8.663000e-001
83  2.458000e+000
84  1.118000e+000
85  1.875000e+000
86  2.322000e+000
87  7.628000e+000
88  2.183000e+001
89  5.866000e+000
90  2.059000e-001
91  1.107000e-001
92  7.766000e-002
93  7.768000e-002
94  2.514000e+000
95  2.580000e+000
96  2.668000e+000
97  3.306000e-001
98  5.680000e+000
99  2.440000e+001
100  2.166000e+001
101  1.023000e+001
102  3.184000e-001
103  4.129000e-001
104  1.602000e-001
105  9.162000e-002
106  4.039000e-001
107  4.624000e+000
108  7.022000e+000
   173 
1  3.229000e+000
2  4.772000e+000
3  2.090000e+001
4  4.975000e+001
5  2.712000e+001
6  3.046000e+000
7  2.434000e+000
8  3.763000e-001
9  3.887000e-001
10  6.040000e-001
11  1.683000e+001
12  5.748000e+000
13  1.377000e+001
14  8.235000e+000
15  2.358000e+001
16  4.244000e+001
17  1.153000e+001
18  6.420000e+000
19  6.513000e-001
20  2.248000e-001
21  1.543000e-001
22  1.157000e+000
23  1.455000e+001
24  8.981000e+000
25  8.964000e+000
26  1.342000e+001
27  1.882000e+001
28  3.366000e+001
29  8.449000e+000
30  2.323000e+000
31  3.760000e-001
32  1.873000e-001
33  1.641000e-001
34  1.525000e-001
35  2.374000e+000
36  4.415000e-001
38  3.848000e+000
39  1.154000e+001
40  4.466000e+001
41  1.832000e+001
42  3.878000e+000
43  9.684000e-001
44  2.633000e-001
45  1.392000e-001
46  2.623000e-001
47  1.911000e+000
48  6.789000e+000
49  6.102000e+000
50  4.255000e+000
51  6.209000e+000
52  3.042000e+001
53  2.218000e+001
54  1.555000e+000
55  1.047000e+000
56  6.549000e-001
57  1.873000e-001
58  1.726000e-001
59  4.105000e+000
60  2.397000e+000
61  6.838000e+000
62  1.103000e+001
63  1.075000e+001
64  2.143000e+001
65  2.920000e+000
66  9.803000e-001
67  2.877000e-001
68  3.276000e-001
69  2.201000e-001
70  5.968000e-002
71  6.105000e-002
72  2.849000e-001
73  2.301000e+000
74  6.888000e+000
75  1.378000e+001
76  1.510000e+001
77  5.338000e+000
78  6.183000e-001
79  1.295000e-001
80  7.534000e-002
81  5.321000e-002
82  3.322000e-001
83  2.239000e+000
84  1.408000e+000
85  1.558000e+000
86  2.049000e+000
87  5.759000e+000
88  2.178000e+001
89  6.673000e+000
90  6.593000e-001
91  1.281000e-001
92  7.087000e-002
93  5.023000e-002
94  1.629000e+000
95  2.355000e+000
96  2.471000e+000
97  1.381000e+000
98  3.608000e+000
99  2.155000e+001
100  2.160000e+001
101  1.058000e+001
102  1.179000e+000
103  2.321000e-001
104  3.419000e-001
105  8.966000e-002
106  2.916000e-001
107  2.581000e+000
108  5.963000e+000
   174 
1  5.038000e+000
2  6.410000e+000
3  1.659000e+001
4  3.591000e+001
5  3.050000e+001
6  1.233000e+001
7  6.388000e+000
8  3.208000e+000
9  2.075000e+000
10  1.359000e+000
11  1.359000e+001
12  6.559000e+000
13  1.364000e+001
14  8.581000e+000
15  1.633000e+001
16  3.228000e+001
17  2.173000e+001
18  1.229000e+001
19  5.042000e+000
20  2.881000e+000
21  1.689000e+000
22  1.615000e+000
23  1.146000e+001
24  9.206000e+000
25  1.024000e+001
26  1.155000e+001
27  1.271000e+001
28  2.755000e+001
29  1.592000e+001
30  8.066000e+000
31  4.191000e+000
32  2.391000e+000
33  1.422000e+000
34  8.286000e-001
35  1.672000e+000
36  5.440000e-001
38  3.629000e+000
39  7.964000e+000
40  2.826000e+001
41  2.458000e+001
42  1.222000e+001
43  5.523000e+000
44  3.068000e+000
45  1.778000e+000
46  1.119000e+000
47  1.859000e+000
48  5.015000e+000
49  5.606000e+000
50  5.703000e+000
51  5.808000e+000
52  1.909000e+001
53  2.358000e+001
54  8.616000e+000
55  4.935000e+000
56  2.781000e+000
57  1.489000e+000
58  9.128000e-001
59  4.029000e+000
60  2.443000e+000
61  7.064000e+000
62  9.833000e+000
63  8.215000e+000
64  1.826000e+001
65  7.488000e+000
66  3.999000e+000
67  2.393000e+000
68  1.390000e+000
69  7.320000e-001
70  4.216000e-001
71  2.650000e-001
72  3.280000e-001
73  2.144000e+000
74  5.934000e+000
75  9.672000e+000
76  1.208000e+001
77  8.281000e+000
78  3.771000e+000
79  2.194000e+000
80  1.228000e+000
81  6.476000e-001
82  5.634000e-001
83  1.597000e+000
84  1.509000e+000
85  1.571000e+000
86  2.176000e+000
87  3.547000e+000
88  1.584000e+001
89  9.451000e+000
90  3.798000e+000
91  2.213000e+000
92  1.240000e+000
93  6.499000e-001
94  1.257000e+000
95  2.196000e+000
96  2.021000e+000
97  1.581000e+000
98  3.259000e+000
99  1.404000e+001
100  1.937000e+001
101  1.389000e+001
102  6.013000e+000
103  3.441000e+000
104  1.972000e+000
105  1.052000e+000
106  7.395000e-001
107  2.548000e+000
108  4.753000e+000
   175 
1  3.797000e+000
2  5.136000e+000
3  1.932000e+001
4  4.894000e+001
5  3.071000e+001
6  4.468000e+000
7  2.624000e+000
8  3.697000e-001
9  4.347000e-001
10  6.917000e-001
11  1.687000e+001
12  6.766000e+000
13  1.458000e+001
14  8.194000e+000
15  2.110000e+001
16  4.286000e+001
17  1.574000e+001
18  7.378000e+000
19  7.673000e-001
20  2.809000e-001
21  1.846000e-001
22  1.212000e+000
23  1.413000e+001
24  9.952000e+000
25  9.530000e+000
26  1.349000e+001
27  1.667000e+001
28  3.533000e+001
29  1.124000e+001
30  3.171000e+000
31  5.549000e-001
32  2.349000e-001
33  1.671000e-001
34  1.475000e-001
35  2.204000e+000
36  3.184000e-001
38  4.058000e+000
39  1.102000e+001
40  4.039000e+001
41  2.454000e+001
42  5.644000e+000
43  1.138000e+000
44  2.968000e-001
45  1.727000e-001
46  2.525000e-001
47  2.031000e+000
48  6.598000e+000
49  6.429000e+000
50  4.746000e+000
51  6.509000e+000
52  2.829000e+001
53  2.565000e+001
54  2.650000e+000
55  1.294000e+000
56  6.871000e-001
57  1.873000e-001
58  1.704000e-001
59  4.678000e+000
60  2.461000e+000
61  7.458000e+000
62  1.104000e+001
63  1.034000e+001
64  2.296000e+001
65  4.134000e+000
66  1.152000e+000
67  4.372000e-001
68  3.520000e-001
69  2.240000e-001
70  5.978000e-002
71  6.325000e-002
72  3.207000e-001
73  2.734000e+000
74  7.198000e+000
75  1.179000e+001
76  1.624000e+001
77  6.934000e+000
78  9.026000e-001
79  1.939000e-001
80  9.698000e-002
81  6.786000e-002
82  3.651000e-001
83  2.169000e+000
84  1.365000e+000
85  1.628000e+000
86  2.166000e+000
87  5.118000e+000
88  2.141000e+001
89  8.174000e+000
90  1.028000e+000
91  1.996000e-001
92  9.123000e-002
93  6.373000e-002
94  1.667000e+000
95  2.173000e+000
96  2.278000e+000
97  1.453000e+000
98  3.816000e+000
99  1.982000e+001
100  2.367000e+001
101  1.239000e+001
102  1.821000e+000
103  3.771000e-001
104  3.958000e-001
105  1.069000e-001
106  2.849000e-001
107  2.893000e+000
108  5.664000e+000
   176 
1  5.437000e+000
2  6.833000e+000
3  1.595000e+001
4  2.955000e+001
5  2.066000e+001
6  6.611000e+000
7  6.324000e+000
8  4.843000e+000
9  4.662000e+000
10  4.338000e+000
11  1.545000e+001
12  7.506000e+000
13  1.225000e+001
14  7.426000e+000
15  1.292000e+001
16  2.512000e+001
17  1.332000e+001
18  9.650000e+000
19  5.739000e+000
20  5.174000e+000
21  4.770000e+000
22  5.162000e+000
23  1.358000e+001
24  1.039000e+001
25  1.072000e+001
26  1.129000e+001
27  1.016000e+001
28  2.188000e+001
29  9.631000e+000
30  6.511000e+000
31  5.252000e+000
32  4.800000e+000
33  4.463000e+000
34  4.134000e+000
35  5.237000e+000
36  3.609000e+000
38  5.851000e+000
39  8.399000e+000
40  2.424000e+001
41  1.416000e+001
42  7.499000e+000
43  5.170000e+000
44  4.485000e+000
45  4.101000e+000
46  3.919000e+000
47  4.570000e+000
48  7.210000e+000
49  6.990000e+000
50  6.403000e+000
51  6.804000e+000
52  1.405000e+001
53  1.686000e+001
54  5.170000e+000
55  4.839000e+000
56  4.274000e+000
57  3.704000e+000
58  3.518000e+000
59  5.887000e+000
60  4.225000e+000
61  7.899000e+000
62  1.276000e+001
63  8.148000e+000
64  1.469000e+001
65  4.610000e+000
66  3.606000e+000
67  3.126000e+000
68  2.854000e+000
69  2.565000e+000
70  2.327000e+000
71  2.180000e+000
72  2.174000e+000
73  3.439000e+000
74  6.613000e+000
75  9.052000e+000
76  9.324000e+000
77  5.431000e+000
78  2.775000e+000
79  2.392000e+000
80  2.179000e+000
81  1.998000e+000
82  2.097000e+000
83  3.100000e+000
84  2.607000e+000
85  2.559000e+000
86  3.139000e+000
87  3.710000e+000
88  1.360000e+001
89  5.990000e+000
90  2.397000e+000
91  2.019000e+000
92  1.833000e+000
93  1.682000e+000
94  2.570000e+000
95  3.129000e+000
96  2.724000e+000
97  1.918000e+000
98  3.405000e+000
99  1.225000e+001
100  1.362000e+001
101  8.215000e+000
102  3.398000e+000
103  2.717000e+000
104  2.503000e+000
105  2.211000e+000
106  2.224000e+000
107  3.521000e+000
108  5.372000e+000
   177 
1  5.203000e+000
2  5.678000e+000
3  1.888000e+001
4  4.827000e+001
5  2.854000e+001
6  7.098000e+000
7  3.442000e+000
8  8.517000e-001
9  4.533000e-001
10  6.066000e-001
11  1.533000e+001
12  6.745000e+000
13  1.432000e+001
14  8.559000e+000
15  2.079000e+001
16  4.298000e+001
17  1.521000e+001
18  8.551000e+000
19  2.018000e+000
20  6.626000e-001
21  2.921000e-001
22  7.497000e-001
23  1.356000e+001
24  9.317000e+000
25  9.707000e+000
26  1.248000e+001
27  1.636000e+001
28  3.402000e+001
29  1.250000e+001
30  5.084000e+000
31  1.578000e+000
32  5.534000e-001
33  2.664000e-001
34  1.950000e-001
35  1.592000e+000
36  6.981000e-001
38  4.041000e+000
39  9.511000e+000
40  4.134000e+001
41  2.214000e+001
42  7.867000e+000
43  2.549000e+000
44  7.366000e-001
45  2.957000e-001
46  2.199000e-001
47  1.535000e+000
48  5.554000e+000
49  6.522000e+000
50  5.286000e+000
51  6.157000e+000
52  2.751000e+001
53  2.406000e+001
54  5.485000e+000
55  2.140000e+000
56  9.492000e-001
57  3.864000e-001
58  1.956000e-001
59  3.706000e+000
60  2.771000e+000
61  7.517000e+000
62  9.974000e+000
63  1.019000e+001
64  2.118000e+001
65  6.479000e+000
66  2.391000e+000
67  7.642000e-001
68  4.938000e-001
69  2.988000e-001
70  1.220000e-001
71  6.607000e-002
72  1.993000e-001
73  2.244000e+000
74  6.196000e+000
75  1.236000e+001
76  1.436000e+001
77  7.997000e+000
78  2.536000e+000
79  7.128000e-001
80  2.304000e-001
81  1.006000e-001
82  1.529000e-001
83  1.728000e+000
84  1.553000e+000
85  1.573000e+000
86  2.181000e+000
87  4.078000e+000
88  1.990000e+001
89  9.407000e+000
90  2.722000e+000
91  7.490000e-001
92  2.379000e-001
93  9.859000e-002
94  9.565000e-001
95  2.377000e+000
96  2.124000e+000
97  1.826000e+000
98  2.944000e+000
99  1.817000e+001
100  2.297000e+001
101  1.351000e+001
102  4.072000e+000
103  1.097000e+000
104  5.529000e-001
105  2.155000e-001
106  2.056000e-001
107  1.979000e+000
108  6.131000e+000
   178 
1  6.716000e+000
2  6.099000e+000
3  1.562000e+001
4  2.941000e+001
5  3.384000e+001
6  2.030000e+001
7  5.149000e+000
8  2.064000e+000
9  8.878000e-001
10  5.929000e-001
11  7.170000e+000
12  9.002000e+000
13  1.351000e+001
14  9.895000e+000
15  1.666000e+001
16  2.591000e+001
17  2.901000e+001
18  1.282000e+001
19  3.930000e+000
20  1.619000e+000
21  7.680000e-001
22  4.768000e-001
23  6.337000e+000
24  1.082000e+001
25  9.286000e+000
26  1.250000e+001
27  1.382000e+001
28  2.325000e+001
29  2.197000e+001
30  8.133000e+000
31  3.016000e+000
32  1.241000e+000
33  6.645000e-001
34  3.887000e-001
35  4.063000e-001
36  7.299000e-001
38  3.254000e+000
39  8.067000e+000
40  2.121000e+001
41  2.840000e+001
42  1.848000e+001
43  4.624000e+000
44  1.809000e+000
45  7.992000e-001
46  4.520000e-001
47  4.108000e-001
48  2.419000e+000
49  5.940000e+000
50  4.763000e+000
51  6.234000e+000
52  1.716000e+001
53  2.496000e+001
54  1.331000e+001
55  3.596000e+000
56  1.552000e+000
57  7.923000e-001
58  4.629000e-001
59  9.996000e-001
60  2.788000e+000
61  4.474000e+000
62  8.719000e+000
63  7.941000e+000
64  2.064000e+001
65  9.443000e+000
66  3.724000e+000
67  1.641000e+000
68  7.825000e-001
69  4.728000e-001
70  2.760000e-001
71  1.517000e-001
72  1.051000e-001
73  4.189000e-001
74  3.308000e+000
75  7.815000e+000
76  1.535000e+001
77  1.041000e+001
78  3.939000e+000
79  1.675000e+000
80  7.370000e-001
81  3.785000e-001
82  1.836000e-001
83  3.099000e-001
84  1.132000e+000
85  1.493000e+000
86  1.767000e+000
87  2.368000e+000
88  1.406000e+001
89  1.301000e+001
90  4.665000e+000
91  1.937000e+000
92  7.803000e-001
93  3.925000e-001
94  2.136000e-001
95  1.147000e+000
96  2.016000e+000
97  2.133000e+000
98  1.649000e+000
99  1.162000e+001
100  2.073000e+001
101  1.742000e+001
102  5.975000e+000
103  2.448000e+000
104  1.005000e+000
105  5.687000e-001
106  3.042000e-001
107  3.170000e-001
108  2.951000e+000
   179 
1  4.283000e+000
2  5.697000e+000
3  1.792000e+001
4  4.057000e+001
5  2.467000e+001
6  1.090000e+001
7  6.262000e+000
8  3.536000e+000
9  2.504000e+000
10  1.977000e+000
11  1.606000e+001
12  5.448000e+000
13  1.310000e+001
14  7.840000e+000
15  1.794000e+001
16  3.609000e+001
17  1.518000e+001
18  1.196000e+001
19  5.179000e+000
20  3.190000e+000
21  2.002000e+000
22  2.164000e+000
23  1.410000e+001
24  7.958000e+000
25  9.629000e+000
26  1.123000e+001
27  1.349000e+001
28  2.825000e+001
29  1.353000e+001
30  7.132000e+000
31  4.409000e+000
32  2.718000e+000
33  1.705000e+000
34  1.064000e+000
35  2.357000e+000
36  6.485000e-001
38  3.839000e+000
39  8.439000e+000
40  3.288000e+001
41  1.946000e+001
42  1.017000e+001
43  5.517000e+000
44  3.305000e+000
45  2.067000e+000
46  1.405000e+000
47  2.353000e+000
48  6.096000e+000
49  5.526000e+000
50  5.892000e+000
51  5.578000e+000
52  2.322000e+001
53  1.814000e+001
54  7.592000e+000
55  5.347000e+000
56  3.142000e+000
57  1.761000e+000
58  1.185000e+000
59  4.650000e+000
60  2.382000e+000
61  8.546000e+000
62  9.629000e+000
63  9.318000e+000
64  1.649000e+001
65  6.369000e+000
66  3.656000e+000
67  2.426000e+000
68  1.468000e+000
69  8.515000e-001
70  5.188000e-001
71  3.449000e-001
72  4.447000e-001
73  2.541000e+000
74  6.342000e+000
75  1.117000e+001
76  1.083000e+001
77  6.908000e+000
78  3.548000e+000
79  2.210000e+000
80  1.291000e+000
81  7.747000e-001
82  8.029000e-001
83  2.088000e+000
84  1.461000e+000
85  1.572000e+000
86  2.304000e+000
87  4.103000e+000
88  1.622000e+001
89  7.988000e+000
90  3.481000e+000
91  2.159000e+000
92  1.257000e+000
93  7.545000e-001
94  1.841000e+000
95  2.374000e+000
96  1.942000e+000
97  1.374000e+000
98  3.906000e+000
99  1.549000e+001
100  1.861000e+001
101  1.240000e+001
102  5.342000e+000
103  3.394000e+000
104  2.138000e+000
105  1.196000e+000
106  9.327000e-001
107  3.104000e+000
108  5.698000e+000
   180 
1  3.310000e+000
2  5.760000e+000
3  2.369000e+001
4  5.306000e+001
5  2.398000e+001
6  2.567000e+000
7  1.805000e+000
8  4.633000e-001
9  4.215000e-001
10  3.845000e-001
11  1.701000e+001
12  7.063000e+000
13  1.623000e+001
14  9.158000e+000
15  2.530000e+001
16  4.488000e+001
17  8.286000e+000
18  6.531000e+000
19  7.150000e-001
20  4.011000e-001
21  2.886000e-001
22  7.356000e-001
23  1.487000e+001
24  1.024000e+001
25  9.715000e+000
26  1.497000e+001
27  2.060000e+001
28  3.318000e+001
29  8.935000e+000
30  2.058000e+000
31  5.145000e-001
32  3.332000e-001
33  2.539000e-001
34  2.141000e-001
35  1.050000e+000
36  3.472000e-001
38  3.855000e+000
39  1.398000e+001
40  4.704000e+001
41  1.773000e+001
42  3.661000e+000
43  9.402000e-001
44  3.856000e-001
45  2.680000e-001
46  2.498000e-001
47  1.883000e+000
48  6.461000e+000
49  5.657000e+000
50  5.179000e+000
51  8.475000e+000
52  3.474000e+001
53  1.945000e+001
54  1.392000e+000
55  8.430000e-001
56  5.351000e-001
57  2.435000e-001
58  2.101000e-001
59  5.300000e+000
60  2.483000e+000
61  5.875000e+000
62  9.199000e+000
63  1.560000e+001
64  2.233000e+001
65  2.867000e+000
66  8.990000e-001
67  3.228000e-001
68  2.653000e-001
69  1.853000e-001
70  9.862000e-002
71  8.747000e-002
72  1.970000e-001
73  2.797000e+000
74  7.138000e+000
75  1.520000e+001
76  1.507000e+001
77  4.986000e+000
78  6.009000e-001
79  2.248000e-001
80  1.522000e-001
81  1.101000e-001
82  1.593000e-001
83  1.734000e+000
84  1.649000e+000
85  1.703000e+000
86  1.640000e+000
87  6.582000e+000
88  2.245000e+001
89  6.794000e+000
90  5.785000e-001
91  2.195000e-001
92  1.479000e-001
93  1.073000e-001
94  1.062000e+000
95  2.650000e+000
96  2.478000e+000
97  1.107000e+000
98  3.403000e+000
99  2.413000e+001
100  2.219000e+001
101  1.091000e+001
102  1.024000e+000
103  3.636000e-001
104  3.157000e-001
105  1.729000e-001
106  2.224000e-001
107  3.413000e+000
108  6.048000e+000
   181 
1  2.103000e+000
2  4.577000e+000
3  2.619000e+001
4  5.588000e+001
5  1.823000e+001
6  2.665000e+000
7  9.174000e-001
8  2.309000e-001
9  4.674000e-001
10  1.348000e+000
11  1.780000e+001
12  4.391000e+000
13  1.528000e+001
14  8.798000e+000
15  2.762000e+001
16  4.550000e+001
17  4.460000e+000
18  4.962000e+000
19  3.115000e-001
20  2.172000e-001
21  1.585000e-001
22  1.377000e+000
23  1.677000e+001
24  7.460000e+000
25  9.347000e+000
26  1.433000e+001
27  2.212000e+001
28  3.165000e+001
29  7.597000e+000
30  4.525000e-001
31  2.679000e-001
32  1.815000e-001
33  1.745000e-001
34  1.531000e-001
35  1.998000e+000
36  1.085000e-001
38  3.471000e+000
39  1.448000e+001
40  4.881000e+001
41  1.403000e+001
42  1.993000e+000
43  4.160000e-001
44  1.976000e-001
45  1.428000e-001
46  4.768000e-001
47  1.671000e+000
48  8.313000e+000
49  4.779000e+000
50  5.303000e+000
51  6.798000e+000
52  4.055000e+001
53  1.234000e+001
54  5.659000e-001
55  9.132000e-001
56  3.467000e-001
57  1.273000e-001
58  3.271000e-001
59  4.750000e+000
60  2.481000e+000
61  9.360000e+000
62  8.739000e+000
63  1.342000e+001
64  1.952000e+001
65  2.168000e+000
66  1.799000e-001
67  3.584000e-001
68  2.274000e-001
69  7.094000e-002
70  4.512000e-002
71  9.996000e-002
72  6.767000e-001
73  2.376000e+000
74  8.127000e+000
75  1.720000e+001
76  1.285000e+001
77  3.081000e+000
78  1.663000e-001
79  1.098000e-001
80  7.702000e-002
81  5.581000e-002
82  8.262000e-001
83  2.065000e+000
84  9.416000e-001
85  1.849000e+000
86  2.456000e+000
87  7.341000e+000
88  2.145000e+001
89  5.033000e+000
90  1.751000e-001
91  1.037000e-001
92  7.186000e-002
93  9.068000e-002
94  2.202000e+000
95  2.549000e+000
96  2.591000e+000
97  1.658000e-001
98  5.650000e+000
99  2.400000e+001
100  2.038000e+001
101  9.107000e+000
102  2.586000e-001
103  3.459000e-001
104  1.231000e-001
105  8.388000e-002
106  3.702000e-001
107  4.027000e+000
108  6.485000e+000
   182 
1  3.753000e+000
2  5.591000e+000
3  2.128000e+001
4  4.861000e+001
5  2.893000e+001
6  2.919000e+000
7  1.436000e+000
8  4.651000e-001
9  3.986000e-001
10  3.402000e-001
11  1.370000e+001
12  6.444000e+000
13  1.511000e+001
14  9.081000e+000
15  2.300000e+001
16  4.069000e+001
17  1.423000e+001
18  5.385000e+000
19  8.428000e-001
20  3.827000e-001
21  2.661000e-001
22  5.334000e-001
23  1.196000e+001
24  1.021000e+001
25  9.339000e+000
26  1.410000e+001
27  1.804000e+001
28  3.372000e+001
29  9.163000e+000
30  2.716000e+000
31  5.562000e-001
32  3.154000e-001
33  2.435000e-001
34  2.013000e-001
35  9.789000e-001
36  3.237000e-001
38  3.092000e+000
39  1.180000e+001
40  4.265000e+001
41  2.082000e+001
42  4.062000e+000
43  1.080000e+000
44  3.811000e-001
45  2.448000e-001
46  2.293000e-001
47  1.100000e+000
48  5.564000e+000
49  5.559000e+000
50  3.585000e+000
51  7.144000e+000
52  3.069000e+001
53  2.322000e+001
54  1.703000e+000
55  6.949000e-001
56  5.164000e-001
57  2.393000e-001
58  1.981000e-001
59  3.649000e+000
60  2.537000e+000
61  4.996000e+000
62  9.677000e+000
63  1.106000e+001
64  2.388000e+001
65  2.928000e+000
66  1.023000e+000
67  3.161000e-001
68  2.571000e-001
69  1.772000e-001
70  8.895000e-002
71  7.547000e-002
72  1.629000e-001
73  1.561000e+000
74  6.466000e+000
75  1.244000e+001
76  1.649000e+001
77  5.418000e+000
78  6.902000e-001
79  2.209000e-001
80  1.388000e-001
81  9.901000e-002
82  1.388000e-001
83  1.079000e+000
84  1.601000e+000
85  1.701000e+000
86  1.617000e+000
87  4.994000e+000
88  2.226000e+001
89  6.835000e+000
90  8.097000e-001
91  2.233000e-001
92  1.355000e-001
93  9.654000e-002
94  6.376000e-001
95  2.394000e+000
96  2.377000e+000
97  1.444000e+000
98  2.580000e+000
99  2.057000e+001
100  2.311000e+001
101  1.080000e+001
102  1.426000e+000
103  3.715000e-001
104  2.960000e-001
105  1.585000e-001
106  2.041000e-001
107  2.020000e+000
108  5.265000e+000
   183 
1  2.944000e+000
2  4.980000e+000
3  2.207000e+001
4  5.266000e+001
5  2.420000e+001
6  2.672000e+000
7  1.853000e+000
8  2.916000e-001
9  4.080000e-001
10  5.741000e-001
11  1.601000e+001
12  5.158000e+000
13  1.423000e+001
14  8.647000e+000
15  2.477000e+001
16  4.468000e+001
17  8.442000e+000
18  5.712000e+000
19  4.960000e-001
20  2.384000e-001
21  1.704000e-001
22  1.047000e+000
23  1.420000e+001
24  8.638000e+000
25  9.222000e+000
26  1.360000e+001
27  1.986000e+001
28  3.319000e+001
29  7.961000e+000
30  1.947000e+000
31  3.313000e-001
32  1.997000e-001
33  1.779000e-001
34  1.640000e-001
35  1.969000e+000
36  2.436000e-001
38  3.515000e+000
39  1.214000e+001
40  4.649000e+001
41  1.669000e+001
42  3.362000e+000
43  7.435000e-001
44  2.344000e-001
45  1.533000e-001
46  2.616000e-001
47  1.569000e+000
48  6.808000e+000
49  5.484000e+000
50  4.246000e+000
51  5.916000e+000
52  3.386000e+001
53  1.974000e+001
54  1.222000e+000
55  8.501000e-001
56  5.016000e-001
57  1.522000e-001
58  2.012000e-001
59  3.939000e+000
60  2.386000e+000
61  7.579000e+000
62  9.972000e+000
63  1.089000e+001
64  2.141000e+001
65  2.623000e+000
66  6.853000e-001
67  2.689000e-001
68  2.420000e-001
69  1.557000e-001
70  5.618000e-002
71  6.951000e-002
72  2.615000e-001
73  2.077000e+000
74  7.138000e+000
75  1.444000e+001
76  1.438000e+001
77  4.763000e+000
78  4.425000e-001
79  1.258000e-001
80  8.422000e-002
81  6.006000e-002
82  3.831000e-001
83  1.872000e+000
84  1.210000e+000
85  1.649000e+000
86  2.080000e+000
87  5.936000e+000
88  2.184000e+001
89  6.082000e+000
90  4.692000e-001
91  1.209000e-001
92  7.936000e-002
93  5.700000e-002
94  1.571000e+000
95  2.149000e+000
96  2.496000e+000
97  1.137000e+000
98  3.821000e+000
99  2.229000e+001
100  2.115000e+001
101  1.015000e+001
102  8.748000e-001
103  2.263000e-001
104  2.744000e-001
105  9.076000e-002
106  2.866000e-001
107  2.665000e+000
108  6.126000e+000
   184 
1  3.395000e+000
2  5.109000e+000
3  1.750000e+001
4  4.041000e+001
5  2.644000e+001
6  9.176000e+000
7  5.686000e+000
8  2.764000e+000
9  1.895000e+000
10  1.498000e+000
11  1.571000e+001
12  4.691000e+000
13  1.228000e+001
14  7.151000e+000
15  1.768000e+001
16  3.693000e+001
17  1.504000e+001
18  1.079000e+001
19  4.072000e+000
20  2.375000e+000
21  1.364000e+000
22  1.934000e+000
23  1.356000e+001
24  7.606000e+000
25  9.221000e+000
26  1.084000e+001
27  1.341000e+001
28  2.902000e+001
29  1.267000e+001
30  5.940000e+000
31  3.384000e+000
32  1.944000e+000
33  1.153000e+000
34  7.609000e-001
35  2.456000e+000
36  4.060000e-001
38  3.456000e+000
39  8.644000e+000
40  3.311000e+001
41  1.983000e+001
42  8.705000e+000
43  4.324000e+000
44  2.415000e+000
45  1.374000e+000
46  1.054000e+000
47  2.030000e+000
48  6.021000e+000
49  5.388000e+000
50  5.181000e+000
51  4.903000e+000
52  2.206000e+001
53  1.996000e+001
54  6.584000e+000
55  4.370000e+000
56  2.425000e+000
57  1.224000e+000
58  8.801000e-001
59  4.111000e+000
60  2.041000e+000
61  7.991000e+000
62  9.944000e+000
63  8.628000e+000
64  1.664000e+001
65  5.429000e+000
66  2.781000e+000
67  1.713000e+000
68  9.702000e-001
69  5.633000e-001
70  3.157000e-001
71  2.252000e-001
72  3.857000e-001
73  2.207000e+000
74  6.545000e+000
75  1.122000e+001
76  1.088000e+001
77  6.631000e+000
78  2.766000e+000
79  1.546000e+000
80  8.734000e-001
81  5.182000e-001
82  7.464000e-001
83  2.077000e+000
84  1.265000e+000
85  1.481000e+000
86  2.239000e+000
87  4.427000e+000
88  1.679000e+001
89  7.421000e+000
90  2.696000e+000
91  1.495000e+000
92  8.384000e-001
93  5.044000e-001
94  1.988000e+000
95  2.113000e+000
96  1.969000e+000
97  1.132000e+000
98  4.057000e+000
99  1.614000e+001
100  1.863000e+001
101  1.153000e+001
102  4.103000e+000
103  2.475000e+000
104  1.390000e+000
105  7.773000e-001
106  7.145000e-001
107  2.937000e+000
108  4.914000e+000
   185 
1  5.633000e+000
2  5.393000e+000
3  1.952000e+001
4  4.047000e+001
5  3.245000e+001
6  8.583000e+000
7  3.159000e+000
8  1.509000e+000
9  7.198000e-001
10  5.463000e-001
11  1.062000e+001
12  7.426000e+000
13  1.436000e+001
14  9.392000e+000
15  2.059000e+001
16  3.414000e+001
17  2.149000e+001
18  7.307000e+000
19  2.718000e+000
20  1.227000e+000
21  6.269000e-001
22  4.309000e-001
23  9.278000e+000
24  1.016000e+001
25  9.111000e+000
26  1.363000e+001
27  1.699000e+001
28  3.023000e+001
29  1.354000e+001
30  4.562000e+000
31  2.069000e+000
32  8.991000e-001
33  5.302000e-001
34  3.390000e-001
35  4.984000e-001
36  7.575000e-001
38  3.566000e+000
39  1.067000e+001
40  3.336000e+001
41  2.592000e+001
42  7.765000e+000
43  2.829000e+000
44  1.282000e+000
45  6.308000e-001
46  3.871000e-001
47  5.026000e-001
48  3.894000e+000
49  5.551000e+000
50  4.717000e+000
51  7.030000e+000
52  2.435000e+001
53  2.542000e+001
54  5.372000e+000
55  2.228000e+000
56  1.133000e+000
57  6.468000e-001
58  4.150000e-001
59  1.552000e+000
60  2.831000e+000
61  5.197000e+000
62  9.186000e+000
63  1.032000e+001
64  2.153000e+001
65  5.748000e+000
66  2.678000e+000
67  1.206000e+000
68  6.238000e-001
69  4.094000e-001
70  2.597000e-001
71  1.533000e-001
72  1.037000e-001
73  5.436000e-001
74  4.620000e+000
75  1.076000e+001
76  1.658000e+001
77  6.925000e+000
78  2.600000e+000
79  1.140000e+000
80  5.563000e-001
81  3.024000e-001
82  1.611000e-001
83  4.558000e-001
84  1.241000e+000
85  1.538000e+000
86  1.646000e+000
87  3.799000e+000
88  1.862000e+001
89  9.507000e+000
90  2.908000e+000
91  1.266000e+000
92  5.770000e-001
93  3.091000e-001
94  2.320000e-001
95  1.400000e+000
96  2.161000e+000
97  2.132000e+000
98  1.909000e+000
99  1.650000e+001
100  2.261000e+001
101  1.318000e+001
102  3.682000e+000
103  1.700000e+000
104  7.551000e-001
105  4.696000e-001
106  2.772000e-001
107  5.607000e-001
108  4.445000e+000
   186 
1  4.727000e+000
2  5.852000e+000
3  1.643000e+001
4  3.933000e+001
5  2.755000e+001
6  1.157000e+001
7  5.834000e+000
8  2.829000e+000
9  1.681000e+000
10  1.127000e+000
11  1.229000e+001
12  5.051000e+000
13  1.232000e+001
14  8.385000e+000
15  1.704000e+001
16  3.502000e+001
17  1.791000e+001
18  1.136000e+001
19  4.844000e+000
20  2.422000e+000
21  1.257000e+000
22  1.431000e+000
23  1.093000e+001
24  7.752000e+000
25  9.722000e+000
26  1.051000e+001
27  1.302000e+001
28  2.772000e+001
29  1.460000e+001
30  7.796000e+000
31  3.929000e+000
32  1.936000e+000
33  1.060000e+000
34  6.353000e-001
35  1.456000e+000
36  2.535000e-001
38  2.786000e+000
39  7.299000e+000
40  3.140000e+001
41  2.139000e+001
42  1.092000e+001
43  5.347000e+000
44  2.615000e+000
45  1.328000e+000
46  9.552000e-001
47  1.361000e+000
48  4.787000e+000
49  4.984000e+000
50  5.251000e+000
51  4.372000e+000
52  2.218000e+001
53  2.008000e+001
54  8.632000e+000
55  4.600000e+000
56  2.265000e+000
57  1.087000e+000
58  7.744000e-001
59  3.104000e+000
60  2.136000e+000
61  7.647000e+000
62  7.555000e+000
63  7.567000e+000
64  1.690000e+001
65  7.574000e+000
66  3.795000e+000
67  2.000000e+000
68  1.019000e+000
69  5.078000e-001
70  2.772000e-001
71  2.085000e-001
72  3.173000e-001
73  1.561000e+000
74  5.779000e+000
75  9.896000e+000
76  1.093000e+001
77  7.917000e+000
78  3.643000e+000
79  1.772000e+000
80  8.913000e-001
81  4.593000e-001
82  5.376000e-001
83  1.354000e+000
84  1.191000e+000
85  1.587000e+000
86  2.012000e+000
87  3.461000e+000
88  1.553000e+001
89  8.734000e+000
90  3.805000e+000
91  1.848000e+000
92  9.110000e-001
93  4.757000e-001
94  1.331000e+000
95  1.942000e+000
96  1.877000e+000
97  1.314000e+000
98  3.471000e+000
99  1.347000e+001
100  1.814000e+001
101  1.293000e+001
102  6.087000e+000
103  3.128000e+000
104  1.491000e+000
105  7.812000e-001
106  6.312000e-001
107  2.353000e+000
108  4.551000e+000
   187 
1  5.361000e+000
2  5.179000e+000
3  1.464000e+001
4  3.323000e+001
5  2.635000e+001
6  1.341000e+001
7  7.631000e+000
8  4.909000e+000
9  3.835000e+000
10  3.383000e+000
11  1.062000e+001
12  6.132000e+000
13  1.072000e+001
14  7.819000e+000
15  1.558000e+001
16  3.002000e+001
17  1.888000e+001
18  1.258000e+001
19  6.462000e+000
20  4.534000e+000
21  3.422000e+000
22  2.740000e+000
23  1.014000e+001
24  7.199000e+000
25  8.022000e+000
26  1.024000e+001
27  1.234000e+001
28  2.483000e+001
29  1.483000e+001
30  8.073000e+000
31  5.230000e+000
32  4.022000e+000
33  2.992000e+000
34  2.407000e+000
35  2.240000e+000
36  1.899000e+000
38  2.867000e+000
39  6.145000e+000
40  2.506000e+001
41  1.916000e+001
42  1.131000e+001
43  6.277000e+000
44  4.478000e+000
45  3.437000e+000
46  2.617000e+000
47  2.339000e+000
48  4.031000e+000
49  4.572000e+000
50  5.587000e+000
51  4.888000e+000
52  1.743000e+001
53  1.745000e+001
54  8.619000e+000
55  6.080000e+000
56  4.355000e+000
57  3.298000e+000
58  2.522000e+000
59  2.850000e+000
60  2.439000e+000
61  5.992000e+000
62  6.944000e+000
63  8.703000e+000
64  1.390000e+001
65  6.989000e+000
66  4.634000e+000
67  3.653000e+000
68  2.743000e+000
69  2.254000e+000
70  1.662000e+000
71  1.125000e+000
72  7.825000e-001
73  8.234000e-001
74  2.823000e+000
75  7.456000e+000
76  9.361000e+000
77  6.782000e+000
78  4.378000e+000
79  3.531000e+000
80  2.664000e+000
81  2.183000e+000
82  1.637000e+000
83  1.575000e+000
84  1.509000e+000
85  1.461000e+000
86  1.652000e+000
87  2.434000e+000
88  1.089000e+001
89  8.243000e+000
90  4.258000e+000
91  3.505000e+000
92  2.666000e+000
93  2.186000e+000
94  1.934000e+000
95  1.916000e+000
96  1.817000e+000
97  1.771000e+000
98  2.405000e+000
99  9.261000e+000
100  1.631000e+001
101  1.282000e+001
102  5.945000e+000
103  4.428000e+000
104  3.413000e+000
105  2.565000e+000
106  2.069000e+000
107  1.627000e+000
108  3.875000e+000
   188 
1  3.746000e+000
2  5.888000e+000
3  2.164000e+001
4  4.960000e+001
5  2.862000e+001
6  3.006000e+000
7  2.266000e+000
8  4.707000e-001
9  3.960000e-001
10  4.195000e-001
11  1.612000e+001
12  7.922000e+000
13  1.601000e+001
14  9.005000e+000
15  2.253000e+001
16  4.287000e+001
17  1.313000e+001
18  6.686000e+000
19  8.136000e-001
20  3.384000e-001
21  2.338000e-001
22  8.315000e-001
23  1.366000e+001
24  1.134000e+001
25  9.646000e+000
26  1.493000e+001
27  1.853000e+001
28  3.399000e+001
29  9.947000e+000
30  2.674000e+000
31  5.165000e-001
32  2.825000e-001
33  2.313000e-001
34  1.971000e-001
35  1.453000e+000
36  4.361000e-001
38  4.226000e+000
39  1.272000e+001
40  4.341000e+001
41  2.151000e+001
42  4.553000e+000
43  1.110000e+000
44  3.624000e-001
45  2.189000e-001
46  2.227000e-001
47  1.969000e+000
48  6.394000e+000
49  5.973000e+000
50  4.620000e+000
51  8.350000e+000
52  3.149000e+001
53  2.291000e+001
54  1.724000e+000
55  9.334000e-001
56  6.377000e-001
57  2.464000e-001
58  1.929000e-001
59  5.084000e+000
60  2.657000e+000
61  5.885000e+000
62  1.116000e+001
63  1.231000e+001
64  2.376000e+001
65  3.191000e+000
66  1.146000e+000
67  3.234000e-001
68  3.191000e-001
69  2.200000e-001
70  8.856000e-002
71  7.219000e-002
72  2.241000e-001
73  2.714000e+000
74  7.030000e+000
75  1.271000e+001
76  1.751000e+001
77  5.677000e+000
78  7.412000e-001
79  2.064000e-001
80  1.251000e-001
81  8.948000e-002
82  1.862000e-001
83  1.787000e+000
84  1.708000e+000
85  1.801000e+000
86  1.880000e+000
87  5.413000e+000
88  2.293000e+001
89  7.458000e+000
90  7.733000e-001
91  2.004000e-001
92  1.199000e-001
93  8.566000e-002
94  1.029000e+000
95  2.717000e+000
96  2.579000e+000
97  1.428000e+000
98  3.084000e+000
99  2.210000e+001
100  2.380000e+001
101  1.170000e+001
102  1.389000e+000
103  3.399000e-001
104  3.372000e-001
105  1.489000e-001
106  2.316000e-001
107  3.073000e+000
108  5.610000e+000
   189 
1  4.608000e+000
2  5.688000e+000
3  1.731000e+001
4  4.197000e+001
5  2.805000e+001
6  1.036000e+001
7  4.531000e+000
8  1.815000e+000
9  1.092000e+000
10  9.780000e-001
11  1.304000e+001
12  5.244000e+000
13  1.319000e+001
14  8.532000e+000
15  1.790000e+001
16  3.706000e+001
17  1.762000e+001
18  1.032000e+001
19  3.530000e+000
20  1.540000e+000
21  7.519000e-001
22  1.173000e+000
23  1.165000e+001
24  8.209000e+000
25  9.883000e+000
26  1.116000e+001
27  1.389000e+001
28  2.923000e+001
29  1.437000e+001
30  6.570000e+000
31  2.821000e+000
32  1.227000e+000
33  6.406000e-001
34  3.742000e-001
35  1.377000e+000
36  1.640000e-001
38  2.856000e+000
39  8.379000e+000
40  3.357000e+001
41  2.234000e+001
42  1.000000e+001
43  4.046000e+000
44  1.690000e+000
45  8.003000e-001
46  6.640000e-001
47  1.228000e+000
48  5.234000e+000
49  5.346000e+000
50  5.368000e+000
51  4.601000e+000
52  2.386000e+001
53  2.137000e+001
54  7.549000e+000
55  3.517000e+000
56  1.490000e+000
57  6.454000e-001
58  5.335000e-001
59  3.384000e+000
60  2.228000e+000
61  8.084000e+000
62  7.735000e+000
63  8.221000e+000
64  1.833000e+001
65  7.032000e+000
66  2.975000e+000
67  1.407000e+000
68  6.534000e-001
69  2.860000e-001
70  1.537000e-001
71  1.431000e-001
72  3.696000e-001
73  1.733000e+000
74  6.367000e+000
75  1.072000e+001
76  1.174000e+001
77  7.838000e+000
78  2.915000e+000
79  1.224000e+000
80  5.391000e-001
81  2.617000e-001
82  5.365000e-001
83  1.415000e+000
84  1.131000e+000
85  1.706000e+000
86  2.019000e+000
87  4.072000e+000
88  1.677000e+001
89  8.783000e+000
90  3.108000e+000
91  1.290000e+000
92  5.579000e-001
93  2.823000e-001
94  1.412000e+000
95  2.092000e+000
96  1.918000e+000
97  1.164000e+000
98  3.897000e+000
99  1.492000e+001
100  1.949000e+001
101  1.290000e+001
102  5.069000e+000
103  2.240000e+000
104  9.308000e-001
105  4.426000e-001
106  4.413000e-001
107  2.707000e+000
108  4.474000e+000
   190 
1  4.286000e+000
2  4.958000e+000
3  1.866000e+001
4  4.641000e+001
5  3.231000e+001
6  3.597000e+000
7  2.611000e+000
8  4.041000e-001
9  3.663000e-001
10  3.963000e-001
11  1.451000e+001
12  7.306000e+000
13  1.349000e+001
14  8.371000e+000
15  1.988000e+001
16  4.083000e+001
17  1.771000e+001
18  6.392000e+000
19  7.768000e-001
20  2.479000e-001
21  1.682000e-001
22  9.307000e-001
23  1.211000e+001
24  1.059000e+001
25  8.763000e+000
26  1.344000e+001
27  1.516000e+001
28  3.449000e+001
29  1.155000e+001
30  3.222000e+000
31  4.656000e-001
32  2.039000e-001
33  1.749000e-001
34  1.578000e-001
35  2.008000e+000
36  4.451000e-001
38  3.886000e+000
39  1.001000e+001
40  3.968000e+001
41  2.348000e+001
42  5.508000e+000
43  1.063000e+000
44  2.807000e-001
45  1.523000e-001
46  2.243000e-001
47  1.655000e+000
48  5.704000e+000
49  6.504000e+000
50  3.307000e+000
51  6.585000e+000
52  2.626000e+001
53  2.705000e+001
54  2.165000e+000
55  9.908000e-001
56  6.255000e-001
57  1.909000e-001
58  1.717000e-001
59  3.749000e+000
60  2.538000e+000
61  4.995000e+000
62  1.253000e+001
63  8.407000e+000
64  2.372000e+001
65  3.710000e+000
66  1.108000e+000
67  2.790000e-001
68  3.025000e-001
69  2.029000e-001
70  6.080000e-002
71  5.776000e-002
72  2.349000e-001
73  2.079000e+000
74  5.952000e+000
75  9.935000e+000
76  1.854000e+001
77  6.617000e+000
78  7.764000e-001
79  1.503000e-001
80  8.299000e-002
81  5.845000e-002
82  2.214000e-001
83  1.975000e+000
84  1.381000e+000
85  1.567000e+000
86  2.011000e+000
87  4.192000e+000
88  2.166000e+001
89  8.125000e+000
90  8.857000e-001
91  1.521000e-001
92  7.798000e-002
93  5.490000e-002
94  1.229000e+000
95  2.316000e+000
96  2.317000e+000
97  1.674000e+000
98  2.729000e+000
99  1.847000e+001
100  2.336000e+001
101  1.247000e+001
102  1.654000e+000
103  2.650000e-001
104  3.200000e-001
105  1.003000e-001
106  2.572000e-001
107  1.953000e+000
108  5.291000e+000
   191 
1  3.613000e+000
2  4.891000e+000
3  2.066000e+001
4  5.040000e+001
5  2.733000e+001
6  3.997000e+000
7  2.633000e+000
8  5.319000e-001
9  4.422000e-001
10  1.068000e+000
11  1.797000e+001
12  6.922000e+000
13  1.455000e+001
14  8.363000e+000
15  2.117000e+001
16  4.409000e+001
17  1.315000e+001
18  7.241000e+000
19  9.431000e-001
20  3.108000e-001
21  1.785000e-001
22  1.205000e+000
23  1.517000e+001
24  1.043000e+001
25  9.025000e+000
26  1.411000e+001
27  1.686000e+001
28  3.483000e+001
29  1.075000e+001
30  2.611000e+000
31  5.337000e-001
32  2.470000e-001
33  1.774000e-001
34  1.512000e-001
35  2.493000e+000
36  6.537000e-001
38  4.214000e+000
39  1.216000e+001
40  4.155000e+001
41  2.236000e+001
42  4.845000e+000
43  1.312000e+000
44  3.716000e-001
45  1.764000e-001
46  2.560000e-001
47  2.301000e+000
48  7.237000e+000
49  6.879000e+000
50  4.764000e+000
51  7.004000e+000
52  3.170000e+001
53  2.149000e+001
54  2.016000e+000
55  1.312000e+000
56  8.977000e-001
57  3.274000e-001
58  1.844000e-001
59  4.883000e+000
60  2.616000e+000
61  6.825000e+000
62  1.166000e+001
63  1.139000e+001
64  2.248000e+001
65  3.652000e+000
66  1.189000e+000
67  4.300000e-001
68  4.446000e-001
69  3.402000e-001
70  1.124000e-001
71  5.781000e-002
72  3.213000e-001
73  2.784000e+000
74  7.454000e+000
75  1.338000e+001
76  1.622000e+001
77  5.849000e+000
78  9.468000e-001
79  2.373000e-001
80  9.656000e-002
81  6.328000e-002
82  2.345000e-001
83  2.446000e+000
84  1.728000e+000
85  1.610000e+000
86  2.009000e+000
87  5.842000e+000
88  2.193000e+001
89  7.658000e+000
90  9.784000e-001
91  2.414000e-001
92  9.236000e-002
93  5.936000e-002
94  1.678000e+000
95  2.687000e+000
96  2.624000e+000
97  1.406000e+000
98  3.850000e+000
99  2.016000e+001
100  2.381000e+001
101  1.219000e+001
102  1.569000e+000
103  3.772000e-001
104  4.333000e-001
105  1.725000e-001
106  2.476000e-001
107  3.146000e+000
108  6.396000e+000
   192 
1  3.629000e+000
2  5.947000e+000
3  2.205000e+001
4  5.020000e+001
5  2.762000e+001
6  2.952000e+000
7  2.041000e+000
8  4.585000e-001
9  4.206000e-001
10  4.595000e-001
11  1.635000e+001
12  7.644000e+000
13  1.608000e+001
14  9.085000e+000
15  2.386000e+001
16  4.273000e+001
17  1.182000e+001
18  6.604000e+000
19  7.838000e-001
20  3.557000e-001
21  2.511000e-001
22  8.628000e-001
23  1.429000e+001
24  1.076000e+001
25  9.710000e+000
26  1.496000e+001
27  1.899000e+001
28  3.406000e+001
29  9.312000e+000
30  2.512000e+000
31  5.147000e-001
32  2.975000e-001
33  2.446000e-001
34  2.102000e-001
35  1.373000e+000
36  3.981000e-001
38  4.100000e+000
39  1.296000e+001
40  4.537000e+001
41  1.974000e+001
42  4.204000e+000
43  1.070000e+000
44  3.662000e-001
45  2.341000e-001
46  2.480000e-001
47  2.004000e+000
48  6.384000e+000
49  5.944000e+000
50  4.803000e+000
51  8.259000e+000
52  3.216000e+001
53  2.219000e+001
54  1.655000e+000
55  8.910000e-001
56  6.054000e-001
57  2.426000e-001
58  2.075000e-001
59  5.214000e+000
60  2.600000e+000
61  6.199000e+000
62  1.048000e+001
63  1.318000e+001
64  2.322000e+001
65  3.023000e+000
66  1.117000e+000
67  3.321000e-001
68  3.052000e-001
69  2.129000e-001
70  9.348000e-002
71  8.270000e-002
72  2.323000e-001
73  2.781000e+000
74  7.135000e+000
75  1.390000e+001
76  1.625000e+001
77  5.529000e+000
78  7.073000e-001
79  2.117000e-001
80  1.338000e-001
81  9.689000e-002
82  2.144000e-001
83  1.759000e+000
84  1.728000e+000
85  1.792000e+000
86  1.838000e+000
87  5.935000e+000
88  2.273000e+001
89  7.150000e+000
90  7.271000e-001
91  2.049000e-001
92  1.286000e-001
93  9.300000e-002
94  1.087000e+000
95  2.777000e+000
96  2.513000e+000
97  1.361000e+000
98  3.175000e+000
99  2.287000e+001
100  2.326000e+001
101  1.139000e+001
102  1.290000e+000
103  3.454000e-001
104  3.323000e-001
105  1.553000e-001
106  2.394000e-001
107  3.250000e+000
108  5.669000e+000
   193 
1  4.293000e+000
2  5.837000e+000
3  1.458000e+001
4  3.041000e+001
5  2.386000e+001
6  1.330000e+001
7  1.012000e+001
8  6.672000e+000
9  4.549000e+000
10  2.916000e+000
11  1.254000e+001
12  4.944000e+000
13  1.013000e+001
14  6.909000e+000
15  1.345000e+001
16  2.806000e+001
17  1.680000e+001
18  1.470000e+001
19  8.867000e+000
20  6.003000e+000
21  3.906000e+000
22  2.969000e+000
23  1.038000e+001
24  7.231000e+000
25  8.831000e+000
26  9.537000e+000
27  9.720000e+000
28  2.252000e+001
29  1.372000e+001
30  1.009000e+001
31  7.426000e+000
32  4.986000e+000
33  3.315000e+000
34  2.026000e+000
35  2.336000e+000
36  9.195000e-001
38  3.121000e+000
39  5.237000e+000
40  2.309000e+001
41  1.692000e+001
42  1.234000e+001
43  8.742000e+000
44  6.019000e+000
45  3.963000e+000
46  2.597000e+000
47  2.368000e+000
48  4.131000e+000
49  4.791000e+000
50  4.690000e+000
51  4.966000e+000
52  1.434000e+001
53  1.647000e+001
54  9.755000e+000
55  7.941000e+000
56  5.389000e+000
57  3.442000e+000
58  2.196000e+000
59  3.623000e+000
60  2.129000e+000
61  6.077000e+000
62  9.896000e+000
63  6.401000e+000
64  1.269000e+001
65  6.342000e+000
66  5.200000e+000
67  3.928000e+000
68  2.630000e+000
69  1.582000e+000
70  9.470000e-001
71  5.913000e-001
72  4.944000e-001
73  1.449000e+000
74  4.422000e+000
75  7.914000e+000
76  8.063000e+000
77  6.833000e+000
78  4.895000e+000
79  3.717000e+000
80  2.485000e+000
81  1.528000e+000
82  1.066000e+000
83  1.688000e+000
84  1.341000e+000
85  1.349000e+000
86  1.997000e+000
87  2.452000e+000
88  1.222000e+001
89  7.140000e+000
90  4.594000e+000
91  3.588000e+000
92  2.424000e+000
93  1.484000e+000
94  1.648000e+000
95  2.104000e+000
96  1.733000e+000
97  1.314000e+000
98  2.609000e+000
99  1.096000e+001
100  1.397000e+001
101  1.114000e+001
102  7.401000e+000
103  5.608000e+000
104  3.875000e+000
105  2.432000e+000
106  1.582000e+000
107  2.167000e+000
108  4.231000e+000
   194 
1  7.112000e+000
2  7.175000e+000
3  9.634000e+000
4  1.390000e+001
5  1.515000e+001
6  1.556000e+001
7  1.416000e+001
8  1.335000e+001
9  1.050000e+001
10  8.766000e+000
11  8.542000e+000
12  7.570000e+000
13  8.148000e+000
14  8.761000e+000
15  1.135000e+001
16  1.421000e+001
17  1.581000e+001
18  1.397000e+001
19  1.414000e+001
20  1.166000e+001
21  9.347000e+000
22  8.156000e+000
23  7.511000e+000
24  7.042000e+000
25  7.138000e+000
26  8.359000e+000
27  9.692000e+000
28  1.262000e+001
29  1.223000e+001
30  1.361000e+001
31  1.123000e+001
32  9.181000e+000
33  8.063000e+000
34  7.088000e+000
35  6.130000e+000
36  5.220000e+000
38  4.412000e+000
39  4.892000e+000
40  7.579000e+000
41  1.024000e+001
42  1.092000e+001
43  9.466000e+000
44  8.031000e+000
45  7.382000e+000
46  6.802000e+000
47  6.069000e+000
48  5.335000e+000
49  4.893000e+000
50  4.854000e+000
51  4.983000e+000
52  6.688000e+000
53  1.025000e+001
54  9.637000e+000
55  8.410000e+000
56  7.589000e+000
57  7.079000e+000
58  6.395000e+000
59  5.659000e+000
60  4.985000e+000
61  5.142000e+000
62  4.761000e+000
63  4.617000e+000
64  6.694000e+000
65  6.885000e+000
66  6.794000e+000
67  6.508000e+000
68  6.022000e+000
69  5.411000e+000
70  4.747000e+000
71  4.427000e+000
72  4.133000e+000
73  3.718000e+000
74  3.435000e+000
75  3.010000e+000
76  2.939000e+000
77  3.288000e+000
78  3.970000e+000
79  4.362000e+000
80  4.382000e+000
81  4.275000e+000
82  4.198000e+000
83  3.970000e+000
84  3.654000e+000
85  3.297000e+000
86  2.965000e+000
87  2.678000e+000
88  2.506000e+000
89  2.668000e+000
90  3.076000e+000
91  3.519000e+000
92  3.884000e+000
93  4.067000e+000
94  4.083000e+000
95  3.943000e+000
96  3.707000e+000
97  3.427000e+000
98  3.280000e+000
99  3.010000e+000
100  4.086000e+000
101  6.128000e+000
102  6.532000e+000
103  6.592000e+000
104  6.315000e+000
105  5.841000e+000
106  5.232000e+000
107  4.610000e+000
108  4.464000e+000
   195 
1  6.027000e+000
2  6.806000e+000
3  1.546000e+001
4  3.469000e+001
5  3.437000e+001
6  1.374000e+001
7  6.122000e+000
8  2.388000e+000
9  1.179000e+000
10  6.544000e-001
11  1.152000e+001
12  7.278000e+000
13  1.383000e+001
14  9.197000e+000
15  1.568000e+001
16  3.181000e+001
17  2.531000e+001
18  1.267000e+001
19  4.783000e+000
20  2.031000e+000
21  9.555000e-001
22  8.488000e-001
23  9.314000e+000
24  9.903000e+000
25  1.072000e+001
26  1.144000e+001
27  1.247000e+001
28  2.744000e+001
29  1.845000e+001
30  9.008000e+000
31  3.781000e+000
32  1.573000e+000
33  7.792000e-001
34  4.251000e-001
35  1.031000e+000
36  3.102000e-001
38  3.670000e+000
39  7.190000e+000
40  2.753000e+001
41  2.712000e+001
42  1.419000e+001
43  5.486000e+000
44  2.283000e+000
45  1.022000e+000
46  5.668000e-001
47  1.135000e+000
48  3.992000e+000
49  5.653000e+000
50  5.267000e+000
51  6.343000e+000
52  1.664000e+001
53  2.737000e+001
54  1.035000e+001
55  4.529000e+000
56  1.902000e+000
57  8.318000e-001
58  4.523000e-001
59  3.372000e+000
60  2.435000e+000
61  5.869000e+000
62  1.009000e+001
63  7.114000e+000
64  1.938000e+001
65  9.355000e+000
66  4.360000e+000
67  1.890000e+000
68  8.485000e-001
69  4.278000e-001
70  2.031000e-001
71  1.270000e-001
72  1.604000e-001
73  1.898000e+000
74  5.302000e+000
75  8.228000e+000
76  1.292000e+001
77  1.010000e+001
78  4.260000e+000
79  1.744000e+000
80  7.671000e-001
81  3.663000e-001
82  2.588000e-001
83  1.120000e+000
84  1.337000e+000
85  1.582000e+000
86  2.158000e+000
87  2.657000e+000
88  1.536000e+001
89  1.120000e+001
90  4.544000e+000
91  1.866000e+000
92  7.981000e-001
93  3.789000e-001
94  7.583000e-001
95  1.811000e+000
96  1.917000e+000
97  1.613000e+000
98  2.817000e+000
99  1.268000e+001
100  2.008000e+001
101  1.569000e+001
102  6.980000e+000
103  3.012000e+000
104  1.282000e+000
105  5.950000e-001
106  3.759000e-001
107  1.665000e+000
108  4.072000e+000
   196 
1  3.578000e+000
2  5.200000e+000
3  1.765000e+001
4  4.079000e+001
5  2.660000e+001
6  9.621000e+000
7  5.524000e+000
8  2.532000e+000
9  1.632000e+000
10  1.403000e+000
11  1.449000e+001
12  4.488000e+000
13  1.243000e+001
14  7.590000e+000
15  1.772000e+001
16  3.696000e+001
17  1.551000e+001
18  1.084000e+001
19  4.046000e+000
20  2.148000e+000
21  1.177000e+000
22  1.693000e+000
23  1.270000e+001
24  7.552000e+000
25  9.519000e+000
26  1.086000e+001
27  1.337000e+001
28  2.872000e+001
29  1.341000e+001
30  6.281000e+000
31  3.335000e+000
32  1.749000e+000
33  1.007000e+000
34  6.223000e-001
35  2.019000e+000
36  2.551000e-001
38  3.144000e+000
39  8.503000e+000
40  3.320000e+001
41  2.022000e+001
42  9.193000e+000
43  4.366000e+000
44  2.242000e+000
45  1.213000e+000
46  9.502000e-001
47  1.623000e+000
48  5.804000e+000
49  5.122000e+000
50  5.239000e+000
51  4.521000e+000
52  2.309000e+001
53  1.962000e+001
54  7.113000e+000
55  4.198000e+000
56  2.134000e+000
57  1.060000e+000
58  7.925000e-001
59  3.705000e+000
60  2.006000e+000
61  8.370000e+000
62  9.234000e+000
63  8.229000e+000
64  1.664000e+001
65  5.913000e+000
66  2.827000e+000
67  1.645000e+000
68  8.920000e-001
69  4.444000e-001
70  2.503000e-001
71  1.956000e-001
72  3.983000e-001
73  1.973000e+000
74  6.597000e+000
75  1.099000e+001
76  1.065000e+001
77  6.995000e+000
78  2.875000e+000
79  1.489000e+000
80  7.980000e-001
81  4.290000e-001
82  7.797000e-001
83  1.739000e+000
84  1.072000e+000
85  1.591000e+000
86  2.206000e+000
87  4.373000e+000
88  1.651000e+001
89  7.700000e+000
90  2.863000e+000
91  1.473000e+000
92  7.785000e-001
93  4.277000e-001
94  1.937000e+000
95  1.974000e+000
96  1.914000e+000
97  9.714000e-001
98  4.165000e+000
99  1.559000e+001
100  1.856000e+001
101  1.178000e+001
102  4.523000e+000
103  2.515000e+000
104  1.263000e+000
105  6.907000e-001
106  6.402000e-001
107  3.021000e+000
108  4.582000e+000
   197 
1  5.186000e+000
2  6.589000e+000
3  1.168000e+001
4  2.351000e+001
5  2.806000e+001
6  2.262000e+001
7  1.265000e+001
8  7.733000e+000
9  5.650000e+000
10  4.052000e+000
11  5.042000e+000
12  5.507000e+000
13  9.599000e+000
14  9.675000e+000
15  1.286000e+001
16  2.321000e+001
17  2.527000e+001
18  1.884000e+001
19  1.056000e+001
20  7.105000e+000
21  5.113000e+000
22  3.798000e+000
23  4.191000e+000
24  5.667000e+000
25  8.214000e+000
26  1.006000e+001
27  1.113000e+001
28  2.118000e+001
29  1.975000e+001
30  1.315000e+001
31  8.562000e+000
32  6.341000e+000
33  4.490000e+000
34  3.496000e+000
35  2.518000e+000
36  1.744000e+000
38  1.579000e+000
39  2.718000e+000
40  1.363000e+001
41  2.207000e+001
42  1.812000e+001
43  1.073000e+001
44  7.277000e+000
45  5.379000e+000
46  3.911000e+000
47  2.984000e+000
48  2.235000e+000
49  2.521000e+000
50  3.621000e+000
51  4.902000e+000
52  9.638000e+000
53  2.017000e+001
54  1.456000e+001
55  9.269000e+000
56  6.718000e+000
57  4.829000e+000
58  3.673000e+000
59  2.871000e+000
60  2.417000e+000
61  3.384000e+000
62  4.464000e+000
63  5.977000e+000
64  1.209000e+001
65  1.085000e+001
66  8.060000e+000
67  6.315000e+000
68  4.552000e+000
69  3.564000e+000
70  2.532000e+000
71  1.628000e+000
72  1.132000e+000
73  8.887000e-001
74  1.058000e+000
75  2.195000e+000
76  6.384000e+000
77  8.646000e+000
78  7.051000e+000
79  5.971000e+000
80  4.447000e+000
81  3.537000e+000
82  2.529000e+000
83  1.678000e+000
84  1.256000e+000
85  1.115000e+000
86  1.188000e+000
87  1.455000e+000
88  4.567000e+000
89  8.620000e+000
90  6.721000e+000
91  5.794000e+000
92  4.440000e+000
93  3.568000e+000
94  2.587000e+000
95  1.841000e+000
96  1.511000e+000
97  1.469000e+000
98  1.604000e+000
99  3.299000e+000
100  1.148000e+001
101  1.516000e+001
102  1.075000e+001
103  7.718000e+000
104  5.804000e+000
105  4.123000e+000
106  3.188000e+000
107  2.177000e+000
108  2.096000e+000
   198 
1  4.771000e+000
2  4.625000e+000
3  1.834000e+001
4  4.199000e+001
5  3.384000e+001
6  6.308000e+000
7  2.963000e+000
8  9.353000e-001
9  4.245000e-001
10  4.501000e-001
11  1.333000e+001
12  7.868000e+000
13  1.308000e+001
14  8.307000e+000
15  2.069000e+001
16  3.562000e+001
17  2.085000e+001
18  7.158000e+000
19  1.806000e+000
20  5.807000e-001
21  2.507000e-001
22  5.294000e-001
23  1.156000e+001
24  1.047000e+001
25  8.463000e+000
26  1.317000e+001
27  1.627000e+001
28  3.088000e+001
29  1.382000e+001
30  3.870000e+000
31  1.080000e+000
32  4.163000e-001
33  2.060000e-001
34  1.475000e-001
35  1.417000e+000
36  1.078000e+000
38  4.050000e+000
39  1.014000e+001
40  3.424000e+001
41  2.667000e+001
42  6.449000e+000
43  2.017000e+000
44  6.481000e-001
45  2.707000e-001
46  1.938000e-001
47  1.144000e+000
48  5.205000e+000
49  6.869000e+000
50  4.200000e+000
51  6.148000e+000
52  2.442000e+001
53  2.637000e+001
54  3.985000e+000
55  1.402000e+000
56  8.398000e-001
57  4.834000e-001
58  2.142000e-001
59  2.504000e+000
60  2.790000e+000
61  5.099000e+000
62  1.141000e+001
63  9.362000e+000
64  2.187000e+001
65  4.883000e+000
66  1.923000e+000
67  6.053000e-001
68  3.907000e-001
69  2.887000e-001
70  1.631000e-001
71  6.753000e-002
72  1.134000e-001
73  1.379000e+000
74  5.479000e+000
75  1.133000e+001
76  1.683000e+001
77  6.716000e+000
78  1.775000e+000
79  5.308000e-001
80  1.747000e-001
81  7.599000e-002
82  7.662000e-002
83  1.419000e+000
84  1.748000e+000
85  1.431000e+000
86  1.751000e+000
87  4.416000e+000
88  1.965000e+001
89  9.309000e+000
90  1.940000e+000
91  5.524000e-001
92  1.770000e-001
93  7.371000e-002
94  5.162000e-001
95  2.469000e+000
96  2.269000e+000
97  1.952000e+000
98  2.091000e+000
99  1.812000e+001
100  2.215000e+001
101  1.287000e+001
102  2.858000e+000
103  7.687000e-001
104  3.972000e-001
105  2.328000e-001
106  1.602000e-001
107  1.071000e+000
108  5.248000e+000
   199 
1  5.473000e+000
2  6.408000e+000
3  1.706000e+001
4  4.038000e+001
5  3.263000e+001
6  1.003000e+001
7  4.353000e+000
8  1.514000e+000
9  8.694000e-001
10  5.616000e-001
11  1.355000e+001
12  7.415000e+000
13  1.465000e+001
14  9.072000e+000
15  1.761000e+001
16  3.579000e+001
17  2.199000e+001
18  1.017000e+001
19  3.232000e+000
20  1.295000e+000
21  6.089000e-001
22  9.739000e-001
23  1.105000e+001
24  1.054000e+001
25  1.057000e+001
26  1.221000e+001
27  1.398000e+001
28  3.037000e+001
29  1.582000e+001
30  6.564000e+000
31  2.539000e+000
32  9.986000e-001
33  5.280000e-001
34  3.277000e-001
35  1.313000e+000
36  3.011000e-001
38  3.722000e+000
39  8.965000e+000
40  3.230000e+001
41  2.666000e+001
42  1.085000e+001
43  3.752000e+000
44  1.450000e+000
45  6.353000e-001
46  4.470000e-001
47  1.577000e+000
48  5.032000e+000
49  5.963000e+000
50  5.354000e+000
51  6.415000e+000
52  2.187000e+001
53  2.621000e+001
54  7.284000e+000
55  3.205000e+000
56  1.318000e+000
57  5.203000e-001
58  3.644000e-001
59  4.078000e+000
60  2.574000e+000
61  6.667000e+000
62  9.545000e+000
63  8.693000e+000
64  2.138000e+001
65  7.414000e+000
66  3.153000e+000
67  1.311000e+000
68  5.799000e-001
69  3.093000e-001
70  1.457000e-001
71  1.129000e-001
72  2.412000e-001
73  2.315000e+000
74  6.258000e+000
75  1.004000e+001
76  1.409000e+001
77  8.841000e+000
78  3.038000e+000
79  1.147000e+000
80  4.792000e-001
81  2.323000e-001
82  2.851000e-001
83  1.485000e+000
84  1.567000e+000
85  1.679000e+000
86  2.095000e+000
87  3.728000e+000
88  1.786000e+001
89  1.020000e+001
90  3.237000e+000
91  1.232000e+000
92  4.999000e-001
93  2.385000e-001
94  1.039000e+000
95  2.226000e+000
96  2.155000e+000
97  1.591000e+000
98  3.170000e+000
99  1.547000e+001
100  2.176000e+001
101  1.467000e+001
102  5.023000e+000
103  2.048000e+000
104  8.312000e-001
105  3.731000e-001
106  3.389000e-001
107  2.456000e+000
108  4.734000e+000
   200 
1  6.049000e+000
2  5.867000e+000
3  1.484000e+001
4  3.108000e+001
5  2.941000e+001
6  1.874000e+001
7  8.016000e+000
8  4.115000e+000
9  2.627000e+000
10  1.670000e+000
11  1.035000e+001
12  7.979000e+000
13  1.231000e+001
14  8.699000e+000
15  1.472000e+001
16  2.681000e+001
17  2.674000e+001
18  1.477000e+001
19  5.963000e+000
20  3.502000e+000
21  2.242000e+000
22  1.485000e+000
23  8.192000e+000
24  9.841000e+000
25  9.313000e+000
26  1.176000e+001
27  1.212000e+001
28  2.543000e+001
29  1.844000e+001
30  9.312000e+000
31  4.942000e+000
32  3.068000e+000
33  1.935000e+000
34  1.097000e+000
35  1.213000e+000
36  1.166000e+000
38  3.691000e+000
39  6.951000e+000
40  2.393000e+001
41  2.530000e+001
42  1.482000e+001
43  6.435000e+000
44  3.770000e+000
45  2.403000e+000
46  1.389000e+000
47  1.236000e+000
48  3.073000e+000
49  5.819000e+000
50  5.660000e+000
51  6.047000e+000
52  1.526000e+001
53  2.422000e+001
54  1.100000e+001
55  5.818000e+000
56  3.582000e+000
57  2.250000e+000
58  1.227000e+000
59  2.083000e+000
60  2.833000e+000
61  5.486000e+000
62  9.881000e+000
63  8.668000e+000
64  1.714000e+001
65  8.349000e+000
66  4.830000e+000
67  2.978000e+000
68  1.908000e+000
69  1.075000e+000
70  6.829000e-001
71  4.345000e-001
72  2.762000e-001
73  7.867000e-001
74  3.937000e+000
75  7.850000e+000
76  1.293000e+001
77  8.710000e+000
78  4.676000e+000
79  2.965000e+000
80  1.815000e+000
81  9.911000e-001
82  6.569000e-001
83  8.964000e-001
84  1.476000e+000
85  1.382000e+000
86  1.724000e+000
87  2.461000e+000
88  1.232000e+001
89  1.175000e+001
90  4.851000e+000
91  3.004000e+000
92  1.825000e+000
93  9.808000e-001
94  7.895000e-001
95  1.707000e+000
96  1.875000e+000
97  1.755000e+000
98  1.952000e+000
99  1.138000e+001
100  1.873000e+001
101  1.563000e+001
102  6.963000e+000
103  4.071000e+000
104  2.635000e+000
105  1.507000e+000
106  8.673000e-001
107  8.549000e-001
108  3.522000e+000
   166 
1  6.688000e+000
2  6.235000e+000
3  1.612000e+001
4  3.412000e+001
5  3.718000e+001
6  1.436000e+001
7  4.072000e+000
8  1.230000e+000
9  5.686000e-001
10  4.680000e-001
11  1.078000e+001
12  9.440000e+000
13  1.458000e+001
14  9.202000e+000
15  1.679000e+001
16  3.054000e+001
17  2.941000e+001
18  1.017000e+001
19  2.961000e+000
20  9.495000e-001
21  4.529000e-001
22  4.582000e-001
23  9.148000e+000
24  1.186000e+001
25  1.000000e+001
26  1.259000e+001
27  1.349000e+001
28  2.714000e+001
29  2.120000e+001
30  6.738000e+000
31  2.226000e+000
32  7.736000e-001
33  3.851000e-001
34  2.408000e-001
35  8.914000e-001
36  8.047000e-001
38  4.371000e+000
39  8.467000e+000
40  2.590000e+001
41  3.166000e+001
42  1.413000e+001
43  3.444000e+000
44  1.047000e+000
45  4.662000e-001
46  2.559000e-001
47  9.575000e-001
48  3.996000e+000
49  6.616000e+000
50  5.140000e+000
51  6.802000e+000
52  1.760000e+001
53  3.039000e+001
54  9.313000e+000
55  2.592000e+000
56  1.034000e+000
57  5.280000e-001
58  2.467000e-001
59  2.553000e+000
60  3.270000e+000
61  5.084000e+000
62  1.067000e+001
63  8.134000e+000
64  2.235000e+001
65  8.746000e+000
66  3.186000e+000
67  1.035000e+000
68  5.555000e-001
69  3.173000e-001
70  1.661000e-001
71  8.641000e-002
72  1.326000e-001
73  1.452000e+000
74  5.179000e+000
75  8.804000e+000
76  1.601000e+001
77  1.029000e+001
78  3.327000e+000
79  1.013000e+000
80  3.911000e-001
81  1.625000e-001
82  1.109000e-001
83  9.698000e-001
84  1.653000e+000
85  1.622000e+000
86  1.989000e+000
87  2.819000e+000
88  1.662000e+001
89  1.295000e+001
90  3.783000e+000
91  1.101000e+000
92  4.016000e-001
93  1.626000e-001
94  3.533000e-001
95  2.132000e+000
96  2.224000e+000
97  2.034000e+000
98  1.871000e+000
99  1.381000e+001
100  2.300000e+001
101  1.713000e+001
102  5.325000e+000
103  1.616000e+000
104  6.755000e-001
105  3.142000e-001
106  1.963000e-001
107  8.379000e-001
108  4.919000e+000
