----- ECHO of SPE_Multi_Obj_new_pars.exe
Array size:
Max no. parameters= 1000
Max no. simulations= 1000
-------------------------------
---------------- reading observed data -----------------------------
total number of variables=  2
obj fn type=  11

---- reading goal.txt
no_pars=  42
no_Sims=  200
type_of_goal_fn=  MNS

1   r__CN2.mgt
2   v__ESCO.hru
3   v__HRU_SLP.hru
4   v__OV_N.hru
5   v__SLSUBBSN.hru
6   v__ALPHA_BF.gw
7   v__CH_N2.rte
8   v__CH_K2.rte
9   a__GWQMN.gw
10   a__GW_REVAP.gw
11   v__REVAPMN.gw
12   v__GW_DELAY.gw
13   v__GWQMN.gw
14   v__GW_REVAP.gw
15   v__ALPHA_BNK.rte
16   r__AUTO_EFF{[],11,AUTO_NSTRS=0.6}.mgt
17   r__CN2.mgt________1
18   r__SOL_AWC(1).sol________1
19   r__SOL_K(1).sol________1
20   r__SOL_BD(1).sol________1
21   a__GWQMN.gw________1
22   a__GW_REVAP.gw________1
23   v__REVAPMN.gw________1
24   a__ESCO.hru________1
25   r__HRU_SLP.hru________1
26   r__OV_N.hru________1
27   r__SLSUBBSN.hru________1
28   a__GWQMN.gw________3-6
29   a__GW_REVAP.gw________3-6
30   v__REVAPMN.gw________3-6
31   a__ESCO.hru________3-6
32   r__HRU_SLP.hru________3-6
33   r__OV_N.hru________3-6
34   r__SLSUBBSN.hru________3-6
35   r__CN2.mgt________7,12,15,16-20
36   a__GWQMN.gw________7,12,15,16-20
37   a__GW_REVAP.gw________7,12,15,16-20
38   v__REVAPMN.gw________7,12,15,16-20
39   a__ESCO.hru________7,12,15,16-20
40   r__HRU_SLP.hru________7,12,15,16-20
41   r__OV_N.hru________7,12,15,16-20
42   r__SLSUBBSN.hru________7,12,15,16-20
---------------   parameters   ---------------

-------  average, variance and type of goal function  ---------------

average of goal  = 0.386675
Variance of goal = 0.007367
Type of goal function = MNS

---------------average and variance of parameters---------------
          avg_par      var_par
   1    -0.045000     0.003693
   2     0.200000     0.083750
   3     0.020000     0.000134
   4     0.150000     0.000302
   5    91.749969     1.695935
   6     0.500000     0.083750
   7     0.195000     0.003693
   8    34.999996    75.375008
   9   355.000000 20108.382813
  10     0.150002     0.000838
  11   350.000000  7537.480957
  12     6.500003  1069.403687
  13     1.149996     0.242040
  14    -0.035000     0.002420
  15     0.110000     0.022646
  16     0.285000     0.004430
  17    -0.020000     0.007537
  18    -0.000000     0.003350
  19    -0.660001     0.067838
  20    -0.080000     0.016214
  21     4.100000    16.887350
  22    -0.040000     0.000134
  23     8.649991     2.533407
  24     0.065000     0.001884
  25     0.105000     0.001415
  26    -0.150002     0.000838
  27     0.060000     0.001206
  28    14.560009    15.627410
  29    -0.050000     0.000134
  30     5.449999     3.987326
  31     0.080000     0.002144
  32     0.200000     0.003350
  33    -0.150500     0.000821
  34     0.100000     0.003350
  35     0.300000     0.013400
  36    -5.400001    30.873594
  37     0.015000     0.000075
  38    11.499999     6.783752
  39    -0.015000     0.001884
  40     0.055000     0.001013
  41    -0.025000     0.001884
  42     0.100000     0.003350

count = 19900  jrow= 19900
--------------------------- Jacobian  -----------------

****** end of Jacobian *******

---------------------- best parameters ---------------

    1                  1:R__CN2.mgt   -0.030825   -0.150000    0.060000
    2                 2:V__ESCO.hru   -0.087500   -0.300000    0.700000
    3              3:V__HRU_SLP.hru    0.006500    0.000000    0.040000
    4                 4:V__OV_N.hru    0.147150    0.120000    0.180000
    5             5:V__SLSUBBSN.hru   91.221252   89.500000   94.000000
    6              6:V__ALPHA_BF.gw    0.157500    0.000000    1.000000
    7                7:V__CH_N2.rte    0.269025    0.090000    0.300000
    8                8:V__CH_K2.rte   38.674999   20.000000   50.000000
    9                 9:A__GWQMN.gw  236.175003  110.000000  600.000000
   10             10:A__GW_REVAP.gw    0.139750    0.100000    0.200000
   11              11:V__REVAPMN.gw  260.750000  200.000000  500.000000
   12             12:V__GW_DELAY.gw   11.302500  -50.000000   63.000000
   13                13:V__GWQMN.gw    1.400750    0.300000    2.000000
   14             14:V__GW_REVAP.gw   -0.093225   -0.120000    0.050000
   15           15:V__ALPHA_BNK.rte    0.158100   -0.150000    0.370000
   16        16:R__AUTO_EFF{..}.mgt    0.218875    0.170000    0.400000
   17                 17:R__CN2.mgt   -0.007250   -0.170000    0.130000
   18         18:R__SOL_AWC(..).sol    0.009500   -0.100000    0.100000
   19           19:R__SOL_K(..).sol   -0.518250   -1.110000   -0.210000
   20          20:R__SOL_BD(..).sol    0.108100   -0.300000    0.140000
   21                21:A__GWQMN.gw    1.792500   -3.000000   11.200000
   22             22:A__GW_REVAP.gw   -0.022900   -0.060000   -0.020000
   23              23:V__REVAPMN.gw    8.718750    5.900000   11.400000
   24                24:A__ESCO.hru    0.034625   -0.010000    0.140000
   25             25:R__HRU_SLP.hru    0.087125    0.040000    0.170000
   26                26:R__OV_N.hru   -0.104750   -0.200000   -0.100000
   27            27:R__SLSUBBSN.hru    0.092100    0.000000    0.120000
   28                28:A__GWQMN.gw   12.408550    7.730000   21.389999
   29             29:A__GW_REVAP.gw   -0.056700   -0.070000   -0.030000
   30              30:V__REVAPMN.gw    4.397750    2.000000    8.900000
   31                31:A__ESCO.hru    0.127600   -0.000000    0.160000
   32             32:R__HRU_SLP.hru    0.198500    0.100000    0.300000
   33                33:R__OV_N.hru   -0.128473   -0.200000   -0.101000
   34            34:R__SLSUBBSN.hru    0.122500    0.000000    0.200000
   35                 35:R__CN2.mgt    0.281000    0.100000    0.500000
   36                36:A__GWQMN.gw  -13.512000  -15.000000    4.200000
   37             37:A__GW_REVAP.gw    0.021675   -0.000000    0.030000
   38              38:V__REVAPMN.gw   10.847500    7.000000   16.000000
   39                39:A__ESCO.hru   -0.024375   -0.090000    0.060000
   40             40:R__HRU_SLP.hru    0.060775    0.000000    0.110000
   41                41:R__OV_N.hru   -0.077125   -0.100000    0.050000
   42            42:R__SLSUBBSN.hru    0.035500    0.000000    0.200000


--------------------------- Sensitivity -----------------
   1                v__SLSUBBSN.hru    17.768715
   2                    v__OV_N.hru     2.231750
   3         v__REVAPMN.gw________1     1.392249
   4         r__OV_N.hru________3-6     1.350078
   5           r__OV_N.hru________1     1.334190
   6                 a__GW_REVAP.gw     1.300176
   7 v__REVAPMN.gw________7,12,15,16-20     1.125817
   8      a__GW_REVAP.gw________3-6     1.092085
   9 r__AUTO_EFF{[],11,AUTO_NSTRS=0.6}.mgt     1.079631
  10                  v__REVAPMN.gw     1.031470
  11                   v__CH_K2.rte     1.024686
  12         a__GWQMN.gw________3-6     0.927946
  13      r__HRU_SLP.hru________3-6     0.889063
  14        a__GW_REVAP.gw________1     0.877293
  15                   v__CH_N2.rte     0.799763
  16        r__HRU_SLP.hru________1     0.726157
  17       v__REVAPMN.gw________3-6     0.697565
  18       r__SOL_K(1).sol________1     0.646144
  19 r__CN2.mgt________7,12,15,16-20     0.645578
  20                    a__GWQMN.gw     0.630810
  21                    v__GWQMN.gw     0.590287
  22 a__GW_REVAP.gw________7,12,15,16-20     0.454118
  23         a__ESCO.hru________3-6     0.445945
  24 r__HRU_SLP.hru________7,12,15,16-20     0.444100
  25 r__SLSUBBSN.hru________7,12,15,16-20     0.440382
  26                 v__HRU_SLP.hru     0.439576
  27     r__SLSUBBSN.hru________3-6     0.430793
  28       r__SLSUBBSN.hru________1     0.429132
  29                 v__ALPHA_BF.gw     0.410343
  30           a__ESCO.hru________1     0.387892
  31           a__GWQMN.gw________1     0.252610
  32 a__GWQMN.gw________7,12,15,16-20     0.249333
  33                     r__CN2.mgt     0.190263
  34                 v__GW_REVAP.gw     0.181322
  35                    v__ESCO.hru     0.177504
  36               v__ALPHA_BNK.rte     0.162532
  37      r__SOL_BD(1).sol________1     0.160758
  38 r__OV_N.hru________7,12,15,16-20     0.148173
  39 a__ESCO.hru________7,12,15,16-20     0.087533
  40            r__CN2.mgt________1     0.058779
  41                 v__GW_DELAY.gw     0.048848
  42     r__SOL_AWC(1).sol________1     0.000000

---------------------- J^TJ -----------------
1   4.5747e+0061  -1.0124e+0031   2.8519e+0051  -1.3025e+0051   3.2181e+0031  -5.1524e+0031  -1.2318e+0041   2.5564e+0021   6.4640e+0001  -4.0624e+0041  -2.4178e+0011  -1.4375e+0021   2.6000e+0031  -4.8131e+0041  -2.8825e+0041  -1.1658e+0041   8.7761e+0031   1.6838e+0031  -8.9537e+0031  -3.4139e+0041  -8.1153e+0021   2.5159e+0051   1.2096e+0031  -1.1942e+0041  -2.2248e+0041  -1.5232e+0051   1.0133e+0051   1.9533e+0021   2.2299e+0051   1.2967e+0031   3.5678e+0041  -2.2423e+0041  -1.6472e+0051   3.8504e+0041  -7.4889e+0041   8.3441e+0021  -1.4173e+0061  -3.7110e+0021  -4.4077e+0041  -1.7384e+0041  -6.0913e+0041   1.1451e+005
2  -1.0124e+0032   1.9750e+0052   7.0964e+0042  -3.1897e+0032  -3.3763e+0022  -1.1876e+0032   2.0505e+0042   7.6492e+0012  -3.5715e+0002  -2.7238e+0042   4.7953e+0002  -5.1434e+0012  -1.1582e+0032  -1.6036e+0042  -1.8125e+0032   1.9285e+0042   1.4124e+0022   9.4303e+0032  -4.1542e+0022   7.8892e+0032   2.2039e+0022  -2.9682e+0042   6.7425e+0022   1.2239e+0042  -3.3594e+0042   1.3436e+0042   2.9750e+0042  -5.6654e+0022   6.4736e+0042   3.9423e+0002  -1.0073e+0042  -4.7462e+0042  -2.1417e+0042   1.3845e+0042  -1.0234e+0032  -6.5240e+0012   3.1732e+0042  -2.4945e+0012   6.1396e+0032  -2.0180e+0042   6.0199e+0032   1.5307e+004
3   2.8519e+0053   7.0964e+0043   1.1670e+0083   5.1549e+0053   1.7033e+0043  -6.3831e+0043  -8.6391e+0043  -1.2745e+0023  -7.3829e+0013   4.9438e+0053  -1.1984e+0023   8.4830e+0013  -4.4962e+0033   1.7159e+0053  -4.3178e+0043   6.5195e+0043   7.0597e+0043   1.5785e+0053   2.7059e+0043  -3.7252e+0043  -2.0630e+0033   3.4432e+0053  -5.6821e+0033   1.0401e+0063  -9.1896e+0043   1.0824e+0063   3.5952e+0053  -1.0256e+0033   9.0836e+0053   1.7728e+0033  -1.0296e+0053  -3.1805e+0053  -1.3494e+0053  -5.3926e+0053   8.0276e+0043  -1.8229e+0033   2.2324e+0063   7.2991e+0033  -4.3773e+0043  -4.8722e+0053  -5.1189e+0053  -1.8158e+005
4  -1.3025e+0054  -3.1897e+0034   5.1549e+0054   5.9847e+0074  -1.4707e+0044   5.2057e+0034  -6.9947e+0054   5.4795e+0034  -3.4448e+0014  -1.4648e+0054  -1.6652e+0014  -1.9318e+0024   2.9912e+0044  -2.0820e+0054   1.7121e+0054   3.6113e+0044   2.1479e+0054  -1.0884e+0054  -1.3873e+0044   1.2882e+0054   2.6120e+0024   7.6692e+0054  -1.9208e+0044  -2.7740e+0054   8.2308e+0044  -6.6055e+0044   4.8470e+0054   5.2630e+0034  -6.1908e+0054  -1.5543e+0044  -8.2272e+0034   3.7430e+0044  -5.9670e+0044   3.1602e+0044  -5.5058e+0044   3.3755e+0034  -1.1551e+0064   1.3115e+0034  -1.3799e+0054   1.8990e+0044   8.5413e+0044   2.5882e+005
5   3.2181e+0035  -3.3763e+0025   1.7033e+0045  -1.4707e+0045   9.5581e+0035  -6.2307e+0025   3.1404e+0035  -1.5940e+0015   3.9811e-0015   1.0995e+0045   2.6638e+0005   8.4169e+0005   2.5334e+0025   3.7847e+0025   2.6049e+0025  -4.6361e+0025  -1.3045e+0035  -9.9276e+0025   1.7886e+0025  -1.7482e+0025   2.3559e+0015   1.2447e+0025  -2.0346e+0005   6.3217e+0035  -1.1348e+0045   9.3970e+0025   1.2052e+0035   9.5086e+0005   1.0086e+0045  -3.7970e+0015   5.3350e+0025   2.3662e+0025   1.5727e+0035  -5.9584e+0035  -2.6758e+0025  -4.4953e+0005   9.5728e+0035  -9.4373e+0015   5.5877e+0035   5.5858e+0025   1.8255e+0035  -1.7990e+003
6  -5.1524e+0036  -1.1876e+0036  -6.3831e+0046   5.2057e+0036  -6.2307e+0026   1.4109e+0056   1.2663e+0036  -2.6171e+0016  -6.0393e+0006   3.9764e+0036   5.1807e-0016  -1.6101e+0016  -4.6421e+0026  -7.9071e+0036   1.1025e+0036   1.6696e+0046   6.9515e+0036  -1.1709e+0046  -4.7236e+0026   5.2502e+0036   2.1474e+0016   2.9610e+0046   2.6423e+0026   1.7237e+0046   1.8123e+0046  -1.7472e+0046  -1.9880e+0046   1.3087e+0026   9.2018e+0036  -2.0046e+0026   4.4841e+0036  -1.0313e+0046  -1.1095e+0046  -1.2681e+0036  -3.5298e+0036  -1.1258e+0026   1.1532e+0056   1.4550e+0026  -5.3141e+0036  -7.6854e+0036   4.6663e+0036  -1.1715e+004
7  -1.2318e+0047   2.0505e+0047  -8.6391e+0047  -6.9947e+0057   3.1404e+0037   1.2663e+0037   4.3219e+0067  -5.0976e+0027   4.1067e+0007   1.8889e+0057   8.7236e+0007   1.8703e+0027   1.4321e+0027   9.8646e+0047   3.8565e+0047   1.4946e+0057   5.6484e+0047  -5.4892e+0037   8.6658e+0037  -3.0114e+0037   1.0219e+0037  -7.3570e+0047   2.9505e+0037  -1.2583e+0057   7.6790e+0047  -7.6331e+0047  -8.5725e+0047   7.1867e+0017  -1.1155e+0057  -3.0830e+0037  -3.6867e+0047   5.4549e+0047   1.7070e+0047   5.7145e+0047  -5.8941e+0037  -1.3067e+0037   6.8824e+0057  -5.6824e+0027   1.6162e+0047   9.6478e+0047  -5.7032e+0047   4.4879e+004
8   2.5564e+0028   7.6492e+0018  -1.2745e+0028   5.4795e+0038  -1.5940e+0018  -2.6171e+0018  -5.0976e+0028   2.0656e+0028  -1.7693e-0018  -5.8020e+0028  -2.9795e-0018  -7.7379e-0018  -5.2427e+0018  -1.0149e+0028  -4.4340e+0018  -2.7354e+0028   1.9029e+0028   3.8827e+0028   1.8993e+0018   2.8245e+0018   7.2614e+0008   1.7756e+0038  -7.6453e+0008   7.7353e+0018  -3.9434e+0008   5.7813e+0028  -8.8825e+0028  -5.5049e+0008   1.6613e+0038   1.7010e+0008   5.2960e+0028   1.0281e+0028   1.3897e+0028   1.1873e+0018  -2.6362e+0028  -1.5174e+0008   1.7344e+0038   9.3973e+0008  -1.3404e+0028  -1.3755e+0038  -6.7898e+0028   3.0826e+002
9   6.4640e+0009  -3.5715e+0009  -7.3829e+0019  -3.4448e+0019   3.9811e-0019  -6.0393e+0009   4.1067e+0009  -1.7693e-0019   7.5516e-0019   1.7071e+0019  -9.4797e-0039   3.2846e-0029   5.2395e+0009  -1.3217e+0009   7.9547e+0009  -2.9287e+0019  -4.8979e+0019  -1.4648e+0019  -4.3332e+0009   1.8122e+0009  -2.6237e-0019  -2.0115e+0019  -1.3887e+0009  -3.2113e+0019  -2.3139e+0019   7.2553e+0019  -9.4624e+0009  -3.5508e-0019  -3.2891e+0019  -1.3760e+0009  -2.8631e+0019  -3.3430e+0019   1.0248e+0019   6.5142e+0009  -2.2740e+0009  -5.1603e-0019   1.1703e+0029  -3.4109e-0029  -3.4244e+0019   2.1222e+0019   2.7918e+0019  -1.9042e+000
10  -4.0624e+00410  -2.7238e+00410   4.9438e+00510  -1.4648e+00510   1.0995e+00410   3.9764e+00310   1.8889e+00510  -5.8020e+00210   1.7071e+00110   1.8604e+00710  -1.9599e+00110   2.3609e+00210  -1.1995e+00410  -3.4851e+00410  -3.9567e+00410  -1.0158e+00510   1.4286e+00510  -1.3966e+00510   2.0241e+00310   5.5545e+00410  -1.7519e+00310   1.4925e+00510   6.2018e+00310  -4.7812e+00410  -7.3855e+00410   5.3385e+00510  -1.4282e+00410   2.4598e+00210   4.1718e+00510   2.2887e+00310   5.3207e+00410   4.4484e+00310  -5.5000e+00410  -1.6758e+00310   5.0214e+00410   1.6160e+00310  -1.3734e+00510  -1.8346e+00310   2.3486e+00410   3.7252e+00510  -8.9501e+00410  -1.2086e+005
11  -2.4178e+00111   4.7953e+00011  -1.1984e+00211  -1.6652e+00111   2.6638e+00011   5.1807e-00111   8.7236e+00011  -2.9795e-00111  -9.4797e-00311  -1.9599e+00111   2.1407e+00011  -3.4719e-00211  -6.7756e-00111   1.3675e+00011  -1.2823e+00111  -2.3244e+00111  -2.5894e+00111   1.8228e+00111  -2.8907e+00111   3.0206e+00011   1.2567e+00011   4.6088e+00111   8.7999e-00111  -6.5518e+00111   3.4343e+00111   4.0802e+00111   1.4853e+00111   6.2995e-00111  -5.3703e+00211  -8.8098e-00111  -5.0016e+00111  -2.3462e+00111  -3.0857e+00111  -3.3358e+00111  -1.0910e+00111  -5.9992e-00111   4.6760e+00211   1.0488e+00011  -2.1586e+00111  -6.9349e+00111   1.2913e+00111  -4.2673e+001
12  -1.4375e+00212  -5.1434e+00112   8.4830e+00112  -1.9318e+00212   8.4169e+00012  -1.6101e+00112   1.8703e+00212  -7.7379e-00112   3.2846e-00212   2.3609e+00212  -3.4719e-00212   1.4781e+00112  -2.8477e+00012  -1.6089e+00212   1.0464e+00112   1.0451e+00212  -1.1919e+00212   4.1542e+00112   3.8072e+00112   1.8643e+00112   1.0996e+00012   8.5068e+00212  -6.2555e+00012  -4.9876e+00012  -2.7864e+00112  -1.4643e+00212  -4.3105e+00112  -2.2901e-00112  -4.6525e+00212  -5.7270e+00012  -7.5125e+00112  -8.7607e+00012   5.6894e+00112  -1.8579e+00112   1.4282e+00212   1.2667e+00012  -2.1878e+00212   1.1064e+00012  -3.4546e+00112   2.5970e+00212   6.2845e+00012  -2.8208e+002
13   2.6000e+00313  -1.1582e+00313  -4.4962e+00313   2.9912e+00413   2.5334e+00213  -4.6421e+00213   1.4321e+00213  -5.2427e+00113   5.2395e+00013  -1.1995e+00413  -6.7756e-00113  -2.8477e+00013   6.4471e+00413  -3.3647e+00313  -2.1723e+00313   3.6811e+00313  -8.9190e+00213   4.5587e+00313  -1.5230e+00313  -3.0436e+00313  -5.6027e+00113  -1.1693e+00413   2.2878e+00213  -7.5138e+00313  -3.4494e+00313   1.0140e+00413   2.0873e+00413  -1.7236e+00113   4.4893e+00313  -8.8051e+00013   6.7607e+00313  -2.7042e+00313  -3.8448e+00413  -6.5457e+00313   1.0227e+00413   3.9348e+00013   3.5438e+00413  -7.7376e+00113   1.3135e+00413   1.0280e+00413  -4.0457e+00313  -1.2860e+003
14  -4.8131e+00414  -1.6036e+00414   1.7159e+00514  -2.0820e+00514   3.7847e+00214  -7.9071e+00314   9.8646e+00414  -1.0149e+00214  -1.3217e+00014  -3.4851e+00414   1.3675e+00014  -1.6089e+00214  -3.3647e+00314   6.6808e+00614   1.5442e+00314   1.3025e+00514   6.5404e+00414  -2.1346e+00414   2.9592e+00414  -1.8877e+00414   3.9003e+00214   5.7159e+00514  -3.7097e+00314   8.1474e+00414  -9.6185e+00414  -1.2321e+00414   7.9777e+00414  -1.0972e+00314   1.1194e+00514  -4.3953e+00214  -5.8098e+00314   5.0332e+00314  -1.9622e+00514  -1.8036e+00514  -2.7503e+00414   8.9319e+00214   1.9798e+00614  -9.1578e+00214   1.1632e+00514   7.4506e+00414   2.1460e+00414   6.6201e+003
15  -2.8825e+00415  -1.8125e+00315  -4.3178e+00415   1.7121e+00515   2.6049e+00215   1.1025e+00315   3.8565e+00415  -4.4340e+00115   7.9547e+00015  -3.9567e+00415  -1.2823e+00115   1.0464e+00115  -2.1723e+00315   1.5442e+00315   4.3841e+00515  -1.7605e+00415   4.1904e+00315   1.5677e+00415   7.3697e+00215   7.2205e+00315  -3.8426e+00015   5.6306e+00315  -6.3241e+00215  -2.5180e+00415   3.1518e+00415  -2.7897e+00415  -3.2477e+00415   2.2385e+00215  -3.1133e+00415  -1.7688e+00315  -2.5208e+00415  -8.7282e+00315   1.9111e+00415  -8.5807e+00315   8.5498e+00215   5.5933e+00115   2.2726e+00515   3.4932e+00215  -4.6070e+00415  -4.0329e+00415   6.2483e+00315   3.2423e+003
16  -1.1658e+00416   1.9285e+00416   6.5195e+00416   3.6113e+00416  -4.6361e+00216   1.6696e+00416   1.4946e+00516  -2.7354e+00216  -2.9287e+00116  -1.0158e+00516  -2.3244e+00116   1.0451e+00216   3.6811e+00316   1.3025e+00516  -1.7605e+00416   3.5069e+00616  -1.8020e+00416   2.9879e+00416   8.5386e+00316  -6.8677e+00416   7.9296e+00216   3.5065e+00516   1.5771e+00316  -5.6873e+00416  -8.4746e+00416   1.4342e+00516  -3.8682e+00316  -1.8745e+00316   2.1278e+00416   8.0503e+00216   8.7873e+00416   6.5434e+00416  -1.9805e+00516   5.0509e+00216  -1.4013e+00416  -4.0303e+00216   7.0827e+00516  -8.9566e+00216   7.3658e+00416  -1.2426e+00516   6.5395e+00416  -1.2291e+004
17   8.7761e+00317   1.4124e+00217   7.0597e+00417   2.1479e+00517  -1.3045e+00317   6.9515e+00317   5.6484e+00417   1.9029e+00217  -4.8979e+00117   1.4286e+00517  -2.5894e+00117  -1.1919e+00217  -8.9190e+00217   6.5404e+00417   4.1904e+00317  -1.8020e+00417   2.1564e+00617  -3.3567e+00417   7.3647e+00317   4.9285e+00417  -1.5243e+00217   8.6191e+00417   8.9874e+00217  -1.5114e+00517   6.0788e+00417  -1.5658e+00517   5.7778e+00417  -4.3206e+00217  -3.5159e+00517  -6.6713e+00217   5.9522e+00417   5.4948e+00417  -8.0799e+00417   1.2389e+00417  -1.6496e+00417   9.5328e+00117  -3.6278e+00517  -1.0185e+00217  -2.1178e+00417  -3.8846e+00417  -7.1709e+00317   5.9640e+004
18   1.6838e+00318   9.4303e+00318   1.5785e+00518  -1.0884e+00518  -9.9276e+00218  -1.1709e+00418  -5.4892e+00318   3.8827e+00218  -1.4648e+00118  -1.3966e+00518   1.8228e+00118   4.1542e+00118   4.5587e+00318  -2.1346e+00418   1.5677e+00418   2.9879e+00418  -3.3567e+00418   4.5471e+00618  -2.3561e+00418   7.4534e+00418   9.7205e+00218  -7.0232e+00418   1.2259e+00218   2.2387e+00518   2.0337e+00518  -8.7549e+00418   1.3733e+00518  -5.4140e+00218  -6.6958e+00418   5.1809e+00318   4.4805e+00418   3.1387e+00418   1.9757e+00518  -6.7887e+00318   9.4835e+00318   8.1698e+00018   3.1264e+00518  -2.0045e+00318   3.4823e+00418  -2.2959e+00518  -5.8751e+00418   6.5113e+003
19  -8.9537e+00319  -4.1542e+00219   2.7059e+00419  -1.3873e+00419   1.7886e+00219  -4.7236e+00219   8.6658e+00319   1.8993e+00119  -4.3332e+00019   2.0241e+00319  -2.8907e+00119   3.8072e+00119  -1.5230e+00319   2.9592e+00419   7.3697e+00219   8.5386e+00319   7.3647e+00319  -2.3561e+00419   2.3069e+00519  -4.5888e+00319  -4.2426e+00119   2.2064e+00419   1.0711e+00119  -3.1158e+00419   8.3874e+00319  -1.4507e+00419   1.6671e+00419  -4.3566e+00219  -9.7788e+00419  -7.0026e+00219   2.3673e+00319  -1.7967e+00319   3.2968e+00319  -1.1051e+00419   3.4746e+00319   2.3870e+00219  -1.3294e+00519   1.2377e+00219   1.5800e+00419   5.3435e+00319   1.1455e+00419  -1.5416e+004
20  -3.4139e+00420   7.8892e+00320  -3.7252e+00420   1.2882e+00520  -1.7482e+00220   5.2502e+00320  -3.0114e+00320   2.8245e+00120   1.8122e+00020   5.5545e+00420   3.0206e+00020   1.8643e+00120  -3.0436e+00320  -1.8877e+00420   7.2205e+00320  -6.8677e+00420   4.9285e+00420   7.4534e+00420  -4.5888e+00320   1.0043e+00620   9.4588e+00220  -7.9999e+00420  -5.7117e+00220   1.0529e+00420  -7.5238e+00420  -5.4772e+00420  -5.1292e+00420   5.5455e+00220  -4.6980e+00420  -7.1026e+00220   2.6902e+00420   3.6668e+00420  -3.5580e+00420   6.4386e+00420  -9.6766e+00320  -8.4231e+00120  -2.3056e+00520  -3.4973e+00220  -1.8719e+00420  -4.8359e+00420   6.4832e+00320  -1.3853e+004
21  -8.1153e+00221   2.2039e+00221  -2.0630e+00321   2.6120e+00221   2.3559e+00121   2.1474e+00121   1.0219e+00321   7.2614e+00021  -2.6237e-00121  -1.7519e+00321   1.2567e+00021   1.0996e+00021  -5.6027e+00121   3.9003e+00221  -3.8426e+00021   7.9296e+00221  -1.5243e+00221   9.7205e+00221  -4.2426e+00121   9.4588e+00221   8.8751e+00221  -1.9596e+00321  -5.8055e+00121  -1.1465e+00321   3.4036e+00221  -9.1947e+00221  -9.1362e+00221   2.9044e+00021  -1.1382e+00321  -1.8676e+00021  -1.6732e+00321  -2.8998e+00221  -5.9766e+00221  -3.8604e+00221  -9.8343e+00221  -3.2888e+00021   1.3911e+00321   3.9718e+00021   2.7902e+00221  -1.4025e+00321  -2.2211e+00321   1.0120e+003
22   2.5159e+00522  -2.9682e+00422   3.4432e+00522   7.6692e+00522   1.2447e+00222   2.9610e+00422  -7.3570e+00422   1.7756e+00322  -2.0115e+00122   1.4925e+00522   4.6088e+00122   8.5068e+00222  -1.1693e+00422   5.7159e+00522   5.6306e+00322   3.5065e+00522   8.6191e+00422  -7.0232e+00422   2.2064e+00422  -7.9999e+00422  -1.9596e+00322   1.1295e+00822   1.2892e+00422  -1.1597e+00622  -1.7511e+00522   4.3725e+00522   5.9046e+00522  -5.3674e+00322  -1.0703e+00622   5.7260e+00322   5.6905e+00522   3.6455e+00322  -7.1084e+00522  -2.1791e+00522  -5.5937e+00422   2.8473e+00322   7.0980e+00522   2.1701e+00322   8.6615e+00422   1.1101e+00622   5.2074e+00522  -4.5339e+005
23   1.2096e+00323   6.7425e+00223  -5.6821e+00323  -1.9208e+00423  -2.0346e+00023   2.6423e+00223   2.9505e+00323  -7.6453e+00023  -1.3887e+00023   6.2018e+00323   8.7999e-00123  -6.2555e+00023   2.2878e+00223  -3.7097e+00323  -6.3241e+00223   1.5771e+00323   8.9874e+00223   1.2259e+00223   1.0711e+00123  -5.7117e+00223  -5.8055e+00123   1.2892e+00423   6.5115e+00323   1.8887e+00323   2.8228e+00323   7.9656e+00223   7.7203e+00323   2.6941e+00123  -2.6391e+00323   6.0925e+00123   5.9574e+00323   1.8858e+00323  -1.9494e+00123  -1.8208e+00323   1.3038e+00223  -1.9653e+00123   1.1154e+00423   9.8167e+00123   2.1518e+00323  -3.5653e+00323  -5.3029e+00323  -1.0312e+003
24  -1.1942e+00424   1.2239e+00424   1.0401e+00624  -2.7740e+00524   6.3217e+00324   1.7237e+00424  -1.2583e+00524   7.7353e+00124  -3.2113e+00124  -4.7812e+00424  -6.5518e+00124  -4.9876e+00024  -7.5138e+00324   8.1474e+00424  -2.5180e+00424  -5.6873e+00424  -1.5114e+00524   2.2387e+00524  -3.1158e+00424   1.0529e+00424  -1.1465e+00324  -1.1597e+00624   1.8887e+00324   8.6594e+00624   3.6927e+00524   4.7620e+00524  -1.5144e+00424  -1.2973e+00324   1.8646e+00524  -1.2971e+00324   1.9226e+00524   9.1032e+00424  -5.9924e+00424  -2.0534e+00524   2.7415e+00424   1.3834e+00224   7.3525e+00524   1.1858e+00224   2.8864e+00424  -2.2416e+00524   3.3705e+00424  -8.7102e+004
25  -2.2248e+00425  -3.3594e+00425  -9.1896e+00425   8.2308e+00425  -1.1348e+00425   1.8123e+00425   7.6790e+00425  -3.9434e+00025  -2.3139e+00125  -7.3855e+00425   3.4343e+00125  -2.7864e+00125  -3.4494e+00325  -9.6185e+00425   3.1518e+00425  -8.4746e+00425   6.0788e+00425   2.0337e+00525   8.3874e+00325  -7.5238e+00425   3.4036e+00225  -1.7511e+00525   2.8228e+00325   3.6927e+00525   1.2273e+00725  -4.8266e+00325   9.7182e+00425  -9.6084e+00225   1.1464e+00625  -3.6245e+00325   5.0228e+00425   8.6430e+00425  -1.2299e+00525  -1.2946e+00425   5.0064e+00425   1.7788e+00325   1.0736e+00625  -7.0792e+00325  -5.3945e+00425   5.6320e+00425  -3.3432e+00425  -6.5252e+004
26  -1.5232e+00526   1.3436e+00426   1.0824e+00626  -6.6055e+00426   9.3970e+00226  -1.7472e+00426  -7.6331e+00426   5.7813e+00226   7.2553e+00126   5.3385e+00526   4.0802e+00126  -1.4643e+00226   1.0140e+00426  -1.2321e+00426  -2.7897e+00426   1.4342e+00526  -1.5658e+00526  -8.7549e+00426  -1.4507e+00426  -5.4772e+00426  -9.1947e+00226   4.3725e+00526   7.9656e+00226   4.7620e+00526  -4.8266e+00326   2.0501e+00726  -7.2401e+00326  -5.9463e+00226  -1.0911e+00526  -3.2857e+00326  -1.9828e+00526   8.9474e+00426  -1.7124e+00526  -3.3735e+00526   6.2594e+00426  -2.1301e+00226  -7.9926e+00426   5.4887e+00226   2.2451e+00526   1.8987e+00526   2.1259e+00526   5.6046e+003
27   1.0133e+00527   2.9750e+00427   3.5952e+00527   4.8470e+00527   1.2052e+00327  -1.9880e+00427  -8.5725e+00427  -8.8825e+00227  -9.4624e+00027  -1.4282e+00427   1.4853e+00127  -4.3105e+00127   2.0873e+00427   7.9777e+00427  -3.2477e+00427  -3.8682e+00327   5.7778e+00427   1.3733e+00527   1.6671e+00427  -5.1292e+00427  -9.1362e+00227   5.9046e+00527   7.7203e+00327  -1.5144e+00427   9.7182e+00427  -7.2401e+00327   1.2677e+00727  -2.6738e+00327   3.0796e+00527  -1.7441e+00327   1.5004e+00527  -2.7766e+00427   2.5576e+00527   1.8805e+00527   1.6865e+00527   7.7426e+00227  -6.3344e+00527   6.0227e+00227   2.3729e+00527   6.9643e+00327  -1.6737e+00527  -4.4313e+004
28   1.9533e+00228  -5.6654e+00228  -1.0256e+00328   5.2630e+00328   9.5086e+00028   1.3087e+00228   7.1867e+00128  -5.5049e+00028  -3.5508e-00128   2.4598e+00228   6.2995e-00128  -2.2901e-00128  -1.7236e+00128  -1.0972e+00328   2.2385e+00228  -1.8745e+00328  -4.3206e+00228  -5.4140e+00228  -4.3566e+00228   5.5455e+00228   2.9044e+00028  -5.3674e+00328   2.6941e+00128  -1.2973e+00328  -9.6084e+00228  -5.9463e+00228  -2.6738e+00328   9.3284e+00228  -4.4356e+00328   2.2528e+00128   2.6851e+00328  -6.3194e+00228   1.2816e+00328   4.8798e+00228   4.0722e+00228  -1.3040e+00128   2.4566e+00328   3.8048e+00128  -2.4422e+00328   7.9141e+00228   1.1660e+00328   1.8703e+003
29   2.2299e+00529   6.4736e+00429   9.0836e+00529  -6.1908e+00529   1.0086e+00429   9.2018e+00329  -1.1155e+00529   1.6613e+00329  -3.2891e+00129   4.1718e+00529  -5.3703e+00229  -4.6525e+00229   4.4893e+00329   1.1194e+00529  -3.1133e+00429   2.1278e+00429  -3.5159e+00529  -6.6958e+00429  -9.7788e+00429  -4.6980e+00429  -1.1382e+00329  -1.0703e+00629  -2.6391e+00329   1.8646e+00529   1.1464e+00629  -1.0911e+00529   3.0796e+00529  -4.4356e+00329   1.1778e+00829   5.1207e+00329  -5.9887e+00529  -2.8985e+00429  -2.1027e+00529   1.3267e+00529   1.4126e+00529   3.5892e+00229   4.3448e+00629  -1.2779e+00429   6.4082e+00429  -7.0407e+00529  -2.0684e+00529  -3.8926e+005
30   1.2967e+00330   3.9423e+00030   1.7728e+00330  -1.5543e+00430  -3.7970e+00130  -2.0046e+00230  -3.0830e+00330   1.7010e+00030  -1.3760e+00030   2.2887e+00330  -8.8098e-00130  -5.7270e+00030  -8.8051e+00030  -4.3953e+00230  -1.7688e+00330   8.0503e+00230  -6.6713e+00230   5.1809e+00330  -7.0026e+00230  -7.1026e+00230  -1.8676e+00030   5.7260e+00330   6.0925e+00130  -1.2971e+00330  -3.6245e+00330  -3.2857e+00330  -1.7441e+00330   2.2528e+00130   5.1207e+00330   4.0204e+00330  -3.4621e+00330   1.7791e+00330  -1.8545e+00330  -2.6721e+00330  -1.1111e+00330  -2.2400e+00130   5.0730e+00330  -9.3038e+00030  -2.0821e+00330  -2.1016e+00330  -6.7945e+00230   4.2209e+003
31   3.5678e+00431  -1.0073e+00431  -1.0296e+00531  -8.2272e+00331   5.3350e+00231   4.4841e+00331  -3.6867e+00431   5.2960e+00231  -2.8631e+00131   5.3207e+00431  -5.0016e+00131  -7.5125e+00131   6.7607e+00331  -5.8098e+00331  -2.5208e+00431   8.7873e+00431   5.9522e+00431   4.4805e+00431   2.3673e+00331   2.6902e+00431  -1.6732e+00331   5.6905e+00531   5.9574e+00331   1.9226e+00531   5.0228e+00431  -1.9828e+00531   1.5004e+00531   2.6851e+00331  -5.9887e+00531  -3.4621e+00331   8.0628e+00631  -6.2014e+00431   1.2490e+00531   1.4224e+00531   8.7514e+00431  -1.3975e+00331  -2.2631e+00631  -3.6109e+00331   6.1348e+00431  -2.3727e+00531   6.5827e+00431   6.2847e+004
32  -2.2423e+00432  -4.7462e+00432  -3.1805e+00532   3.7430e+00432   2.3662e+00232  -1.0313e+00432   5.4549e+00432   1.0281e+00232  -3.3430e+00132   4.4484e+00332  -2.3462e+00132  -8.7607e+00032  -2.7042e+00332   5.0332e+00332  -8.7282e+00332   6.5434e+00432   5.4948e+00432   3.1387e+00432  -1.7967e+00332   3.6668e+00432  -2.8998e+00232   3.6455e+00332   1.8858e+00332   9.1032e+00432   8.6430e+00432   8.9474e+00432  -2.7766e+00432  -6.3194e+00232  -2.8985e+00432   1.7791e+00332  -6.2014e+00432   5.0586e+00632   1.2711e+00532   4.7784e+00232   2.3102e+00432   3.1796e+00232  -3.3607e+00532   1.2770e+00332   7.3730e+00232   2.0268e+00532  -1.3295e+00532  -5.9100e+004
33  -1.6472e+00533  -2.1417e+00433  -1.3494e+00533  -5.9670e+00433   1.5727e+00333  -1.1095e+00433   1.7070e+00433   1.3897e+00233   1.0248e+00133  -5.5000e+00433  -3.0857e+00133   5.6894e+00133  -3.8448e+00433  -1.9622e+00533   1.9111e+00433  -1.9805e+00533  -8.0799e+00433   1.9757e+00533   3.2968e+00333  -3.5580e+00433  -5.9766e+00233  -7.1084e+00533  -1.9494e+00133  -5.9924e+00433  -1.2299e+00533  -1.7124e+00533   2.5576e+00533   1.2816e+00333  -2.1027e+00533  -1.8545e+00333   1.2490e+00533   1.2711e+00533   1.9424e+00733   1.2206e+00533   1.6374e+00533  -2.6711e+00333   1.0464e+00633  -1.5172e+00333   1.4982e+00433   1.6590e+00533   6.2690e+00433  -7.5276e+004
34   3.8504e+00434   1.3845e+00434  -5.3926e+00534   3.1602e+00434  -5.9584e+00334  -1.2681e+00334   5.7145e+00434   1.1873e+00134   6.5142e+00034  -1.6758e+00334  -3.3358e+00134  -1.8579e+00134  -6.5457e+00334  -1.8036e+00534  -8.5807e+00334   5.0509e+00234   1.2389e+00434  -6.7887e+00334  -1.1051e+00434   6.4386e+00434  -3.8604e+00234  -2.1791e+00534  -1.8208e+00334  -2.0534e+00534  -1.2946e+00434  -3.3735e+00534   1.8805e+00534   4.8798e+00234   1.3267e+00534  -2.6721e+00334   1.4224e+00534   4.7784e+00234   1.2206e+00534   4.3700e+00634  -2.7207e+00334   4.5667e+00234  -5.8973e+00534  -9.7816e+00234  -6.2326e+00434  -9.1060e+00434   1.3355e+00534   2.3260e+004
35  -7.4889e+00435  -1.0234e+00335   8.0276e+00435  -5.5058e+00435  -2.6758e+00235  -3.5298e+00335  -5.8941e+00335  -2.6362e+00235  -2.2740e+00035   5.0214e+00435  -1.0910e+00135   1.4282e+00235   1.0227e+00435  -2.7503e+00435   8.5498e+00235  -1.4013e+00435  -1.6496e+00435   9.4835e+00335   3.4746e+00335  -9.6766e+00335  -9.8343e+00235  -5.5937e+00435   1.3038e+00235   2.7415e+00435   5.0064e+00435   6.2594e+00435   1.6865e+00535   4.0722e+00235   1.4126e+00535  -1.1111e+00335   8.7514e+00435   2.3102e+00435   1.6374e+00535  -2.7207e+00335   1.0845e+00635   2.8046e+00235   2.0382e+00535  -7.9340e+00235  -1.6164e+00435  -5.2652e+00435  -7.7337e+00435   2.2870e+004
36   8.3441e+00236  -6.5240e+00136  -1.8229e+00336   3.3755e+00336  -4.4953e+00036  -1.1258e+00236  -1.3067e+00336  -1.5174e+00036  -5.1603e-00136   1.6160e+00336  -5.9992e-00136   1.2667e+00036   3.9348e+00036   8.9319e+00236   5.5933e+00136  -4.0303e+00236   9.5328e+00136   8.1698e+00036   2.3870e+00236  -8.4231e+00136  -3.2888e+00036   2.8473e+00336  -1.9653e+00136   1.3834e+00236   1.7788e+00336  -2.1301e+00236   7.7426e+00236  -1.3040e+00136   3.5892e+00236  -2.2400e+00136  -1.3975e+00336   3.1796e+00236  -2.6711e+00336   4.5667e+00236   2.8046e+00236   5.2454e+00236   2.2339e+00336  -2.4178e+00036   5.8379e+00236   5.9615e+00236   1.5237e+00336   1.2326e+003
37  -1.4173e+00637   3.1732e+00437   2.2324e+00637  -1.1551e+00637   9.5728e+00337   1.1532e+00537   6.8824e+00537   1.7344e+00337   1.1703e+00237  -1.3734e+00537   4.6760e+00237  -2.1878e+00237   3.5438e+00437   1.9798e+00637   2.2726e+00537   7.0827e+00537  -3.6278e+00537   3.1264e+00537  -1.3294e+00537  -2.3056e+00537   1.3911e+00337   7.0980e+00537   1.1154e+00437   7.3525e+00537   1.0736e+00637  -7.9926e+00437  -6.3344e+00537   2.4566e+00337   4.3448e+00637   5.0730e+00337  -2.2631e+00637  -3.3607e+00537   1.0464e+00637  -5.8973e+00537   2.0382e+00537   2.2339e+00337   2.6779e+00837  -4.1222e+00337  -1.3534e+00537   1.4527e+00637   2.4211e+00537   4.6263e+005
38  -3.7110e+00238  -2.4945e+00138   7.2991e+00338   1.3115e+00338  -9.4373e+00138   1.4550e+00238  -5.6824e+00238   9.3973e+00038  -3.4109e-00238  -1.8346e+00338   1.0488e+00038   1.1064e+00038  -7.7376e+00138  -9.1578e+00238   3.4932e+00238  -8.9566e+00238  -1.0185e+00238  -2.0045e+00338   1.2377e+00238  -3.4973e+00238   3.9718e+00038   2.1701e+00338   9.8167e+00138   1.1858e+00238  -7.0792e+00338   5.4887e+00238   6.0227e+00238   3.8048e+00138  -1.2779e+00438  -9.3038e+00038  -3.6109e+00338   1.2770e+00338  -1.5172e+00338  -9.7816e+00238  -7.9340e+00238  -2.4178e+00038  -4.1222e+00338   2.3541e+00338   1.1480e+00338  -2.3358e+00338  -2.8323e+00238  -6.6374e+002
39  -4.4077e+00439   6.1396e+00339  -4.3773e+00439  -1.3799e+00539   5.5877e+00339  -5.3141e+00339   1.6162e+00439  -1.3404e+00239  -3.4244e+00139   2.3486e+00439  -2.1586e+00139  -3.4546e+00139   1.3135e+00439   1.1632e+00539  -4.6070e+00439   7.3658e+00439  -2.1178e+00439   3.4823e+00439   1.5800e+00439  -1.8719e+00439   2.7902e+00239   8.6615e+00439   2.1518e+00339   2.8864e+00439  -5.3945e+00439   2.2451e+00539   2.3729e+00539  -2.4422e+00339   6.4082e+00439  -2.0821e+00339   6.1348e+00439   7.3730e+00239   1.4982e+00439  -6.2326e+00439  -1.6164e+00439   5.8379e+00239  -1.3534e+00539   1.1480e+00339   8.4279e+00639   2.9575e+00539   1.5660e+00539   7.2678e+004
40  -1.7384e+00440  -2.0180e+00440  -4.8722e+00540   1.8990e+00440   5.5858e+00240  -7.6854e+00340   9.6478e+00440  -1.3755e+00340   2.1222e+00140   3.7252e+00540  -6.9349e+00140   2.5970e+00240   1.0280e+00440   7.4506e+00440  -4.0329e+00440  -1.2426e+00540  -3.8846e+00440  -2.2959e+00540   5.3435e+00340  -4.8359e+00440  -1.4025e+00340   1.1101e+00640  -3.5653e+00340  -2.2416e+00540   5.6320e+00440   1.8987e+00540   6.9643e+00340   7.9141e+00240  -7.0407e+00540  -2.1016e+00340  -2.3727e+00540   2.0268e+00540   1.6590e+00540  -9.1060e+00440  -5.2652e+00440   5.9615e+00240   1.4527e+00640  -2.3358e+00340   2.9575e+00540   1.7083e+00740  -6.8942e+00340   2.4659e+004
41  -6.0913e+00441   6.0199e+00341  -5.1189e+00541   8.5413e+00441   1.8255e+00341   4.6663e+00341  -5.7032e+00441  -6.7898e+00241   2.7918e+00141  -8.9501e+00441   1.2913e+00141   6.2845e+00041  -4.0457e+00341   2.1460e+00441   6.2483e+00341   6.5395e+00441  -7.1709e+00341  -5.8751e+00441   1.1455e+00441   6.4832e+00341  -2.2211e+00341   5.2074e+00541  -5.3029e+00341   3.3705e+00441  -3.3432e+00441   2.1259e+00541  -1.6737e+00541   1.1660e+00341  -2.0684e+00541  -6.7945e+00241   6.5827e+00441  -1.3295e+00541   6.2690e+00441   1.3355e+00541  -7.7337e+00441   1.5237e+00341   2.4211e+00541  -2.8323e+00241   1.5660e+00541  -6.8942e+00341   8.6581e+00641  -2.3919e+004
42   1.1451e+00542   1.5307e+00442  -1.8158e+00542   2.5882e+00542  -1.7990e+00342  -1.1715e+00442   4.4879e+00442   3.0826e+00242  -1.9042e+00042  -1.2086e+00542  -4.2673e+00142  -2.8208e+00242  -1.2860e+00342   6.6201e+00342   3.2423e+00342  -1.2291e+00442   5.9640e+00442   6.5113e+00342  -1.5416e+00442  -1.3853e+00442   1.0120e+00342  -4.5339e+00542  -1.0312e+00342  -8.7102e+00442  -6.5252e+00442   5.6046e+00342  -4.4313e+00442   1.8703e+00342  -3.8926e+00542   4.2209e+00342   6.2847e+00442  -5.9100e+00442  -7.5276e+00442   2.3260e+00442   2.2870e+00442   1.2326e+00342   4.6263e+00542  -6.6374e+00242   7.2678e+00442   2.4659e+00442  -2.3919e+00442   4.6135e+006

--------------decomposing matrix-----------------
---------------------- JTJI -----------------
    2.20125e-007     2.24611e-009    -5.75536e-010     5.37647e-010    -7.91828e-008     6.02196e-009     1.50370e-010    -2.75794e-007    -2.71244e-006     5.07895e-010     2.08479e-006     1.92106e-006    -9.34509e-009     1.43024e-009     1.33157e-008     5.11859e-010    -5.30188e-010    -2.52681e-010     8.48840e-009     7.52791e-009     2.08264e-007    -5.16765e-010    -3.59621e-008     1.11648e-010     2.66256e-010     1.63347e-009    -1.79947e-009    -6.39093e-008    -4.44643e-010    -4.85506e-008    -6.29817e-010     8.68474e-010     1.64384e-009    -1.75279e-009     1.54098e-008    -3.64574e-007     1.15182e-009     3.60138e-008     1.33008e-009     1.25383e-010     1.61701e-009    -5.46028e-009 
    2.24611e-009     5.11542e-006    -2.96489e-009    -1.14140e-010     1.80438e-007     4.90356e-008    -2.57115e-008    -1.75342e-006     2.40349e-005     7.39558e-009    -1.19356e-005     1.75505e-005     1.00763e-007     1.41098e-008     1.89366e-008    -2.68030e-008     1.76208e-010    -9.03134e-009     5.98106e-009    -4.33548e-008    -1.17674e-006     1.24986e-009    -5.42803e-007    -8.06460e-009     1.47401e-008    -3.40056e-009    -1.15474e-008     3.12252e-006    -2.78023e-009     1.89643e-008     6.79613e-009     4.89531e-008     5.42734e-009    -1.54810e-008    -1.66223e-009     5.49601e-007    -5.30532e-010     3.95482e-008    -2.27532e-009     3.76236e-009    -4.36120e-009    -1.62804e-008 
   -5.75536e-010    -2.96489e-009     8.60965e-009    -8.98124e-011    -1.40817e-008     4.01089e-009     1.38724e-010     1.57893e-008     8.70849e-007    -2.21315e-010     5.06130e-007    -4.91266e-008     8.48509e-010    -1.66520e-010     8.15548e-010    -1.50926e-010    -4.10273e-010    -2.61592e-010    -1.10391e-009     1.98702e-010     1.99517e-008    -3.38697e-011     9.86784e-009    -9.76808e-010     5.84915e-011    -4.22850e-010    -2.19778e-010     3.67938e-009    -5.72164e-011    -3.14692e-009     9.55154e-011     5.66969e-010     4.66936e-011     9.49583e-010    -5.59337e-010     3.31610e-008    -7.46028e-011    -2.84167e-008     7.25283e-011     2.40378e-010     5.10015e-010     3.39933e-010 
    5.37647e-010    -1.14140e-010    -8.98124e-011     1.68916e-008     2.37046e-008    -5.05776e-010     2.72268e-009    -4.45936e-007     7.39342e-007     5.19031e-011     1.18768e-008     1.85832e-007    -8.86790e-009     5.21668e-010    -6.53219e-009    -5.15548e-010    -1.52615e-009     4.22875e-010     1.14531e-009    -2.00503e-009     1.27754e-009    -1.14978e-010     4.84325e-008     4.67284e-010    -1.21932e-010     6.27148e-011    -7.27456e-010    -1.00440e-007     7.88014e-011     6.50055e-008     1.02141e-010    -1.95886e-010     1.93308e-011     4.03532e-011     1.03341e-009    -9.92269e-008     6.90210e-011    -4.66516e-009     2.31748e-010    -5.70695e-011    -1.34301e-010    -9.29653e-010 
   -7.91828e-008     1.80438e-007    -1.40817e-008     2.37046e-008     1.05358e-004     4.48822e-007    -7.23018e-008     6.44762e-006    -4.25589e-005    -6.03280e-008    -1.38183e-004    -5.65304e-005    -4.08961e-007     3.93469e-009    -9.69804e-008     1.79693e-008     4.84122e-008     2.56164e-008    -9.75653e-008     1.28371e-008    -3.04885e-006    -2.10812e-010     7.27429e-008    -7.96372e-008     1.03265e-007     1.88928e-009    -1.24837e-008    -1.54903e-006    -1.00199e-008     1.02602e-006    -9.49502e-009    -8.54183e-009    -9.10517e-009     1.39299e-007     4.19001e-008     5.44000e-007    -3.63948e-009     4.63895e-006    -6.82249e-008     8.45224e-010    -2.48802e-008     3.48246e-008 
    6.02196e-009     4.90356e-008     4.01089e-009    -5.05776e-010     4.48822e-007     7.12090e-006    -6.43121e-010     1.03704e-006     5.53198e-005    -2.05159e-009    -1.61157e-007     7.99301e-006     3.97185e-008     1.01722e-008    -1.44810e-008    -3.55466e-008    -2.21827e-008     1.92779e-008     1.09047e-008    -3.94108e-008    -1.43871e-007    -2.07702e-009    -2.43823e-007    -1.57949e-008    -1.01298e-008     6.09698e-009     1.01258e-008    -9.51716e-007    -5.74814e-010     3.54525e-007    -3.13508e-009     1.63143e-008     3.50852e-009     2.90641e-009     1.97427e-008     1.51417e-006    -3.12301e-009    -4.48018e-007     3.49778e-009     2.80102e-009    -3.08561e-009     1.80033e-008 
    1.50370e-010    -2.57115e-008     1.38724e-010     2.72268e-009    -7.23018e-008    -6.43121e-010     2.33862e-007     4.85053e-007    -1.02666e-006    -2.44208e-009    -6.59340e-007    -2.94640e-006    -3.13546e-009    -3.34231e-009    -2.10421e-008    -9.67239e-009    -6.05187e-009     7.38247e-011    -7.63250e-009     8.56221e-010    -2.47259e-007     1.84835e-010    -1.00978e-007     3.24818e-009    -1.70234e-009     8.24704e-010     1.59771e-009    -5.34328e-008     2.28017e-010     1.84302e-007     1.10458e-009    -2.74599e-009    -2.24387e-010    -3.30824e-009     1.50285e-009     5.95823e-007    -5.27507e-010     4.92285e-008    -3.93162e-010    -1.22498e-009     1.48324e-009    -2.75516e-009 
   -2.75794e-007    -1.75342e-006     1.57893e-008    -4.45936e-007     6.44762e-006     1.03704e-006     4.85053e-007     4.87577e-003     1.06968e-003     1.27479e-007     6.96848e-004     2.08424e-004     3.72963e-006     6.92978e-008     7.04760e-007     4.42604e-007    -3.69423e-007    -4.11304e-007    -5.37794e-007     3.30613e-008    -3.81662e-005    -8.28363e-008     5.04380e-006    -2.47977e-008     4.41859e-009    -1.67881e-007     3.69579e-007     3.19892e-005    -7.06433e-008    -1.20565e-006    -3.64920e-007    -1.11913e-007    -4.75808e-008    -2.23300e-008     1.08617e-006     1.81138e-005    -4.56211e-008    -2.03601e-005     5.90566e-008     3.80569e-007     3.91143e-007    -2.78560e-007 
   -2.71244e-006     2.40349e-005     8.70849e-007     7.39342e-007    -4.25589e-005     5.53198e-005    -1.02666e-006     1.06968e-003     1.33357e+000    -1.49942e-006     7.39094e-003    -2.51493e-003    -1.09299e-004    -3.00654e-007    -2.17838e-005     1.11422e-005     2.99357e-005     3.57586e-006     2.56009e-005    -4.53695e-006     3.86327e-004     1.80361e-007     2.63477e-004     5.30140e-006     1.93865e-006    -4.65273e-006     6.44731e-007     5.98448e-004     4.79711e-007     4.54048e-004     4.11748e-006     8.30490e-006    -5.16923e-007    -2.03046e-006     4.50540e-006     1.39143e-003    -6.11536e-007    -3.47266e-006     5.73917e-006    -1.08873e-006    -4.19352e-006    -7.10447e-007 
    5.07895e-010     7.39558e-009    -2.21315e-010     5.19031e-011    -6.03280e-008    -2.05159e-009    -2.44208e-009     1.27479e-007    -1.49942e-006     5.40671e-008     3.77753e-007    -7.79302e-007     1.16872e-008     3.25936e-010     4.86716e-009     1.59791e-009    -3.70166e-009     1.53270e-009     7.33104e-011    -3.10373e-009     9.75155e-008    -3.63299e-011    -5.18014e-008     3.34415e-010     3.56859e-010    -1.45456e-009     1.09264e-010    -9.72874e-009    -2.06488e-010    -3.96252e-008    -4.03657e-010     2.01972e-010     1.71668e-010    -1.29724e-010    -2.36969e-009    -1.80798e-007     2.39465e-011     4.08870e-008    -9.30674e-011    -1.11984e-009     6.04599e-010     1.43570e-009 
    2.08479e-006    -1.19356e-005     5.06130e-007     1.18768e-008    -1.38183e-004    -1.61157e-007    -6.59340e-007     6.96848e-004     7.39094e-003     3.77753e-007     4.70622e-001     1.17470e-003     7.14200e-006    -3.41563e-007     1.61105e-005     3.53795e-006     5.80988e-006    -1.82573e-006     5.92956e-005    -7.78456e-007    -6.40574e-004    -2.04194e-007    -5.85871e-005     4.20642e-006    -1.91961e-006    -9.55941e-007    -8.47396e-007    -2.73109e-004     2.24895e-006     1.27354e-004     2.68503e-006     1.91351e-006     8.66751e-007     3.50559e-006     3.65157e-006     5.05145e-004    -8.31225e-007    -2.01727e-004     1.21382e-006     2.14632e-006    -9.12515e-007     4.66133e-006 
    1.92106e-006     1.75505e-005    -4.91266e-008     1.85832e-007    -5.65304e-005     7.99301e-006    -2.94640e-006     2.08424e-004    -2.51493e-003    -7.79302e-007     1.17470e-003     6.82618e-002     4.54845e-006     1.86746e-006    -7.28014e-007    -2.25005e-006     3.61686e-006    -8.33805e-007    -1.01611e-005    -1.57464e-006    -9.50880e-005    -5.18882e-007     6.44005e-005    -7.62219e-008     1.77640e-007     6.01524e-007     2.74533e-007     1.15606e-005     2.68526e-007     8.71662e-005     6.71285e-007     4.18147e-007    -7.27656e-008     2.78959e-007    -9.01307e-006    -1.67962e-004     6.69141e-008    -3.94741e-005     3.28217e-007    -9.71790e-007    -2.60030e-008     3.96285e-006 
   -9.34509e-009     1.00763e-007     8.48509e-010    -8.86790e-009    -4.08961e-007     3.97185e-008    -3.13546e-009     3.72963e-006    -1.09299e-004     1.16872e-008     7.14200e-006     4.54845e-006     1.56128e-005     9.73429e-009     7.72968e-008    -1.39005e-008     2.07051e-009    -1.81643e-008     1.05517e-007     4.16892e-008     7.06087e-007     2.33295e-009    -5.43902e-007     1.59134e-008     5.71770e-009    -6.73266e-009    -2.30506e-008     2.99779e-007    -3.45006e-010     5.93466e-010    -1.30275e-008     8.80402e-009     3.29708e-008     2.28392e-008    -1.48214e-007    -5.79535e-008    -2.27917e-009     4.48435e-007    -2.33181e-008    -9.42664e-009     6.00831e-009     7.65461e-009 
    1.43024e-009     1.41098e-008    -1.66520e-010     5.21668e-010     3.93469e-009     1.01722e-008    -3.34231e-009     6.92978e-008    -3.00654e-007     3.25936e-010    -3.41563e-007     1.86746e-006     9.73429e-009     1.50923e-007    -2.63008e-010    -5.14095e-009    -4.76324e-009     6.44189e-010    -1.88553e-008     1.82935e-009    -5.93633e-008    -7.34203e-010     9.35978e-008    -1.61135e-009     1.46466e-009     2.60469e-010    -1.15543e-009     1.36000e-007    -1.53472e-010     1.86331e-008    -3.30461e-010    -2.51475e-011     1.45636e-009     5.99028e-009     3.67901e-009    -2.51186e-007    -1.10052e-009     5.82730e-008    -1.87182e-009    -4.96765e-010    -2.49643e-010    -1.15915e-010 
    1.33157e-008     1.89366e-008     8.15548e-010    -6.53219e-009    -9.69804e-008    -1.44810e-008    -2.10421e-008     7.04760e-007    -2.17838e-005     4.86716e-009     1.61105e-005    -7.28014e-007     7.72968e-008    -2.63008e-010     2.29898e-006     1.15657e-008    -3.26939e-009    -9.48332e-009    -3.90646e-009    -1.37609e-008     9.90313e-008    -3.08247e-010     1.81346e-007     6.87379e-009    -5.73934e-009     2.68979e-009     5.34060e-009    -4.68841e-007     5.81672e-010     9.81295e-007     6.65880e-009     3.81260e-009    -1.80281e-009     5.92386e-009    -1.47792e-009    -2.33808e-007    -1.87701e-009    -3.62971e-007     1.19960e-008     5.84374e-009    -1.44836e-009    -1.94702e-009 
    5.11859e-010    -2.68030e-008    -1.50926e-010    -5.15548e-010     1.79693e-008    -3.55466e-008    -9.67239e-009     4.42604e-007     1.11422e-005     1.59791e-009     3.53795e-006    -2.25005e-006    -1.39005e-008    -5.14095e-009     1.15657e-008     2.88252e-007     2.80733e-009    -2.24509e-009    -8.49960e-009     2.01058e-008    -2.66792e-007    -7.60009e-010    -6.35387e-008     2.28153e-009     2.24460e-009    -2.12406e-009     3.02289e-010     5.51320e-007    -1.39319e-011    -5.63352e-008    -3.65543e-009    -4.33996e-009     2.90733e-009    -5.89707e-010     3.59743e-009     2.36094e-007    -7.61172e-010     1.10801e-007    -2.07337e-009     2.34250e-009    -2.29110e-009     7.25283e-010 
   -5.30188e-010     1.76208e-010    -4.10273e-010    -1.52615e-009     4.84122e-008    -2.21827e-008    -6.05187e-009    -3.69423e-007     2.99357e-005    -3.70166e-009     5.80988e-006     3.61686e-006     2.07051e-009    -4.76324e-009    -3.26939e-009     2.80733e-009     4.68095e-007     3.40262e-009    -1.10445e-008    -2.26653e-008     1.14825e-007    -2.53495e-010    -5.60055e-008     8.15903e-009    -2.70253e-009     3.28960e-009    -2.23106e-009     2.67575e-007     1.41278e-009     8.17501e-008    -3.06362e-009    -5.06471e-009     1.81294e-009    -2.12349e-010     6.54140e-009    -1.50457e-008     5.52837e-010     1.72037e-008     1.32180e-009     1.18735e-009     9.18288e-013    -5.96264e-009 
   -2.52681e-010    -9.03134e-009    -2.61592e-010     4.22875e-010     2.56164e-008     1.92779e-008     7.38247e-011    -4.11304e-007     3.57586e-006     1.53270e-009    -1.82573e-006    -8.33805e-007    -1.81643e-008     6.44189e-010    -9.48332e-009    -2.24509e-009     3.40262e-009     2.21911e-007     2.10080e-008    -1.71041e-008    -2.16396e-007     4.73350e-011     2.17920e-009    -5.46868e-009    -3.62302e-009     9.71229e-010    -2.43371e-009     1.20331e-007     2.45729e-010    -2.92574e-007    -1.06715e-009    -1.17848e-009    -2.34225e-009     4.44819e-010    -1.00771e-009    -3.13587e-008    -2.36253e-010     1.78625e-007    -1.12613e-009     2.79305e-009     1.32970e-009    -1.37326e-010 
    8.48840e-009     5.98106e-009    -1.10391e-009     1.14531e-009    -9.75653e-008     1.09047e-008    -7.63250e-009    -5.37794e-007     2.56009e-005     7.33104e-011     5.92956e-005    -1.01611e-005     1.05517e-007    -1.88553e-008    -3.90646e-009    -8.49960e-009    -1.10445e-008     2.10080e-008     4.36773e-006     1.65160e-008     1.11217e-007    -2.28195e-010    -3.77365e-008     1.64534e-008    -3.97384e-009     3.12865e-009    -5.29357e-009     1.91285e-006     3.86763e-009     6.92555e-007    -1.12694e-009     2.30719e-009    -9.95194e-010     1.21298e-008    -1.39668e-008    -1.82067e-006     2.14517e-009    -2.50674e-007    -6.81040e-009    -4.62952e-010    -5.95362e-009     1.39078e-008 
    7.52791e-009    -4.33548e-008     1.98702e-010    -2.00503e-009     1.28371e-008    -3.94108e-008     8.56221e-010     3.30613e-008    -4.53695e-006    -3.10373e-009    -7.78456e-007    -1.57464e-006     4.16892e-008     1.82935e-009    -1.37609e-008     2.01058e-008    -2.26653e-008    -1.71041e-008     1.65160e-008     1.00534e-006    -1.05790e-006     5.52985e-010     6.51243e-008    -1.68271e-009     6.80061e-009     2.12645e-009     4.05071e-009    -5.63884e-007     2.30906e-010     1.78023e-007    -3.10287e-009    -8.19648e-009     2.35525e-009    -1.42227e-008     7.62234e-009     1.32809e-007     7.39407e-010     1.78153e-007     1.43723e-009     2.46214e-009    -9.04756e-010     3.62041e-009 
    2.08264e-007    -1.17674e-006     1.99517e-008     1.27754e-009    -3.04885e-006    -1.43871e-007    -2.47259e-007    -3.81662e-005     3.86327e-004     9.75155e-008    -6.40574e-004    -9.50880e-005     7.06087e-007    -5.93633e-008     9.90313e-008    -2.66792e-007     1.14825e-007    -2.16396e-007     1.11217e-007    -1.05790e-006     1.13489e-003     1.64572e-008     1.01933e-005     1.47452e-007    -5.39104e-008     4.11944e-008     5.38087e-008    -4.78839e-006     8.38598e-009     1.06057e-006     2.17428e-007     6.26277e-008     2.20568e-008     1.10585e-007     1.00982e-006     5.11986e-006    -2.05284e-009    -1.75328e-006    -4.62428e-008     8.98178e-008     3.04348e-007    -2.58479e-007 
   -5.16765e-010     1.24986e-009    -3.38697e-011    -1.14978e-010    -2.10812e-010    -2.07702e-009     1.84835e-010    -8.28363e-008     1.80361e-007    -3.63299e-011    -2.04194e-007    -5.18882e-007     2.33295e-009    -7.34203e-010    -3.08247e-010    -7.60009e-010    -2.53495e-010     4.73350e-011    -2.28195e-010     5.52985e-010     1.64572e-008     8.91124e-009    -1.84118e-008     1.23675e-009     1.03334e-010    -2.07295e-010    -4.05920e-010     5.18397e-008     7.48287e-011    -1.52892e-008    -7.03059e-010     7.54906e-012     3.19879e-010     4.48377e-010     3.61098e-010    -4.55149e-008    -2.82697e-011    -8.02588e-009    -2.64322e-011    -5.75697e-010    -5.46997e-010     8.95495e-010 
   -3.59621e-008    -5.42803e-007     9.86784e-009     4.84325e-008     7.27429e-008    -2.43823e-007    -1.00978e-007     5.04380e-006     2.63477e-004    -5.18014e-008    -5.85871e-005     6.44005e-005    -5.43902e-007     9.35978e-008     1.81346e-007    -6.35387e-008    -5.60055e-008     2.17920e-009    -3.77365e-008     6.51243e-008     1.01933e-005    -1.84118e-008     1.54827e-004    -3.01486e-008    -3.86174e-008    -4.67374e-009    -9.18472e-008    -5.10607e-006     3.79974e-009    -2.00308e-006    -1.10855e-007    -5.72995e-008    -9.83827e-010     6.96238e-008     1.80821e-008     4.76746e-006    -8.07309e-009    -6.64946e-006    -3.69539e-008     3.41126e-008     9.50633e-008     3.53566e-008 
    1.11648e-010    -8.06460e-009    -9.76808e-010     4.67284e-010    -7.96372e-008    -1.57949e-008     3.24818e-009    -2.47977e-008     5.30140e-006     3.34415e-010     4.20642e-006    -7.62219e-008     1.59134e-008    -1.61135e-009     6.87379e-009     2.28153e-009     8.15903e-009    -5.46868e-009     1.64534e-008    -1.68271e-009     1.47452e-007     1.23675e-009    -3.01486e-008     1.17056e-007    -3.48820e-009    -2.59827e-009     1.68394e-010     1.69086e-007    -5.18977e-011     4.94620e-008    -3.07171e-009    -2.27488e-009     4.87635e-010     5.20829e-009    -2.19588e-009    -3.15741e-008    -3.14981e-010    -2.48933e-008    -2.05996e-010     1.43045e-009    -6.61000e-010     2.02719e-009 
    2.66256e-010     1.47401e-008     5.84915e-011    -1.21932e-010     1.03265e-007    -1.01298e-008    -1.70234e-009     4.41859e-009     1.93865e-006     3.56859e-010    -1.91961e-006     1.77640e-007     5.71770e-009     1.46466e-009    -5.73934e-009     2.24460e-009    -2.70253e-009    -3.62302e-009    -3.97384e-009     6.80061e-009    -5.39104e-008     1.03334e-010    -3.86174e-008    -3.48820e-009     8.22878e-008     2.32393e-011    -5.72918e-010     7.21097e-008    -7.94454e-010     7.26617e-008    -5.21192e-010    -1.29414e-009     6.51956e-010     2.29400e-010    -3.21770e-009    -2.72507e-007    -3.10451e-010     2.48444e-007     4.57698e-010    -3.50518e-010     1.88282e-010     1.13873e-009 
    1.63347e-009    -3.40056e-009    -4.22850e-010     6.27148e-011     1.88928e-009     6.09698e-009     8.24704e-010    -1.67881e-007    -4.65273e-006    -1.45456e-009    -9.55941e-007     6.01524e-007    -6.73266e-009     2.60469e-010     2.68979e-009    -2.12406e-009     3.28960e-009     9.71229e-010     3.12865e-009     2.12645e-009     4.11944e-008    -2.07295e-010    -4.67374e-009    -2.59827e-009     2.32393e-011     4.91415e-008     1.35537e-011     1.20132e-008     6.57417e-011     4.47870e-008     1.28431e-009    -9.32489e-010     4.08377e-010     3.56336e-009    -2.81251e-009     2.56941e-008     6.33005e-011    -6.53555e-009    -1.19324e-009    -4.94303e-010    -1.27406e-009    -2.84117e-010 
   -1.79947e-009    -1.15474e-008    -2.19778e-010    -7.27456e-010    -1.24837e-008     1.01258e-008     1.59771e-009     3.69579e-007     6.44731e-007     1.09264e-010    -8.47396e-007     2.74533e-007    -2.30506e-008    -1.15543e-009     5.34060e-009     3.02289e-010    -2.23106e-009    -2.43371e-009    -5.29357e-009     4.05071e-009     5.38087e-008    -4.05920e-010    -9.18472e-008     1.68394e-010    -5.72918e-010     1.35537e-011     7.96007e-008     2.18320e-007    -2.00692e-010     2.94578e-008    -1.20548e-009     5.16609e-010    -1.04227e-009    -3.62076e-009    -1.19344e-008    -9.73073e-008     1.76527e-010    -3.36153e-008    -2.09863e-009    -7.78894e-011     1.50867e-009     8.10079e-010 
   -6.39093e-008     3.12252e-006     3.67938e-009    -1.00440e-007    -1.54903e-006    -9.51716e-007    -5.34328e-008     3.19892e-005     5.98448e-004    -9.72874e-009    -2.73109e-004     1.15606e-005     2.99779e-007     1.36000e-007    -4.68841e-007     5.51320e-007     2.67575e-007     1.20331e-007     1.91285e-006    -5.63884e-007    -4.78839e-006     5.18397e-008    -5.10607e-006     1.69086e-007     7.21097e-008     1.20132e-008     2.18320e-007     1.08431e-003     3.32611e-008    -6.33398e-006    -3.74521e-007     1.54062e-007    -5.60866e-008    -1.06357e-007    -4.49820e-007     2.61048e-005    -1.42389e-008    -1.79708e-005     3.01424e-007    -6.12849e-008    -1.63035e-007    -4.30845e-007 
   -4.44643e-010    -2.78023e-009    -5.72164e-011     7.88014e-011    -1.00199e-008    -5.74814e-010     2.28017e-010    -7.06433e-008     4.79711e-007    -2.06488e-010     2.24895e-006     2.68526e-007    -3.45006e-010    -1.53472e-010     5.81672e-010    -1.39319e-011     1.41278e-009     2.45729e-010     3.86763e-009     2.30906e-010     8.38598e-009     7.48287e-011     3.79974e-009    -5.18977e-011    -7.94454e-010     6.57417e-011    -2.00692e-010     3.32611e-008     8.54639e-009    -9.67382e-009     6.38425e-010     2.11794e-011     1.03003e-010    -2.86692e-010    -1.09762e-009    -3.77348e-010    -1.34252e-010     4.28424e-008    -8.41116e-011     3.72538e-010     1.72297e-010     7.66121e-010 
   -4.85506e-008     1.89643e-008    -3.14692e-009     6.50055e-008     1.02602e-006     3.54525e-007     1.84302e-007    -1.20565e-006     4.54048e-004    -3.96252e-008     1.27354e-004     8.71662e-005     5.93466e-010     1.86331e-008     9.81295e-007    -5.63352e-008     8.17501e-008    -2.92574e-007     6.92555e-007     1.78023e-007     1.06057e-006    -1.52892e-008    -2.00308e-006     4.94620e-008     7.26617e-008     4.47870e-008     2.94578e-008    -6.33398e-006    -9.67382e-009     2.51405e-004     1.16254e-007    -9.25119e-008     2.33889e-008     1.55194e-007     2.43139e-007     1.11896e-005    -4.50838e-009     1.16141e-006     6.84411e-008     3.14101e-008     7.62544e-009    -2.32250e-007 
   -6.29817e-010     6.79613e-009     9.55154e-011     1.02141e-010    -9.49502e-009    -3.13508e-009     1.10458e-009    -3.64920e-007     4.11748e-006    -4.03657e-010     2.68503e-006     6.71285e-007    -1.30275e-008    -3.30461e-010     6.65880e-009    -3.65543e-009    -3.06362e-009    -1.06715e-009    -1.12694e-009    -3.10287e-009     2.17428e-007    -7.03059e-010    -1.10855e-007    -3.07171e-009    -5.21192e-010     1.28431e-009    -1.20548e-009    -3.74521e-007     6.38425e-010     1.16254e-007     1.25471e-007     1.70423e-009    -7.61805e-010    -3.80669e-009    -9.76924e-009     3.48891e-007     1.05647e-009     1.98291e-007    -9.61876e-010     1.61591e-009    -9.94172e-010    -1.86166e-009 
    8.68474e-010     4.89531e-008     5.66969e-010    -1.95886e-010    -8.54183e-009     1.63143e-008    -2.74599e-009    -1.11913e-007     8.30490e-006     2.01972e-010     1.91351e-006     4.18147e-007     8.80402e-009    -2.51475e-011     3.81260e-009    -4.33996e-009    -5.06471e-009    -1.17848e-009     2.30719e-009    -8.19648e-009     6.26277e-008     7.54906e-012    -5.72995e-008    -2.27488e-009    -1.29414e-009    -9.32489e-010     5.16609e-010     1.54062e-007     2.11794e-011    -9.25119e-008     1.70423e-009     1.98998e-007    -1.31994e-009    -3.70161e-010    -4.49737e-009    -1.24061e-007     2.75295e-010    -1.20861e-007     8.53080e-011    -2.42340e-009     2.99210e-009     2.49898e-009 
    1.64384e-009     5.42734e-009     4.66936e-011     1.93308e-011    -9.10517e-009     3.50852e-009    -2.24387e-010    -4.75808e-008    -5.16923e-007     1.71668e-010     8.66751e-007    -7.27656e-008     3.29708e-008     1.45636e-009    -1.80281e-009     2.90733e-009     1.81294e-009    -2.34225e-009    -9.95194e-010     2.35525e-009     2.20568e-008     3.19879e-010    -9.83827e-010     4.87635e-010     6.51956e-010     4.08377e-010    -1.04227e-009    -5.60866e-008     1.03003e-010     2.33889e-008    -7.61805e-010    -1.31994e-009     5.18458e-008    -1.31243e-009    -7.70412e-009     2.65207e-007    -2.24743e-010     3.38002e-008    -1.83208e-010    -5.41741e-010    -5.20707e-010     8.48422e-010 
   -1.75279e-009    -1.54810e-008     9.49583e-010     4.03532e-011     1.39299e-007     2.90641e-009    -3.30824e-009    -2.23300e-008    -2.03046e-006    -1.29724e-010     3.50559e-006     2.78959e-007     2.28392e-008     5.99028e-009     5.92386e-009    -5.89707e-010    -2.12349e-010     4.44819e-010     1.21298e-008    -1.42227e-008     1.10585e-007     4.48377e-010     6.96238e-008     5.20829e-009     2.29400e-010     3.56336e-009    -3.62076e-009    -1.06357e-007    -2.86692e-010     1.55194e-007    -3.80669e-009    -3.70161e-010    -1.31243e-009     2.31084e-007     1.11561e-009    -2.20299e-007     3.82732e-010     8.69107e-008     1.54779e-009     1.16296e-009    -3.64071e-009    -9.24033e-010 
    1.54098e-008    -1.66223e-009    -5.59337e-010     1.03341e-009     4.19001e-008     1.97427e-008     1.50285e-009     1.08617e-006     4.50540e-006    -2.36969e-009     3.65157e-006    -9.01307e-006    -1.48214e-007     3.67901e-009    -1.47792e-009     3.59743e-009     6.54140e-009    -1.00771e-009    -1.39668e-008     7.62234e-009     1.00982e-006     3.61098e-010     1.80821e-008    -2.19588e-009    -3.21770e-009    -2.81251e-009    -1.19344e-008    -4.49820e-007    -1.09762e-009     2.43139e-007    -9.76924e-009    -4.49737e-009    -7.70412e-009     1.11561e-009     9.33922e-007    -5.22384e-007    -7.25330e-010     2.91496e-007     2.23201e-009     3.46124e-009     8.60016e-009    -6.15130e-009 
   -3.64574e-007     5.49601e-007     3.31610e-008    -9.92269e-008     5.44000e-007     1.51417e-006     5.95823e-007     1.81138e-005     1.39143e-003    -1.80798e-007     5.05145e-004    -1.67962e-004    -5.79535e-008    -2.51186e-007    -2.33808e-007     2.36094e-007    -1.50457e-008    -3.13587e-008    -1.82067e-006     1.32809e-007     5.11986e-006    -4.55149e-008     4.76746e-006    -3.15741e-008    -2.72507e-007     2.56941e-008    -9.73073e-008     2.61048e-005    -3.77348e-010     1.11896e-005     3.48891e-007    -1.24061e-007     2.65207e-007    -2.20299e-007    -5.22384e-007     1.92215e-003    -1.85695e-008     6.61594e-007    -1.09800e-007    -4.74477e-008    -3.45655e-007    -5.43415e-007 
    1.15182e-009    -5.30532e-010    -7.46028e-011     6.90210e-011    -3.63948e-009    -3.12301e-009    -5.27507e-010    -4.56211e-008    -6.11536e-007     2.39465e-011    -8.31225e-007     6.69141e-008    -2.27917e-009    -1.10052e-009    -1.87701e-009    -7.61172e-010     5.52837e-010    -2.36253e-010     2.14517e-009     7.39407e-010    -2.05284e-009    -2.82697e-011    -8.07309e-009    -3.14981e-010    -3.10451e-010     6.33005e-011     1.76527e-010    -1.42389e-008    -1.34252e-010    -4.50838e-009     1.05647e-009     2.75295e-010    -2.24743e-010     3.82732e-010    -7.25330e-010    -1.85695e-008     3.78091e-009     6.33641e-009     8.19681e-011    -3.28883e-010    -1.16870e-010    -4.35774e-010 
    3.60138e-008     3.95482e-008    -2.84167e-008    -4.66516e-009     4.63895e-006    -4.48018e-007     4.92285e-008    -2.03601e-005    -3.47266e-006     4.08870e-008    -2.01727e-004    -3.94741e-005     4.48435e-007     5.82730e-008    -3.62971e-007     1.10801e-007     1.72037e-008     1.78625e-007    -2.50674e-007     1.78153e-007    -1.75328e-006    -8.02588e-009    -6.64946e-006    -2.48933e-008     2.48444e-007    -6.53555e-009    -3.36153e-008    -1.79708e-005     4.28424e-008     1.16141e-006     1.98291e-007    -1.20861e-007     3.38002e-008     8.69107e-008     2.91496e-007     6.61594e-007     6.33641e-009     4.27881e-004    -7.10353e-008     6.33307e-008     1.11909e-008     6.29558e-008 
    1.33008e-009    -2.27532e-009     7.25283e-011     2.31748e-010    -6.82249e-008     3.49778e-009    -3.93162e-010     5.90566e-008     5.73917e-006    -9.30674e-011     1.21382e-006     3.28217e-007    -2.33181e-008    -1.87182e-009     1.19960e-008    -2.07337e-009     1.32180e-009    -1.12613e-009    -6.81040e-009     1.43723e-009    -4.62428e-008    -2.64322e-011    -3.69539e-008    -2.05996e-010     4.57698e-010    -1.19324e-009    -2.09863e-009     3.01424e-007    -8.41116e-011     6.84411e-008    -9.61876e-010     8.53080e-011    -1.83208e-010     1.54779e-009     2.23201e-009    -1.09800e-007     8.19681e-011    -7.10353e-008     1.19298e-007    -2.04679e-009    -2.21544e-009    -2.15934e-009 
    1.25383e-010     3.76236e-009     2.40378e-010    -5.70695e-011     8.45224e-010     2.80102e-009    -1.22498e-009     3.80569e-007    -1.08873e-006    -1.11984e-009     2.14632e-006    -9.71790e-007    -9.42664e-009    -4.96765e-010     5.84374e-009     2.34250e-009     1.18735e-009     2.79305e-009    -4.62952e-010     2.46214e-009     8.98178e-008    -5.75697e-010     3.41126e-008     1.43045e-009    -3.50518e-010    -4.94303e-010    -7.78894e-011    -6.12849e-008     3.72538e-010     3.14101e-008     1.61591e-009    -2.42340e-009    -5.41741e-010     1.16296e-009     3.46124e-009    -4.74477e-008    -3.28883e-010     6.33307e-008    -2.04679e-009     5.89721e-008     1.87908e-010    -4.22924e-010 
    1.61701e-009    -4.36120e-009     5.10015e-010    -1.34301e-010    -2.48802e-008    -3.08561e-009     1.48324e-009     3.91143e-007    -4.19352e-006     6.04599e-010    -9.12515e-007    -2.60030e-008     6.00831e-009    -2.49643e-010    -1.44836e-009    -2.29110e-009     9.18288e-013     1.32970e-009    -5.95362e-009    -9.04756e-010     3.04348e-007    -5.46997e-010     9.50633e-008    -6.61000e-010     1.88282e-010    -1.27406e-009     1.50867e-009    -1.63035e-007     1.72297e-010     7.62544e-009    -9.94172e-010     2.99210e-009    -5.20707e-010    -3.64071e-009     8.60016e-009    -3.45655e-007    -1.16870e-010     1.11909e-008    -2.21544e-009     1.87908e-010     1.16209e-007     6.62147e-010 
   -5.46028e-009    -1.62804e-008     3.39933e-010    -9.29653e-010     3.48246e-008     1.80033e-008    -2.75516e-009    -2.78560e-007    -7.10447e-007     1.43570e-009     4.66133e-006     3.96285e-006     7.65461e-009    -1.15915e-010    -1.94702e-009     7.25283e-010    -5.96264e-009    -1.37326e-010     1.39078e-008     3.62041e-009    -2.58479e-007     8.95495e-010     3.53566e-008     2.02719e-009     1.13873e-009    -2.84117e-010     8.10079e-010    -4.30845e-007     7.66121e-010    -2.32250e-007    -1.86166e-009     2.49898e-009     8.48422e-010    -9.24033e-010    -6.15130e-009    -5.43415e-007    -4.35774e-010     6.29558e-008    -2.15934e-009    -4.22924e-010     6.62147e-010     2.18589e-007 

---------------------- Covariance matrix C -----------------
                                   r__CN2.mgt                    v__ESCO.hru                 v__HRU_SLP.hru                    v__OV_N.hru                v__SLSUBBSN.hru                 v__ALPHA_BF.gw                   v__CH_N2.rte                   v__CH_K2.rte                    a__GWQMN.gw                 a__GW_REVAP.gw                  v__REVAPMN.gw                 v__GW_DELAY.gw                    v__GWQMN.gw                 v__GW_REVAP.gw               v__ALPHA_BNK.rte r__AUTO_EFF{[],11,AUTO_NSTRS=0.6}.mgt            r__CN2.mgt________1     r__SOL_AWC(1).sol________1       r__SOL_K(1).sol________1      r__SOL_BD(1).sol________1           a__GWQMN.gw________1        a__GW_REVAP.gw________1         v__REVAPMN.gw________1           a__ESCO.hru________1        r__HRU_SLP.hru________1           r__OV_N.hru________1       r__SLSUBBSN.hru________1         a__GWQMN.gw________3-6      a__GW_REVAP.gw________3-6       v__REVAPMN.gw________3-6         a__ESCO.hru________3-6      r__HRU_SLP.hru________3-6         r__OV_N.hru________3-6     r__SLSUBBSN.hru________3-6 r__CN2.mgt________7,12,15,16-20 a__GWQMN.gw________7,12,15,16-20 a__GW_REVAP.gw________7,12,15,16-20 v__REVAPMN.gw________7,12,15,16-20 a__ESCO.hru________7,12,15,16-20 r__HRU_SLP.hru________7,12,15,16-20 r__OV_N.hru________7,12,15,16-20 r__SLSUBBSN.hru________7,12,15,16-20 
                    r__CN2.mgt     1.62171e-009     1.65476e-011    -4.24009e-012     3.96096e-012    -5.83356e-010     4.43650e-011     1.10780e-012    -2.03183e-009    -1.99831e-008     3.74177e-012     1.53591e-008     1.41528e-008    -6.88472e-011     1.05368e-011     9.80993e-011     3.77097e-012    -3.90600e-012    -1.86155e-012     6.25358e-011     5.54596e-011     1.53432e-009    -3.80711e-012    -2.64940e-010     8.22534e-013     1.96157e-012     1.20341e-011    -1.32571e-011    -4.70833e-010    -3.27578e-012    -3.57682e-010    -4.63999e-012     6.39822e-012     1.21105e-011    -1.29132e-011     1.13527e-010    -2.68589e-009     8.48572e-012     2.65321e-010     9.79895e-012     9.23719e-013     1.19128e-011    -4.02270e-011 
                   v__ESCO.hru     1.65476e-011     3.76863e-008    -2.18430e-011    -8.40892e-013     1.32932e-009     3.61255e-010    -1.89422e-010    -1.29178e-008     1.77070e-007     5.44847e-011    -8.79323e-008     1.29298e-007     7.42344e-010     1.03950e-010     1.39510e-010    -1.97463e-010     1.29816e-012    -6.65357e-011     4.40637e-011    -3.19404e-010    -8.66928e-009     9.20800e-012    -3.99894e-009    -5.94136e-011     1.08593e-010    -2.50526e-011    -8.50717e-011     2.30043e-008    -2.04825e-011     1.39714e-010     5.00685e-011     3.60647e-010     3.99843e-011    -1.14052e-010    -1.22460e-011     4.04902e-009    -3.90854e-012     2.91360e-010    -1.67627e-011     2.77181e-011    -3.21298e-011    -1.19941e-010 
                v__HRU_SLP.hru    -4.24009e-012    -2.18430e-011     6.34291e-011    -6.61666e-013    -1.03743e-010     2.95490e-011     1.02201e-012     1.16323e-010     6.41572e-009    -1.63047e-012     3.72876e-009    -3.61926e-010     6.25113e-012    -1.22678e-012     6.00831e-012    -1.11190e-012    -3.02256e-012    -1.92720e-012    -8.13275e-012     1.46388e-012     1.46988e-010    -2.49525e-013     7.26984e-011    -7.19634e-012     4.30919e-013    -3.11522e-012    -1.61915e-012     2.71067e-011    -4.21525e-013    -2.31840e-011     7.03681e-013     4.17698e-012     3.44001e-013     6.99577e-012    -4.12075e-012     2.44304e-010    -5.49614e-013    -2.09352e-010     5.34331e-013     1.77092e-012     3.75738e-012     2.50435e-012 
                   v__OV_N.hru     3.96096e-012    -8.40892e-013    -6.61666e-013     1.24444e-010     1.74637e-010    -3.72615e-012     2.00585e-011    -3.28530e-009     5.44688e-009     3.82381e-013     8.74991e-011     1.36906e-009    -6.53316e-011     3.84324e-012    -4.81240e-011    -3.79815e-012    -1.12434e-011     3.11540e-012     8.43772e-012    -1.47714e-011     9.41192e-012    -8.47067e-013     3.56812e-010     3.44257e-012    -8.98295e-013     4.62032e-013    -5.35932e-012    -7.39960e-010     5.80546e-013     4.78909e-010     7.52495e-013    -1.44313e-012     1.42414e-013     2.97290e-013     7.61334e-012    -7.31024e-010     5.08492e-013    -3.43692e-011     1.70734e-012    -4.20443e-013    -9.89422e-013    -6.84894e-012 
               v__SLSUBBSN.hru    -5.83356e-010     1.32932e-009    -1.03743e-010     1.74637e-010     7.76194e-007     3.30657e-009    -5.32662e-010     4.75009e-008    -3.13540e-007    -4.44449e-010    -1.01802e-006    -4.16471e-007    -3.01290e-009     2.89877e-011    -7.14474e-010     1.32384e-010     3.56662e-010     1.88721e-010    -7.18784e-010     9.45737e-011    -2.24615e-008    -1.55310e-012     5.35912e-010    -5.86703e-010     7.60777e-010     1.39187e-011    -9.19700e-011    -1.14120e-008    -7.38185e-011     7.55887e-009    -6.99517e-011    -6.29294e-011    -6.70796e-011     1.02625e-009     3.08687e-010     4.00776e-009    -2.68128e-011     3.41761e-008    -5.02626e-010     6.22693e-012    -1.83298e-010     2.56560e-010 
                v__ALPHA_BF.gw     4.43650e-011     3.61255e-010     2.95490e-011    -3.72615e-012     3.30657e-009     5.24611e-008    -4.73800e-012     7.64011e-009     4.07552e-007    -1.51145e-011    -1.18728e-009     5.88861e-008     2.92614e-010     7.49404e-011    -1.06685e-010    -2.61879e-010    -1.63424e-010     1.42024e-010     8.03374e-011    -2.90348e-010    -1.05993e-009    -1.53018e-011    -1.79629e-009    -1.16364e-010    -7.46282e-011     4.49177e-011     7.45986e-011    -7.01148e-009    -4.23477e-012     2.61186e-009    -2.30968e-011     1.20191e-010     2.58480e-011     2.14121e-011     1.45449e-010     1.11552e-008    -2.30079e-011    -3.30064e-009     2.57689e-011     2.06357e-011    -2.27323e-011     1.32634e-010 
                  v__CH_N2.rte     1.10780e-012    -1.89422e-010     1.02201e-012     2.00585e-011    -5.32662e-010    -4.73800e-012     1.72291e-009     3.57349e-009    -7.56359e-009    -1.79913e-011    -4.85749e-009    -2.17067e-008    -2.30995e-011    -2.46235e-011    -1.55022e-010    -7.12585e-011    -4.45854e-011     5.43882e-013    -5.62302e-011     6.30795e-012    -1.82161e-009     1.36171e-012    -7.43922e-010     2.39300e-011    -1.25415e-011     6.07576e-012     1.17706e-011    -3.93650e-010     1.67985e-012     1.35779e-009     8.13767e-012    -2.02302e-011    -1.65310e-012    -2.43725e-011     1.10718e-011     4.38955e-009    -3.88625e-012     3.62676e-010    -2.89651e-012    -9.02467e-012     1.09274e-011    -2.02978e-011 
                  v__CH_K2.rte    -2.03183e-009    -1.29178e-008     1.16323e-010    -3.28530e-009     4.75009e-008     7.64011e-009     3.57349e-009     3.59208e-005     7.88056e-006     9.39166e-010     5.13382e-006     1.53550e-006     2.74769e-008     5.10531e-010     5.19211e-009     3.26076e-009    -2.72162e-009    -3.03016e-009    -3.96204e-009     2.43570e-010    -2.81178e-007    -6.10272e-010     3.71587e-008    -1.82690e-010     3.25527e-011    -1.23682e-009     2.72277e-009     2.35671e-007    -5.20444e-010    -8.88224e-009    -2.68844e-009    -8.24486e-010    -3.50537e-010    -1.64510e-010     8.00206e-009     1.33448e-007    -3.36100e-010    -1.49997e-007     4.35082e-010     2.80373e-009     2.88163e-009    -2.05221e-009 
                   a__GWQMN.gw    -1.99831e-008     1.77070e-007     6.41572e-009     5.44688e-009    -3.13540e-007     4.07552e-007    -7.56359e-009     7.88056e-006     9.82466e-003    -1.10466e-008     5.44506e-005    -1.85280e-005    -8.05231e-007    -2.21498e-009    -1.60485e-007     8.20865e-008     2.20542e-007     2.63441e-008     1.88607e-007    -3.34246e-008     2.84615e-006     1.32875e-009     1.94109e-006     3.90565e-008     1.42824e-008    -3.42776e-008     4.74987e-009     4.40889e-006     3.53413e-009     3.34506e-006     3.03343e-008     6.11839e-008    -3.80827e-009    -1.49588e-008     3.31922e-008     1.02510e-005    -4.50531e-009    -2.55838e-008     4.22816e-008    -8.02089e-009    -3.08945e-008    -5.23401e-009 
                a__GW_REVAP.gw     3.74177e-012     5.44847e-011    -1.63047e-012     3.82381e-013    -4.44449e-010    -1.51145e-011    -1.79913e-011     9.39166e-010    -1.10466e-008     3.98323e-010     2.78298e-009    -5.74128e-009     8.61020e-011     2.40124e-012     3.58574e-011     1.17721e-011    -2.72708e-011     1.12917e-011     5.40092e-013    -2.28658e-011     7.18416e-010    -2.67650e-013    -3.81632e-010     2.46370e-012     2.62905e-012    -1.07160e-011     8.04973e-013    -7.16736e-011    -1.52124e-012    -2.91927e-010    -2.97382e-012     1.48797e-012     1.26472e-012    -9.55705e-013    -1.74580e-011    -1.33197e-009     1.76419e-013     3.01223e-010    -6.85646e-013    -8.25006e-012     4.45420e-012     1.05771e-011 
                 v__REVAPMN.gw     1.53591e-008    -8.79323e-008     3.72876e-009     8.74991e-011    -1.01802e-006    -1.18728e-009    -4.85749e-009     5.13382e-006     5.44506e-005     2.78298e-009     3.46716e-003     8.65426e-006     5.26165e-008    -2.51636e-009     1.18689e-007     2.60648e-008     4.28026e-008    -1.34505e-008     4.36843e-007    -5.73505e-009    -4.71924e-006    -1.50434e-009    -4.31623e-007     3.09896e-008    -1.41421e-008    -7.04261e-009    -6.24294e-009    -2.01205e-006     1.65684e-008     9.38244e-007     1.97812e-008     1.40972e-008     6.38553e-009     2.58264e-008     2.69018e-008     3.72150e-006    -6.12381e-009    -1.48616e-006     8.94244e-009     1.58124e-008    -6.72268e-009     3.43410e-008 
                v__GW_DELAY.gw     1.41528e-008     1.29298e-007    -3.61926e-010     1.36906e-009    -4.16471e-007     5.88861e-008    -2.17067e-008     1.53550e-006    -1.85280e-005    -5.74128e-009     8.65426e-006     5.02899e-004     3.35094e-008     1.37579e-008    -5.36343e-009    -1.65766e-008     2.66461e-008    -6.14281e-009    -7.48586e-008    -1.16007e-008    -7.00532e-007    -3.82271e-009     4.74452e-007    -5.61542e-010     1.30871e-009     4.43155e-009     2.02254e-009     8.51693e-008     1.97829e-009     6.42171e-007     4.94549e-009     3.08057e-009    -5.36079e-010     2.05515e-009    -6.64011e-008    -1.23741e-006     4.92970e-010    -2.90814e-007     2.41804e-009    -7.15937e-009    -1.91570e-010     2.91951e-008 
                   v__GWQMN.gw    -6.88472e-011     7.42344e-010     6.25113e-012    -6.53316e-011    -3.01290e-009     2.92614e-010    -2.30995e-011     2.74769e-008    -8.05231e-007     8.61020e-011     5.26165e-008     3.35094e-008     1.15023e-007     7.17145e-011     5.69461e-010    -1.02407e-010     1.52539e-011    -1.33820e-010     7.77364e-010     3.07133e-010     5.20188e-009     1.71873e-011    -4.00704e-009     1.17237e-010     4.21235e-011    -4.96009e-011    -1.69818e-010     2.20853e-009    -2.54173e-012     4.37218e-012    -9.59762e-011     6.48610e-011     2.42902e-010     1.68261e-010    -1.09192e-009    -4.26956e-010    -1.67911e-011     3.30371e-009    -1.71789e-010    -6.94480e-011     4.42645e-011     5.63931e-011 
                v__GW_REVAP.gw     1.05368e-011     1.03950e-010    -1.22678e-012     3.84324e-012     2.89877e-011     7.49404e-011    -2.46235e-011     5.10531e-010    -2.21498e-009     2.40124e-012    -2.51636e-009     1.37579e-008     7.17145e-011     1.11188e-009    -1.93763e-012    -3.78744e-011    -3.50918e-011     4.74587e-012    -1.38911e-010     1.34772e-011    -4.37341e-010    -5.40902e-012     6.89554e-010    -1.18712e-011     1.07904e-011     1.91893e-012    -8.51226e-012     1.00194e-009    -1.13066e-012     1.37274e-010    -2.43458e-012    -1.85267e-013     1.07293e-011     4.41316e-011     2.71040e-011    -1.85054e-009    -8.10777e-012     4.29309e-010    -1.37901e-011    -3.65977e-012    -1.83917e-012    -8.53972e-013 
              v__ALPHA_BNK.rte     9.80993e-011     1.39510e-010     6.00831e-012    -4.81240e-011    -7.14474e-010    -1.06685e-010    -1.55022e-010     5.19211e-009    -1.60485e-007     3.58574e-011     1.18689e-007    -5.36343e-009     5.69461e-010    -1.93763e-012     1.69371e-008     8.52072e-011    -2.40863e-011    -6.98655e-011    -2.87797e-011    -1.01379e-010     7.29584e-010    -2.27092e-012     1.33601e-009     5.06406e-011    -4.22829e-011     1.98163e-011     3.93453e-011    -3.45405e-009     4.28529e-012     7.22940e-009     4.90567e-011     2.80882e-011    -1.32816e-011     4.36423e-011    -1.08881e-011    -1.72251e-009    -1.38283e-011    -2.67408e-009     8.83773e-011     4.30520e-011    -1.06704e-011    -1.43441e-011 
r__AUTO_EFF{[],11,AUTO_NSTRS=0.6}.mgt     3.77097e-012    -1.97463e-010    -1.11190e-012    -3.79815e-012     1.32384e-010    -2.61879e-010    -7.12585e-011     3.26076e-009     8.20865e-008     1.17721e-011     2.60648e-008    -1.65766e-008    -1.02407e-010    -3.78744e-011     8.52072e-011     2.12361e-009     2.06822e-011    -1.65400e-011    -6.26183e-011     1.48124e-010    -1.96551e-009    -5.59914e-012    -4.68102e-010     1.68085e-011     1.65364e-011    -1.56484e-011     2.22702e-012     4.06169e-009    -1.02639e-013    -4.15033e-010    -2.69303e-011    -3.19734e-011     2.14189e-011    -4.34449e-012     2.65030e-011     1.73935e-009    -5.60771e-012     8.16294e-010    -1.52750e-011     1.72577e-011    -1.68790e-011     5.34331e-012 
           r__CN2.mgt________1    -3.90600e-012     1.29816e-012    -3.02256e-012    -1.12434e-011     3.56662e-010    -1.63424e-010    -4.45854e-011    -2.72162e-009     2.20542e-007    -2.72708e-011     4.28026e-008     2.66461e-008     1.52539e-011    -3.50918e-011    -2.40863e-011     2.06822e-011     3.44855e-009     2.50678e-011    -8.13667e-011    -1.66980e-010     8.45936e-010    -1.86755e-012    -4.12604e-010     6.01093e-011    -1.99101e-011     2.42351e-011    -1.64367e-011     1.97128e-009     1.04083e-011     6.02270e-010    -2.25703e-011    -3.73128e-011     1.33563e-011    -1.56442e-012     4.81919e-011    -1.10845e-010     4.07286e-012     1.26743e-010     9.73800e-012     8.74745e-012     6.76521e-015    -4.39280e-011 
    r__SOL_AWC(1).sol________1    -1.86155e-012    -6.65357e-011    -1.92720e-012     3.11540e-012     1.88721e-010     1.42024e-010     5.43882e-013    -3.03016e-009     2.63441e-008     1.12917e-011    -1.34505e-008    -6.14281e-009    -1.33820e-010     4.74587e-012    -6.98655e-011    -1.65400e-011     2.50678e-011     1.63487e-009     1.54770e-010    -1.26009e-010    -1.59423e-009     3.48727e-013     1.60546e-011    -4.02889e-011    -2.66915e-011     7.15524e-012    -1.79296e-011     8.86505e-010     1.81034e-012    -2.15545e-009    -7.86190e-012    -8.68207e-012    -1.72559e-011     3.27707e-012    -7.42403e-012    -2.31026e-010    -1.74052e-012     1.31597e-009    -8.29642e-012     2.05770e-011     9.79618e-012    -1.01171e-012 
      r__SOL_K(1).sol________1     6.25358e-011     4.40637e-011    -8.13275e-012     8.43772e-012    -7.18784e-010     8.03374e-011    -5.62302e-011    -3.96204e-009     1.88607e-007     5.40092e-013     4.36843e-007    -7.48586e-008     7.77364e-010    -1.38911e-010    -2.87797e-011    -6.26183e-011    -8.13667e-011     1.54770e-010     3.21780e-008     1.21677e-010     8.19357e-010    -1.68116e-012    -2.78013e-010     1.21215e-010    -2.92761e-011     2.30494e-011    -3.89988e-011     1.40924e-008     2.84936e-011     5.10219e-009    -8.30238e-012     1.69976e-011    -7.33179e-012     8.93627e-011    -1.02896e-010    -1.34133e-008     1.58039e-011    -1.84676e-009    -5.01736e-011    -3.41066e-012    -4.38615e-011     1.02461e-010 
     r__SOL_BD(1).sol________1     5.54596e-011    -3.19404e-010     1.46388e-012    -1.47714e-011     9.45737e-011    -2.90348e-010     6.30795e-012     2.43570e-010    -3.34246e-008    -2.28658e-011    -5.73505e-009    -1.16007e-008     3.07133e-010     1.34772e-011    -1.01379e-010     1.48124e-010    -1.66980e-010    -1.26009e-010     1.21677e-010     7.40655e-009    -7.79375e-009     4.07396e-012     4.79784e-010    -1.23969e-011     5.01015e-011     1.56660e-011     2.98424e-011    -4.15425e-009     1.70113e-012     1.31153e-009    -2.28595e-011    -6.03851e-011     1.73516e-011    -1.04781e-010     5.61553e-011     9.78434e-010     5.44736e-012     1.31249e-009     1.05884e-011     1.81391e-011    -6.66552e-012     2.66723e-011 
          a__GWQMN.gw________1     1.53432e-009    -8.66928e-009     1.46988e-010     9.41192e-012    -2.24615e-008    -1.05993e-009    -1.82161e-009    -2.81178e-007     2.84615e-006     7.18416e-010    -4.71924e-006    -7.00532e-007     5.20188e-009    -4.37341e-010     7.29584e-010    -1.96551e-009     8.45936e-010    -1.59423e-009     8.19357e-010    -7.79375e-009     8.36096e-006     1.21243e-010     7.50964e-008     1.08631e-009    -3.97169e-010     3.03487e-010     3.96420e-010    -3.52770e-008     6.17812e-011     7.81341e-009     1.60183e-009     4.61391e-010     1.62497e-010     8.14705e-010     7.43953e-009     3.77190e-008    -1.51237e-011    -1.29167e-008    -3.40680e-010     6.61706e-010     2.24219e-009    -1.90427e-009 
       a__GW_REVAP.gw________1    -3.80711e-012     9.20800e-012    -2.49525e-013    -8.47067e-013    -1.55310e-012    -1.53018e-011     1.36171e-012    -6.10272e-010     1.32875e-009    -2.67650e-013    -1.50434e-009    -3.82271e-009     1.71873e-011    -5.40902e-012    -2.27092e-012    -5.59914e-012    -1.86755e-012     3.48727e-013    -1.68116e-012     4.07396e-012     1.21243e-010     6.56509e-011    -1.35644e-010     9.11136e-012     7.61283e-013    -1.52718e-012    -2.99050e-012     3.81914e-010     5.51279e-013    -1.12639e-010    -5.17958e-012     5.56155e-014     2.35661e-012     3.30328e-012     2.66028e-012    -3.35317e-010    -2.08269e-013    -5.91283e-011    -1.94731e-013    -4.24128e-012    -4.02984e-012     6.59729e-012 
        v__REVAPMN.gw________1    -2.64940e-010    -3.99894e-009     7.26984e-011     3.56812e-010     5.35912e-010    -1.79629e-009    -7.43922e-010     3.71587e-008     1.94109e-006    -3.81632e-010    -4.31623e-007     4.74452e-007    -4.00704e-009     6.89554e-010     1.33601e-009    -4.68102e-010    -4.12604e-010     1.60546e-011    -2.78013e-010     4.79784e-010     7.50964e-008    -1.35644e-010     1.14064e-006    -2.22111e-010    -2.84502e-010    -3.44324e-011    -6.76657e-010    -3.76175e-008     2.79934e-011    -1.47571e-008    -8.16692e-010    -4.22137e-010    -7.24806e-012     5.12932e-010     1.33214e-010     3.51229e-008    -5.94761e-011    -4.89879e-008    -2.72247e-010     2.51314e-010     7.00351e-010     2.60480e-010 
          a__ESCO.hru________1     8.22534e-013    -5.94136e-011    -7.19634e-012     3.44257e-012    -5.86703e-010    -1.16364e-010     2.39300e-011    -1.82690e-010     3.90565e-008     2.46370e-012     3.09896e-008    -5.61542e-010     1.17237e-010    -1.18712e-011     5.06406e-011     1.68085e-011     6.01093e-011    -4.02889e-011     1.21215e-010    -1.23969e-011     1.08631e-009     9.11136e-012    -2.22111e-010     8.62377e-010    -2.56982e-011    -1.91420e-011     1.24059e-012     1.24569e-009    -3.82341e-013     3.64396e-010    -2.26299e-011    -1.67595e-011     3.59250e-012     3.83705e-011    -1.61775e-011    -2.32613e-010    -2.32053e-012    -1.83394e-010    -1.51762e-012     1.05384e-011    -4.86972e-012     1.49347e-011 
       r__HRU_SLP.hru________1     1.96157e-012     1.08593e-010     4.30919e-013    -8.98295e-013     7.60777e-010    -7.46282e-011    -1.25415e-011     3.25527e-011     1.42824e-008     2.62905e-012    -1.41421e-008     1.30871e-009     4.21235e-011     1.07904e-011    -4.22829e-011     1.65364e-011    -1.99101e-011    -2.66915e-011    -2.92761e-011     5.01015e-011    -3.97169e-010     7.61283e-013    -2.84502e-010    -2.56982e-011     6.06231e-010     1.71209e-013    -4.22080e-012     5.31247e-010    -5.85290e-012     5.35314e-010    -3.83973e-012    -9.53419e-012     4.80309e-012     1.69004e-012    -2.37054e-011    -2.00761e-009    -2.28716e-012     1.83034e-009     3.37195e-012    -2.58234e-012     1.38711e-012     8.38927e-012 
          r__OV_N.hru________1     1.20341e-011    -2.50526e-011    -3.11522e-012     4.62032e-013     1.39187e-011     4.49177e-011     6.07576e-012    -1.23682e-009    -3.42776e-008    -1.07160e-011    -7.04261e-009     4.43155e-009    -4.96009e-011     1.91893e-012     1.98163e-011    -1.56484e-011     2.42351e-011     7.15524e-012     2.30494e-011     1.56660e-011     3.03487e-010    -1.52718e-012    -3.44324e-011    -1.91420e-011     1.71209e-013     3.62036e-010     9.98525e-014     8.85037e-011     4.84332e-013     3.29955e-010     9.46176e-012    -6.86983e-012     3.00859e-012     2.62520e-011    -2.07203e-011     1.89294e-010     4.66348e-013    -4.81487e-011    -8.79083e-012    -3.64163e-012    -9.38626e-012    -2.09315e-012 
      r__SLSUBBSN.hru________1    -1.32571e-011    -8.50717e-011    -1.61915e-012    -5.35932e-012    -9.19700e-011     7.45986e-011     1.17706e-011     2.72277e-009     4.74987e-009     8.04973e-013    -6.24294e-009     2.02254e-009    -1.69818e-010    -8.51226e-012     3.93453e-011     2.22702e-012    -1.64367e-011    -1.79296e-011    -3.89988e-011     2.98424e-011     3.96420e-010    -2.99050e-012    -6.76657e-010     1.24059e-012    -4.22080e-012     9.98525e-014     5.86434e-010     1.60841e-009    -1.47854e-012     2.17022e-010    -8.88105e-012     3.80596e-012    -7.67865e-012    -2.66749e-011    -8.79229e-011    -7.16883e-010     1.30051e-012    -2.47650e-010    -1.54611e-011    -5.73827e-013     1.11146e-011     5.96801e-012 
        a__GWQMN.gw________3-6    -4.70833e-010     2.30043e-008     2.71067e-011    -7.39960e-010    -1.14120e-008    -7.01148e-009    -3.93650e-010     2.35671e-007     4.40889e-006    -7.16736e-011    -2.01205e-006     8.51693e-008     2.20853e-009     1.00194e-009    -3.45405e-009     4.06169e-009     1.97128e-009     8.86505e-010     1.40924e-008    -4.15425e-009    -3.52770e-008     3.81914e-010    -3.76175e-008     1.24569e-009     5.31247e-010     8.85037e-011     1.60841e-009     7.98835e-006     2.45041e-010    -4.66637e-008    -2.75917e-009     1.13501e-009    -4.13201e-010    -7.83552e-010    -3.31391e-009     1.92319e-007    -1.04901e-010    -1.32394e-007     2.22065e-009    -4.51499e-010    -1.20111e-009    -3.17413e-009 
     a__GW_REVAP.gw________3-6    -3.27578e-012    -2.04825e-011    -4.21525e-013     5.80546e-013    -7.38185e-011    -4.23477e-012     1.67985e-012    -5.20444e-010     3.53413e-009    -1.52124e-012     1.65684e-008     1.97829e-009    -2.54173e-012    -1.13066e-012     4.28529e-012    -1.02639e-013     1.04083e-011     1.81034e-012     2.84936e-011     1.70113e-012     6.17812e-011     5.51279e-013     2.79934e-011    -3.82341e-013    -5.85290e-012     4.84332e-013    -1.47854e-012     2.45041e-010     6.29630e-011    -7.12690e-011     4.70341e-012     1.56033e-013     7.58847e-013    -2.11212e-012    -8.08636e-012    -2.78000e-012    -9.89059e-013     3.15629e-010    -6.19667e-013     2.74456e-012     1.26935e-012     5.64417e-012 
      v__REVAPMN.gw________3-6    -3.57682e-010     1.39714e-010    -2.31840e-011     4.78909e-010     7.55887e-009     2.61186e-009     1.35779e-009    -8.88224e-009     3.34506e-006    -2.91927e-010     9.38244e-007     6.42171e-007     4.37218e-012     1.37274e-010     7.22940e-009    -4.15033e-010     6.02270e-010    -2.15545e-009     5.10219e-009     1.31153e-009     7.81341e-009    -1.12639e-010    -1.47571e-008     3.64396e-010     5.35314e-010     3.29955e-010     2.17022e-010    -4.66637e-008    -7.12690e-011     1.85215e-006     8.56466e-010    -6.81554e-010     1.72311e-010     1.14334e-009     1.79126e-009     8.24359e-008    -3.32141e-011     8.55631e-009     5.04219e-010     2.31405e-010     5.61782e-011    -1.71104e-009 
        a__ESCO.hru________3-6    -4.63999e-012     5.00685e-011     7.03681e-013     7.52495e-013    -6.99517e-011    -2.30968e-011     8.13767e-012    -2.68844e-009     3.03343e-008    -2.97382e-012     1.97812e-008     4.94549e-009    -9.59762e-011    -2.43458e-012     4.90567e-011    -2.69303e-011    -2.25703e-011    -7.86190e-012    -8.30238e-012    -2.28595e-011     1.60183e-009    -5.17958e-012    -8.16692e-010    -2.26299e-011    -3.83973e-012     9.46176e-012    -8.88105e-012    -2.75917e-009     4.70341e-012     8.56466e-010     9.24374e-010     1.25554e-011    -5.61237e-012    -2.80447e-011    -7.19719e-011     2.57035e-009     7.78320e-012     1.46085e-009    -7.08634e-012     1.19047e-011    -7.32426e-012    -1.37152e-011 
     r__HRU_SLP.hru________3-6     6.39822e-012     3.60647e-010     4.17698e-012    -1.44313e-012    -6.29294e-011     1.20191e-010    -2.02302e-011    -8.24486e-010     6.11839e-008     1.48797e-012     1.40972e-008     3.08057e-009     6.48610e-011    -1.85267e-013     2.80882e-011    -3.19734e-011    -3.73128e-011    -8.68207e-012     1.69976e-011    -6.03851e-011     4.61391e-010     5.56155e-014    -4.22137e-010    -1.67595e-011    -9.53419e-012    -6.86983e-012     3.80596e-012     1.13501e-009     1.56033e-013    -6.81554e-010     1.25554e-011     1.46606e-009    -9.72426e-012    -2.72705e-012    -3.31331e-011    -9.13982e-010     2.02815e-012    -8.90407e-010     6.28482e-013    -1.78536e-011     2.20434e-011     1.84105e-011 
        r__OV_N.hru________3-6     1.21105e-011     3.99843e-011     3.44001e-013     1.42414e-013    -6.70796e-011     2.58480e-011    -1.65310e-012    -3.50537e-010    -3.80827e-009     1.26472e-012     6.38553e-009    -5.36079e-010     2.42902e-010     1.07293e-011    -1.32816e-011     2.14189e-011     1.33563e-011    -1.72559e-011    -7.33179e-012     1.73516e-011     1.62497e-010     2.35661e-012    -7.24806e-012     3.59250e-012     4.80309e-012     3.00859e-012    -7.67865e-012    -4.13201e-010     7.58847e-013     1.72311e-010    -5.61237e-012    -9.72426e-012     3.81959e-010    -9.66891e-012    -5.67578e-011     1.95383e-009    -1.65573e-012     2.49013e-010    -1.34973e-012    -3.99112e-012    -3.83616e-012     6.25049e-012 
    r__SLSUBBSN.hru________3-6    -1.29132e-011    -1.14052e-010     6.99577e-012     2.97290e-013     1.02625e-009     2.14121e-011    -2.43725e-011    -1.64510e-010    -1.49588e-008    -9.55705e-013     2.58264e-008     2.05515e-009     1.68261e-010     4.41316e-011     4.36423e-011    -4.34449e-012    -1.56442e-012     3.27707e-012     8.93627e-011    -1.04781e-010     8.14705e-010     3.30328e-012     5.12932e-010     3.83705e-011     1.69004e-012     2.62520e-011    -2.66749e-011    -7.83552e-010    -2.11212e-012     1.14334e-009    -2.80447e-011    -2.72705e-012    -9.66891e-012     1.70244e-009     8.21894e-012    -1.62299e-009     2.81967e-012     6.40289e-010     1.14029e-011     8.56775e-012    -2.68218e-011    -6.80754e-012 
r__CN2.mgt________7,12,15,16-20     1.13527e-010    -1.22460e-011    -4.12075e-012     7.61334e-012     3.08687e-010     1.45449e-010     1.10718e-011     8.00206e-009     3.31922e-008    -1.74580e-011     2.69018e-008    -6.64011e-008    -1.09192e-009     2.71040e-011    -1.08881e-011     2.65030e-011     4.81919e-011    -7.42403e-012    -1.02896e-010     5.61553e-011     7.43953e-009     2.66028e-012     1.33214e-010    -1.61775e-011    -2.37054e-011    -2.07203e-011    -8.79229e-011    -3.31391e-009    -8.08636e-012     1.79126e-009    -7.19719e-011    -3.31331e-011    -5.67578e-011     8.21894e-012     6.88039e-009    -3.84851e-009    -5.34365e-012     2.14751e-009     1.64436e-011     2.54997e-011     6.33592e-011    -4.53179e-011 
a__GWQMN.gw________7,12,15,16-20    -2.68589e-009     4.04902e-009     2.44304e-010    -7.31024e-010     4.00776e-009     1.11552e-008     4.38955e-009     1.33448e-007     1.02510e-005    -1.33197e-009     3.72150e-006    -1.23741e-006    -4.26956e-010    -1.85054e-009    -1.72251e-009     1.73935e-009    -1.10845e-010    -2.31026e-010    -1.34133e-008     9.78434e-010     3.77190e-008    -3.35317e-010     3.51229e-008    -2.32613e-010    -2.00761e-009     1.89294e-010    -7.16883e-010     1.92319e-007    -2.78000e-012     8.24359e-008     2.57035e-009    -9.13982e-010     1.95383e-009    -1.62299e-009    -3.84851e-009     1.41609e-005    -1.36805e-010     4.87409e-009    -8.08920e-010    -3.49557e-010    -2.54651e-009    -4.00345e-009 
a__GW_REVAP.gw________7,12,15,16-20     8.48572e-012    -3.90854e-012    -5.49614e-013     5.08492e-013    -2.68128e-011    -2.30079e-011    -3.88625e-012    -3.36100e-010    -4.50531e-009     1.76419e-013    -6.12381e-009     4.92970e-010    -1.67911e-011    -8.10777e-012    -1.38283e-011    -5.60771e-012     4.07286e-012    -1.74052e-012     1.58039e-011     5.44736e-012    -1.51237e-011    -2.08269e-013    -5.94761e-011    -2.32053e-012    -2.28716e-012     4.66348e-013     1.30051e-012    -1.04901e-010    -9.89059e-013    -3.32141e-011     7.78320e-012     2.02815e-012    -1.65573e-012     2.81967e-012    -5.34365e-012    -1.36805e-010     2.78547e-011     4.66816e-011     6.03875e-013    -2.42295e-012    -8.61005e-013    -3.21044e-012 
v__REVAPMN.gw________7,12,15,16-20     2.65321e-010     2.91360e-010    -2.09352e-010    -3.43692e-011     3.41761e-008    -3.30064e-009     3.62676e-010    -1.49997e-007    -2.55838e-008     3.01223e-010    -1.48616e-006    -2.90814e-007     3.30371e-009     4.29309e-010    -2.67408e-009     8.16294e-010     1.26743e-010     1.31597e-009    -1.84676e-009     1.31249e-009    -1.29167e-008    -5.91283e-011    -4.89879e-008    -1.83394e-010     1.83034e-009    -4.81487e-011    -2.47650e-010    -1.32394e-007     3.15629e-010     8.55631e-009     1.46085e-009    -8.90407e-010     2.49013e-010     6.40289e-010     2.14751e-009     4.87409e-009     4.66816e-011     3.15229e-006    -5.23331e-010     4.66570e-010     8.24455e-011     4.63808e-010 
a__ESCO.hru________7,12,15,16-20     9.79895e-012    -1.67627e-011     5.34331e-013     1.70734e-012    -5.02626e-010     2.57689e-011    -2.89651e-012     4.35082e-010     4.22816e-008    -6.85646e-013     8.94244e-009     2.41804e-009    -1.71789e-010    -1.37901e-011     8.83773e-011    -1.52750e-011     9.73800e-012    -8.29642e-012    -5.01736e-011     1.05884e-011    -3.40680e-010    -1.94731e-013    -2.72247e-010    -1.51762e-012     3.37195e-012    -8.79083e-012    -1.54611e-011     2.22065e-009    -6.19667e-013     5.04219e-010    -7.08634e-012     6.28482e-013    -1.34973e-012     1.14029e-011     1.64436e-011    -8.08920e-010     6.03875e-013    -5.23331e-010     8.78891e-010    -1.50792e-011    -1.63216e-011    -1.59083e-011 
r__HRU_SLP.hru________7,12,15,16-20     9.23719e-013     2.77181e-011     1.77092e-012    -4.20443e-013     6.22693e-012     2.06357e-011    -9.02467e-012     2.80373e-009    -8.02089e-009    -8.25006e-012     1.58124e-008    -7.15937e-009    -6.94480e-011    -3.65977e-012     4.30520e-011     1.72577e-011     8.74745e-012     2.05770e-011    -3.41066e-012     1.81391e-011     6.61706e-010    -4.24128e-012     2.51314e-010     1.05384e-011    -2.58234e-012    -3.64163e-012    -5.73827e-013    -4.51499e-010     2.74456e-012     2.31405e-010     1.19047e-011    -1.78536e-011    -3.99112e-012     8.56775e-012     2.54997e-011    -3.49557e-010    -2.42295e-012     4.66570e-010    -1.50792e-011     4.34460e-010     1.38436e-012    -3.11577e-012 
r__OV_N.hru________7,12,15,16-20     1.19128e-011    -3.21298e-011     3.75738e-012    -9.89422e-013    -1.83298e-010    -2.27323e-011     1.09274e-011     2.88163e-009    -3.08945e-008     4.45420e-012    -6.72268e-009    -1.91570e-010     4.42645e-011    -1.83917e-012    -1.06704e-011    -1.68790e-011     6.76521e-015     9.79618e-012    -4.38615e-011    -6.66552e-012     2.24219e-009    -4.02984e-012     7.00351e-010    -4.86972e-012     1.38711e-012    -9.38626e-012     1.11146e-011    -1.20111e-009     1.26935e-012     5.61782e-011    -7.32426e-012     2.20434e-011    -3.83616e-012    -2.68218e-011     6.33592e-011    -2.54651e-009    -8.61005e-013     8.24455e-011    -1.63216e-011     1.38436e-012     8.56135e-010     4.87817e-012 
r__SLSUBBSN.hru________7,12,15,16-20    -4.02270e-011    -1.19941e-010     2.50435e-012    -6.84894e-012     2.56560e-010     1.32634e-010    -2.02978e-011    -2.05221e-009    -5.23401e-009     1.05771e-011     3.43410e-008     2.91951e-008     5.63931e-011    -8.53972e-013    -1.43441e-011     5.34331e-012    -4.39280e-011    -1.01171e-012     1.02461e-010     2.66723e-011    -1.90427e-009     6.59729e-012     2.60480e-010     1.49347e-011     8.38927e-012    -2.09315e-012     5.96801e-012    -3.17413e-009     5.64417e-012    -1.71104e-009    -1.37152e-011     1.84105e-011     6.25049e-012    -6.80754e-012    -4.53179e-011    -4.00345e-009    -3.21044e-012     4.63808e-010    -1.59083e-011    -3.11577e-012     4.87817e-012     1.61039e-009 

---------------------- correlation matrix -----------------

                                   r__CN2.mgt                    v__ESCO.hru                 v__HRU_SLP.hru                    v__OV_N.hru                v__SLSUBBSN.hru                 v__ALPHA_BF.gw                   v__CH_N2.rte                   v__CH_K2.rte                    a__GWQMN.gw                 a__GW_REVAP.gw                  v__REVAPMN.gw                 v__GW_DELAY.gw                    v__GWQMN.gw                 v__GW_REVAP.gw               v__ALPHA_BNK.rte r__AUTO_EFF{[],11,AUTO_NSTRS=0.6}.mgt            r__CN2.mgt________1     r__SOL_AWC(1).sol________1       r__SOL_K(1).sol________1      r__SOL_BD(1).sol________1           a__GWQMN.gw________1        a__GW_REVAP.gw________1         v__REVAPMN.gw________1           a__ESCO.hru________1        r__HRU_SLP.hru________1           r__OV_N.hru________1       r__SLSUBBSN.hru________1         a__GWQMN.gw________3-6      a__GW_REVAP.gw________3-6       v__REVAPMN.gw________3-6         a__ESCO.hru________3-6      r__HRU_SLP.hru________3-6         r__OV_N.hru________3-6     r__SLSUBBSN.hru________3-6 r__CN2.mgt________7,12,15,16-20 a__GWQMN.gw________7,12,15,16-20 a__GW_REVAP.gw________7,12,15,16-20 v__REVAPMN.gw________7,12,15,16-20 a__ESCO.hru________7,12,15,16-20 r__HRU_SLP.hru________7,12,15,16-20 r__OV_N.hru________7,12,15,16-20 r__SLSUBBSN.hru________7,12,15,16-20 
                    r__CN2.mgt     1.00000e+000 
                   v__ESCO.hru     2.11669e-003     1.00000e+000 
                v__HRU_SLP.hru    -1.32204e-002    -1.41278e-002     1.00000e+000 
                   v__OV_N.hru     8.81712e-003    -3.88295e-004    -7.44746e-003     1.00000e+000 
               v__SLSUBBSN.hru    -1.64423e-002     7.77237e-003    -1.47853e-002     1.77690e-002     1.00000e+000 
                v__ALPHA_BF.gw     4.80989e-003     8.12463e-003     1.61987e-002    -1.45833e-003     1.63860e-002     1.00000e+000 
                  v__CH_N2.rte     6.62743e-004    -2.35075e-002     3.09158e-003     4.33192e-002    -1.45658e-002    -4.98362e-004     1.00000e+000 
                  v__CH_K2.rte    -8.41837e-003    -1.11026e-002     2.43696e-003    -4.91377e-002     8.99589e-003     5.56554e-003     1.43644e-002     1.00000e+000 
                   a__GWQMN.gw    -5.00630e-003     9.20224e-003     8.12723e-003     4.92609e-003    -3.59045e-003     1.79517e-002    -1.83839e-003     1.32656e-002     1.00000e+000 
                a__GW_REVAP.gw     4.65557e-003     1.40626e-002    -1.02577e-002     1.71748e-003    -2.52766e-002    -3.30641e-003    -2.17177e-002     7.85148e-003    -5.58406e-003     1.00000e+000 
                 v__REVAPMN.gw     6.47727e-003    -7.69253e-003     7.95121e-003     1.33208e-004    -1.96239e-002    -8.80330e-005    -1.98744e-003     1.45472e-002     9.32946e-003     2.36813e-003     1.00000e+000 
                v__GW_DELAY.gw     1.56717e-002     2.97003e-002    -2.02645e-003     5.47262e-003    -2.10794e-002     1.14645e-002    -2.33197e-002     1.14245e-002    -8.33546e-003    -1.28278e-002     6.55394e-003     1.00000e+000 
                   v__GWQMN.gw    -5.04090e-003     1.12751e-002     2.31432e-003    -1.72681e-002    -1.00834e-002     3.76690e-003    -1.64089e-003     1.35177e-002    -2.39535e-002     1.27205e-002     2.63477e-003     4.40589e-003     1.00000e+000 
                v__GW_REVAP.gw     7.84684e-003     1.60584e-002    -4.61949e-003     1.03319e-002     9.86731e-004     9.81222e-003    -1.77905e-002     2.55458e-003    -6.70165e-004     3.60817e-003    -1.28161e-003     1.83985e-002     6.34140e-003     1.00000e+000 
              v__ALPHA_BNK.rte     1.87180e-002     5.52197e-003     5.79681e-003    -3.31479e-002    -6.23135e-003    -3.57901e-003    -2.86974e-002     6.65659e-003    -1.24411e-002     1.38052e-002     1.54883e-002    -1.83774e-003     1.29019e-002    -4.46501e-004     1.00000e+000 
r__AUTO_EFF{[],11,AUTO_NSTRS=0.6}.mgt     2.03203e-003    -2.20727e-002    -3.02959e-003    -7.38835e-003     3.26070e-003    -2.48110e-002    -3.72535e-002     1.18061e-002     1.79711e-002     1.27997e-002     9.60571e-003    -1.60404e-002    -6.55243e-003    -2.46479e-002     1.42076e-002     1.00000e+000 
           r__CN2.mgt________1    -1.65169e-003     1.13872e-004    -6.46269e-003    -1.71630e-002     6.89372e-003    -1.21501e-002    -1.82912e-002    -7.73278e-003     3.78892e-002    -2.32682e-002     1.23784e-002     2.02337e-002     7.65896e-004    -1.79208e-002    -3.15161e-003     7.64260e-003     1.00000e+000 
    r__SOL_AWC(1).sol________1    -1.14327e-003    -8.47660e-003    -5.98470e-003     6.90695e-003     5.29778e-003     1.53357e-002     3.24065e-004    -1.25041e-002     6.57330e-003     1.39927e-002    -5.64950e-003    -6.77464e-003    -9.75859e-003     3.52002e-003    -1.32771e-002    -8.87682e-003     1.05574e-002     1.00000e+000 
      r__SOL_K(1).sol________1     8.65691e-003     1.26535e-003    -5.69264e-003     4.21657e-003    -4.54814e-003     1.95533e-003    -7.55194e-003    -3.68525e-003     1.06077e-002     1.50859e-004     4.13579e-002    -1.86090e-002     1.27777e-002    -2.32235e-002    -1.23278e-003    -7.57503e-003    -7.72413e-003     2.13386e-002     1.00000e+000 
     r__SOL_BD(1).sol________1     1.60023e-002    -1.91179e-002     2.13577e-003    -1.53861e-002     1.24732e-003    -1.47296e-002     1.76583e-003     4.72217e-004    -3.91832e-003    -1.33125e-002    -1.13173e-003    -6.01086e-003     1.05227e-002     4.69637e-003    -9.05151e-003     3.73490e-002    -3.30398e-002    -3.62121e-002     7.88169e-003     1.00000e+000 
          a__GWQMN.gw________1     1.31765e-002    -1.54441e-002     6.38278e-003     2.91785e-004    -8.81710e-003    -1.60040e-003    -1.51773e-002    -1.62248e-002     9.93048e-003     1.24489e-002    -2.77177e-002    -1.08034e-002     5.30445e-003    -4.53589e-003     1.93878e-003    -1.47506e-002     4.98186e-003    -1.36359e-002     1.57967e-003    -3.13192e-002     1.00000e+000 
       a__GW_REVAP.gw________1    -1.16678e-002     5.85400e-003    -3.86678e-003    -9.37153e-003    -2.17567e-004    -8.24525e-003     4.04887e-003    -1.25669e-002     1.65449e-003    -1.65512e-003    -3.15311e-003    -2.10383e-002     6.25454e-003    -2.00202e-002    -2.15358e-003    -1.49956e-002    -3.92494e-003     1.06445e-003    -1.15667e-003     5.84235e-003     5.17499e-003     1.00000e+000 
        v__REVAPMN.gw________1    -6.16008e-003    -1.92876e-002     8.54685e-003     2.99487e-002     5.69553e-004    -7.34318e-003    -1.67811e-002     5.80514e-003     1.83363e-002    -1.79041e-002    -6.86345e-003     1.98097e-002    -1.10626e-002     1.93626e-002     9.61208e-003    -9.51106e-003    -6.57871e-003     3.71779e-004    -1.45115e-003     5.21991e-003     2.43174e-002    -1.56749e-002     1.00000e+000 
          a__ESCO.hru________1     6.95535e-004    -1.04219e-002    -3.07694e-002     1.05087e-002    -2.26770e-002    -1.73002e-002     1.96319e-002    -1.03799e-003     1.34179e-002     4.20360e-003     1.79217e-002    -8.52695e-004     1.17713e-002    -1.21231e-002     1.32505e-002     1.24206e-002     3.48558e-002    -3.39309e-002     2.30107e-002    -4.90518e-003     1.27932e-002     3.82925e-002    -7.08186e-003     1.00000e+000 
       r__HRU_SLP.hru________1     1.97832e-003     2.27191e-002     2.19752e-003    -3.27049e-003     3.50714e-002    -1.32332e-002    -1.22715e-002     2.20595e-004     5.85226e-003     5.35010e-003    -9.75459e-003     2.37020e-003     5.04444e-003     1.31429e-002    -1.31955e-002     1.45742e-002    -1.37701e-002    -2.68110e-002    -6.62849e-003     2.36442e-002    -5.57864e-003     3.81598e-003    -1.08191e-002    -3.55415e-002     1.00000e+000 
          r__OV_N.hru________1     1.57055e-002    -6.78242e-003    -2.05574e-002     2.17676e-003     8.30307e-004     1.03068e-002     7.69297e-003    -1.08457e-002    -1.81751e-002    -2.82189e-002    -6.28595e-003     1.03858e-002    -7.68638e-003     3.02450e-003     8.00252e-003    -1.78466e-002     2.16896e-002     9.30053e-003     6.75313e-003     9.56698e-003     5.51616e-003    -9.90593e-003    -1.69440e-003    -3.42581e-002     3.65453e-004     1.00000e+000 
      r__SLSUBBSN.hru________1    -1.35941e-002    -1.80960e-002    -8.39524e-003    -1.98387e-002    -4.31074e-003     1.34494e-002     1.17100e-002     1.87598e-002     1.97885e-003     1.66554e-003    -4.37817e-003     3.72432e-003    -2.06768e-002    -1.05416e-002     1.24843e-002     1.99562e-003    -1.15581e-002    -1.83113e-002    -8.97765e-003     1.43191e-002     5.66132e-003    -1.52410e-002    -2.61628e-002     1.74450e-003    -7.07891e-003     2.16707e-004     1.00000e+000 
        a__GWQMN.gw________3-6    -4.13668e-003     4.19264e-002     1.20422e-003    -2.34689e-002    -4.58300e-003    -1.08309e-002    -3.35545e-003     1.39125e-002     1.57377e-002    -1.27061e-003    -1.20899e-002     1.34374e-003     2.30400e-003     1.06312e-002    -9.39032e-003     3.11846e-002     1.18769e-002     7.75731e-003     2.77956e-002    -1.70787e-002    -4.31654e-003     1.66769e-002    -1.24620e-002     1.50083e-002     7.63395e-003     1.64572e-003     2.34995e-002     1.00000e+000 
     a__GW_REVAP.gw________3-6    -1.02514e-002    -1.32969e-002    -6.67017e-003     6.55854e-003    -1.05594e-002    -2.33006e-003     5.10029e-003    -1.09435e-002     4.49346e-003    -9.60589e-003     3.54611e-002     1.11175e-002    -9.44483e-004    -4.27326e-003     4.14972e-003    -2.80694e-004     2.23366e-002     5.64255e-003     2.00182e-002     2.49107e-003     2.69268e-003     8.57448e-003     3.30323e-003    -1.64081e-003    -2.99578e-002     3.20793e-003    -7.69451e-003     1.09262e-002     1.00000e+000 
      v__REVAPMN.gw________3-6    -6.52637e-003     5.28822e-004    -2.13898e-003     3.15448e-002     6.30424e-003     8.37900e-003     2.40360e-002    -1.08896e-003     2.47974e-002    -1.07478e-002     1.17082e-002     2.10413e-002     9.47257e-006     3.02496e-003     4.08173e-002    -6.61769e-003     7.53589e-003    -3.91705e-002     2.08996e-002     1.11978e-002     1.98552e-003    -1.02148e-002    -1.01528e-002     9.11774e-003     1.59754e-002     1.27421e-002     6.58498e-003    -1.21314e-002    -6.59963e-003     1.00000e+000 
        a__ESCO.hru________3-6    -3.78972e-003     8.48299e-003     2.90608e-003     2.21867e-003    -2.61150e-003    -3.31672e-003     6.44829e-003    -1.47538e-002     1.00659e-002    -4.90087e-003     1.10495e-002     7.25346e-003    -9.30781e-003    -2.40143e-003     1.23981e-002    -1.92211e-002    -1.26414e-002    -6.39533e-003    -1.52230e-003    -8.73644e-003     1.82207e-002    -2.10257e-002    -2.51513e-002    -2.53461e-002    -5.12929e-003     1.63558e-002    -1.20623e-002    -3.21090e-002     1.94960e-002     2.06989e-002     1.00000e+000 
     r__HRU_SLP.hru________3-6     4.14952e-003     4.85194e-002     1.36975e-002    -3.37865e-003    -1.86549e-003     1.37050e-002    -1.27290e-002    -3.59281e-003     1.61214e-002     1.94716e-003     6.25273e-003     3.58770e-003     4.99478e-003    -1.45108e-004     5.63676e-003    -1.81207e-002    -1.65945e-002    -5.60799e-003     2.47475e-003    -1.83251e-002     4.16741e-003     1.79267e-004    -1.03229e-002    -1.49052e-002    -1.01132e-002    -9.42964e-003     4.10468e-003     1.04881e-002     5.13568e-004    -1.30794e-002     1.07853e-002     1.00000e+000 
        r__OV_N.hru________3-6     1.53875e-002     1.05388e-002     2.21008e-003     6.53216e-004    -3.89580e-003     5.77430e-003    -2.03779e-003    -2.99263e-003    -1.96590e-003     3.24240e-003     5.54883e-003    -1.22315e-003     3.66464e-002     1.64639e-002    -5.22185e-003     2.37821e-002     1.16375e-002    -2.18367e-002    -2.09133e-003     1.03163e-002     2.87547e-003     1.48819e-002    -3.47247e-004     6.25951e-003     9.98145e-003     8.09058e-003    -1.62243e-002    -7.48040e-003     4.89332e-003     6.47836e-003    -9.44527e-003    -1.29949e-002     1.00000e+000 
    r__SLSUBBSN.hru________3-6    -7.77161e-003    -1.42388e-002     2.12890e-002     6.45888e-004     2.82312e-002     2.26571e-003    -1.42309e-002    -6.65247e-004    -3.65764e-003    -1.16057e-003     1.06302e-002     2.22110e-003     1.20242e-002     3.20762e-002     8.12741e-003    -2.28489e-003    -6.45651e-004     1.96431e-003     1.20737e-002    -2.95079e-002     6.82866e-003     9.88073e-003     1.16399e-002     3.16674e-002     1.66357e-003     3.34388e-002    -2.66966e-002    -6.71898e-003    -6.45119e-003     2.03611e-002    -2.23558e-002    -1.72616e-003    -1.19904e-002     1.00000e+000 
r__CN2.mgt________7,12,15,16-20     3.39864e-002    -7.60491e-004    -6.23772e-003     8.22776e-003     4.22402e-003     7.65570e-003     3.21573e-003     1.60962e-002     4.03711e-003    -1.05456e-002     5.50793e-003    -3.56967e-002    -3.88145e-002     9.79935e-003    -1.00862e-003     6.93347e-003     9.89348e-003    -2.21356e-003    -6.91533e-003     7.86640e-003     3.10178e-002     3.95823e-003     1.50373e-003    -6.64134e-003    -1.16071e-002    -1.31285e-002    -4.37709e-002    -1.41353e-002    -1.22858e-002     1.58676e-002    -2.85386e-002    -1.04323e-002    -3.50115e-002     2.40145e-003     1.00000e+000 
a__GWQMN.gw________7,12,15,16-20    -1.77238e-002     5.54260e-003     8.15156e-003    -1.74141e-002     1.20885e-003     1.29423e-002     2.81024e-002     5.91689e-003     2.74828e-002    -1.77351e-002     1.67952e-002    -1.46632e-002    -3.34538e-004    -1.47476e-002    -3.51720e-003     1.00301e-002    -5.01595e-004    -1.51836e-003    -1.98706e-002     3.02119e-003     3.46647e-003    -1.09974e-002     8.73918e-003    -2.10494e-003    -2.16679e-002     2.64372e-003    -7.86672e-003     1.80821e-002    -9.31017e-005     1.60966e-002     2.24659e-002    -6.34333e-003     2.65665e-002    -1.04528e-002    -1.23294e-002     1.00000e+000 
a__GW_REVAP.gw________7,12,15,16-20     3.99257e-002    -3.81481e-003    -1.30757e-002     8.63669e-003    -5.76644e-003    -1.90330e-002    -1.77399e-002    -1.06254e-002    -8.61224e-003     1.67486e-003    -1.97054e-002     4.16515e-003    -9.38076e-003    -4.60704e-002    -2.01326e-002    -2.30568e-002     1.31411e-002    -8.15623e-003     1.66931e-002     1.19930e-002    -9.91013e-004    -4.87028e-003    -1.05516e-002    -1.49723e-002    -1.76006e-002     4.64392e-003     1.01755e-002    -7.03237e-003    -2.36173e-002    -4.62418e-003     4.85048e-002     1.00363e-002    -1.60520e-002     1.29483e-002    -1.22062e-002    -6.88823e-003     1.00000e+000 
v__REVAPMN.gw________7,12,15,16-20     3.71084e-003     8.45327e-004    -1.48054e-002    -1.73528e-003     2.18486e-002    -8.11645e-003     4.92124e-003    -1.40960e-002    -1.45376e-004     8.50075e-003    -1.42156e-002    -7.30402e-003     5.48652e-003     7.25149e-003    -1.15729e-002     9.97691e-003     1.21561e-003     1.83312e-002    -5.79855e-003     8.58963e-003    -2.51601e-003    -4.11019e-003    -2.58346e-002    -3.51741e-003     4.18696e-002    -1.42527e-003    -5.75992e-003    -2.63832e-002     2.24038e-002     3.54107e-003     2.70625e-002    -1.30979e-002     7.17630e-003     8.74030e-003     1.45819e-002     7.29518e-004     4.98177e-003     1.00000e+000 
a__ESCO.hru________7,12,15,16-20     8.20777e-003    -2.91263e-003     2.26307e-003     5.16255e-003    -1.92439e-002     3.79497e-003    -2.35383e-003     2.44867e-003     1.43888e-002    -1.15882e-003     5.12273e-003     3.63711e-003    -1.70859e-002    -1.39498e-002     2.29062e-002    -1.11809e-002     5.59351e-003    -6.92121e-003    -9.43470e-003     4.15006e-003    -3.97421e-003    -8.10676e-004    -8.59846e-003    -1.74319e-003     4.61950e-003    -1.55843e-002    -2.15358e-002     2.65023e-002    -2.63420e-003     1.24972e-002    -7.86195e-003     5.53668e-004    -2.32954e-003     9.32205e-003     6.68688e-003    -7.25092e-003     3.85949e-003    -9.94251e-003     1.00000e+000 
r__HRU_SLP.hru________7,12,15,16-20     1.10047e-003     6.85010e-003     1.06679e-002    -1.80820e-003     3.39089e-004     4.32241e-003    -1.04310e-002     2.24434e-002    -3.88230e-003    -1.98319e-002     1.28835e-002    -1.53165e-002    -9.82410e-003    -5.26562e-003     1.58708e-002     1.79668e-002     7.14642e-003     2.44155e-002    -9.12189e-004     1.01119e-002     1.09790e-002    -2.51132e-002     1.12893e-002     1.72168e-002    -5.03175e-003    -9.18217e-003    -1.13683e-003    -7.66396e-003     1.65942e-002     8.15754e-003     1.87854e-002    -2.23706e-002    -9.79742e-003     9.96222e-003     1.47487e-002    -4.45655e-003    -2.20252e-002     1.26075e-002    -2.44025e-002     1.00000e+000 
r__OV_N.hru________7,12,15,16-20     1.01102e-002    -5.65647e-003     1.61239e-002    -3.03126e-003    -7.11051e-003    -3.39199e-003     8.99731e-003     1.64321e-002    -1.06525e-002     7.62748e-003    -3.90197e-003    -2.91955e-004     4.46059e-003    -1.88505e-003    -2.80213e-003    -1.25181e-002     3.93724e-006     8.28027e-003    -8.35668e-003    -2.64701e-003     2.65017e-002    -1.69979e-002     2.24115e-002    -5.66741e-003     1.92540e-003    -1.68595e-002     1.56861e-002    -1.45239e-002     5.46723e-003     1.41078e-003    -8.23321e-003     1.96758e-002    -6.70837e-003    -2.22168e-002     2.61055e-002    -2.31275e-002    -5.57552e-003     1.58702e-003    -1.88158e-002     2.26988e-003     1.00000e+000 
r__SLSUBBSN.hru________7,12,15,16-20    -2.48923e-002    -1.53961e-002     7.83586e-003    -1.52993e-002     7.25670e-003     1.44301e-002    -1.21858e-002    -8.53265e-003    -1.31586e-003     1.32064e-002     1.45332e-002     3.24418e-002     4.14351e-003    -6.38189e-004    -2.74656e-003     2.88940e-003    -1.86405e-002    -6.23520e-004     1.42336e-002     7.72303e-003    -1.64110e-002     2.02899e-002     6.07763e-003     1.26731e-002     8.49063e-003    -2.74132e-003     6.14122e-003    -2.79853e-002     1.77252e-002    -3.13297e-002    -1.12412e-002     1.19819e-002     7.96968e-003    -4.11139e-003    -1.36144e-002    -2.65109e-002    -1.51583e-002     6.50969e-003    -1.33718e-002    -3.72499e-003     4.15452e-003     1.00000e+000 

---------------------- confidence limits ---------------
1                      r__CN2.mgt    0.000081
2                     v__ESCO.hru    0.000388
3                  v__HRU_SLP.hru    0.000016
4                     v__OV_N.hru    0.000022
5                 v__SLSUBBSN.hru    0.001762
6                  v__ALPHA_BF.gw    0.000458
7                    v__CH_N2.rte    0.000083
8                    v__CH_K2.rte    0.011987
9                     a__GWQMN.gw    0.198239
10                  a__GW_REVAP.gw    0.000040
11                   v__REVAPMN.gw    0.117765
12                  v__GW_DELAY.gw    0.044851
13                     v__GWQMN.gw    0.000678
14                  v__GW_REVAP.gw    0.000067
15                v__ALPHA_BNK.rte    0.000260
16  r__AUTO_EFF{[],11,AUTO_NSTRS=0.6}.mgt    0.000092
17             r__CN2.mgt________1    0.000117
18      r__SOL_AWC(1).sol________1    0.000081
19        r__SOL_K(1).sol________1    0.000359
20       r__SOL_BD(1).sol________1    0.000172
21            a__GWQMN.gw________1    0.005783
22         a__GW_REVAP.gw________1    0.000016
23          v__REVAPMN.gw________1    0.002136
24            a__ESCO.hru________1    0.000059
25         r__HRU_SLP.hru________1    0.000049
26            r__OV_N.hru________1    0.000038
27        r__SLSUBBSN.hru________1    0.000048
28          a__GWQMN.gw________3-6    0.005653
29       a__GW_REVAP.gw________3-6    0.000016
30        v__REVAPMN.gw________3-6    0.002722
31          a__ESCO.hru________3-6    0.000061
32       r__HRU_SLP.hru________3-6    0.000077
33          r__OV_N.hru________3-6    0.000039
34      r__SLSUBBSN.hru________3-6    0.000083
35  r__CN2.mgt________7,12,15,16-20    0.000166
36  a__GWQMN.gw________7,12,15,16-20    0.007526
37  a__GW_REVAP.gw________7,12,15,16-20    0.000011
38  v__REVAPMN.gw________7,12,15,16-20    0.003551
39  a__ESCO.hru________7,12,15,16-20    0.000059
40  r__HRU_SLP.hru________7,12,15,16-20    0.000042
41  r__OV_N.hru________7,12,15,16-20    0.000059
42  r__SLSUBBSN.hru________7,12,15,16-20    0.000080

------------------ reading par_inf.txt-------
number of parameters=   42
number of simulation=   200












































---------------------------------------------

-----------------------------------------------------
print the best parameters along with the sorted best
-----------------------------------------------------
        best_par   sorted_best_par

par_no                  par_name         new_min      new_max
------------------------------------------------------------------------
1                r__CN2.mgt          -0.090493     0.028843
2               v__ESCO.hru          -0.481638     0.306638
3            v__HRU_SLP.hru          -0.010266     0.023266
4               v__OV_N.hru           0.130703     0.163597
5           v__SLSUBBSN.hru          89.830116    92.612389
6            v__ALPHA_BF.gw          -0.264208     0.579208
7              v__CH_N2.rte           0.179429     0.358621
8              v__CH_K2.rte          29.325512    48.024483
9               a__GWQMN.gw          54.064259   418.285767
10            a__GW_REVAP.gw           0.109585     0.169915
11             v__REVAPMN.gw         141.007233   380.492767
12            v__GW_DELAY.gw         -19.393600    41.998600
13               v__GWQMN.gw           0.849697     1.951803
14            v__GW_REVAP.gw          -0.164904    -0.021546
15          v__ALPHA_BNK.rte           0.003790     0.312410
16 r__AUTO_EFF{[],11,AUTO_NSTRS=0.6}.mgt           0.128220     0.309530
17       r__CN2.mgt________1          -0.088742     0.074242
18 r__SOL_AWC(1).sol________1          -0.045331     0.064331
19  r__SOL_K(1).sol________1          -0.814484    -0.222016
20 r__SOL_BD(1).sol________1          -0.096122     0.312322
21      a__GWQMN.gw________1          -2.917033     6.502033
22   a__GW_REVAP.gw________1          -0.041466    -0.004334
23    v__REVAPMN.gw________1           7.307239    10.130261
24      a__ESCO.hru________1          -0.018121     0.087371
25   r__HRU_SLP.hru________1           0.045638     0.128612
26      r__OV_N.hru________1          -0.152413    -0.057087
27  r__SLSUBBSN.hru________1           0.046002     0.138198
28    a__GWQMN.gw________3-6           7.912173    16.904928
29 a__GW_REVAP.gw________3-6          -0.070066    -0.043334
30  v__REVAPMN.gw________3-6           2.143903     6.651597
31    a__ESCO.hru________3-6           0.063739     0.191461
32 r__HRU_SLP.hru________3-6           0.147673     0.249327
33    r__OV_N.hru________3-6          -0.164276    -0.092670
34 r__SLSUBBSN.hru________3-6           0.061167     0.183833
35 r__CN2.mgt________7,12,15,16-20           0.171334     0.390666
36 a__GWQMN.gw________7,12,15,16-20         -22.375526    -4.648474
37 a__GW_REVAP.gw________7,12,15,16-20           0.010827     0.032523
38 v__REVAPMN.gw________7,12,15,16-20           8.267699    13.427300
39 a__ESCO.hru________7,12,15,16-20          -0.066622     0.017872
40 r__HRU_SLP.hru________7,12,15,16-20           0.030346     0.091204
41 r__OV_N.hru________7,12,15,16-20          -0.140746    -0.013504
42 r__SLSUBBSN.hru________7,12,15,16-20          -0.046830     0.117830
