----- ECHO of SPE_Multi_Obj_new_pars.exe
Array size:
Max no. parameters= 1000
Max no. simulations= 1000
-------------------------------
---------------- reading observed data -----------------------------
total number of variables=  2
obj fn type=  3

---- reading goal.txt
no_pars=  42
no_Sims=  200
Type_of_Obj_fn=  multiple

1   r__CN2.mgt
2   v__ESCO.hru
3   v__HRU_SLP.hru
4   v__OV_N.hru
5   v__SLSUBBSN.hru
6   v__ALPHA_BF.gw
7   v__CH_N2.rte
8   v__CH_K2.rte
9   a__GWQMN.gw
10   a__GW_REVAP.gw
11   v__REVAPMN.gw
12   v__GW_DELAY.gw
13   v__GWQMN.gw
14   v__GW_REVAP.gw
15   v__ALPHA_BNK.rte
16   r__AUTO_EFF{[],11,AUTO_NSTRS=0.6}.mgt
17   r__CN2.mgt________1
18   r__SOL_AWC(1).sol________1
19   r__SOL_K(1).sol________1
20   r__SOL_BD(1).sol________1
21   a__GWQMN.gw________1
22   a__GW_REVAP.gw________1
23   v__REVAPMN.gw________1
24   a__ESCO.hru________1
25   r__HRU_SLP.hru________1
26   r__OV_N.hru________1
27   r__SLSUBBSN.hru________1
28   a__GWQMN.gw________3-6
29   a__GW_REVAP.gw________3-6
30   v__REVAPMN.gw________3-6
31   a__ESCO.hru________3-6
32   r__HRU_SLP.hru________3-6
33   r__OV_N.hru________3-6
34   r__SLSUBBSN.hru________3-6
35   r__CN2.mgt________7,12,15,16-20
36   a__GWQMN.gw________7,12,15,16-20
37   a__GW_REVAP.gw________7,12,15,16-20
38   v__REVAPMN.gw________7,12,15,16-20
39   a__ESCO.hru________7,12,15,16-20
40   r__HRU_SLP.hru________7,12,15,16-20
41   r__OV_N.hru________7,12,15,16-20
42   r__SLSUBBSN.hru________7,12,15,16-20
---------------   parameters   ---------------

-------  average, variance and type of goal function  ---------------

average of goal  = -6.000335
Variance of goal = 10.732007
Type of goal function = multiple

---------------average and variance of parameters---------------
          avg_par      var_par
   1    -0.045000     0.003693
   2     0.200000     0.083750
   3     0.020000     0.000134
   4     0.150000     0.000302
   5    91.749969     1.695935
   6     0.500000     0.083750
   7     0.195000     0.003693
   8    34.999996    75.375008
   9   355.000000 20108.382813
  10     0.150002     0.000838
  11   350.000000  7537.480957
  12     6.500003  1069.403687
  13     1.149996     0.242040
  14    -0.035000     0.002420
  15     0.110000     0.022646
  16     0.285000     0.004430
  17    -0.020000     0.007537
  18    -0.000000     0.003350
  19    -0.660001     0.067838
  20    -0.080000     0.016214
  21     4.100000    16.887350
  22    -0.040000     0.000134
  23     8.649991     2.533407
  24     0.065000     0.001884
  25     0.105000     0.001415
  26    -0.150002     0.000838
  27     0.060000     0.001206
  28    14.560009    15.627410
  29    -0.050000     0.000134
  30     5.449999     3.987326
  31     0.080000     0.002144
  32     0.200000     0.003350
  33    -0.150500     0.000821
  34     0.100000     0.003350
  35     0.300000     0.013400
  36    -5.400001    30.873594
  37     0.015000     0.000075
  38    11.499999     6.783752
  39    -0.015000     0.001884
  40     0.055000     0.001013
  41    -0.025000     0.001884
  42     0.100000     0.003350

count = 19900  jrow= 19900
--------------------------- Jacobian  -----------------

****** end of Jacobian *******

---------------------- best parameters ---------------

    1                    r__CN2.mgt   -0.030825   -0.150000    0.060000
    2                   v__ESCO.hru   -0.087500   -0.300000    0.700000
    3                v__HRU_SLP.hru    0.006500    0.000000    0.040000
    4                   v__OV_N.hru    0.147150    0.120000    0.180000
    5               v__SLSUBBSN.hru   91.221252   89.500000   94.000000
    6                v__ALPHA_BF.gw    0.157500    0.000000    1.000000
    7                  v__CH_N2.rte    0.269025    0.090000    0.300000
    8                  v__CH_K2.rte   38.674999   20.000000   50.000000
    9                   a__GWQMN.gw  236.175003  110.000000  600.000000
   10                a__GW_REVAP.gw    0.139750    0.100000    0.200000
   11                 v__REVAPMN.gw  260.750000  200.000000  500.000000
   12                v__GW_DELAY.gw   11.302500  -50.000000   63.000000
   13                   v__GWQMN.gw    1.400750    0.300000    2.000000
   14                v__GW_REVAP.gw   -0.093225   -0.120000    0.050000
   15              v__ALPHA_BNK.rte    0.158100   -0.150000    0.370000
   16r__AUTO_EFF{[],11,AUTO_NSTRS=0.6}.mgt    0.218875    0.170000    0.400000
   17           r__CN2.mgt________1   -0.007250   -0.170000    0.130000
   18    r__SOL_AWC(1).sol________1    0.009500   -0.100000    0.100000
   19      r__SOL_K(1).sol________1   -0.518250   -1.110000   -0.210000
   20     r__SOL_BD(1).sol________1    0.108100   -0.300000    0.140000
   21          a__GWQMN.gw________1    1.792500   -3.000000   11.200000
   22       a__GW_REVAP.gw________1   -0.022900   -0.060000   -0.020000
   23        v__REVAPMN.gw________1    8.718750    5.900000   11.400000
   24          a__ESCO.hru________1    0.034625   -0.010000    0.140000
   25       r__HRU_SLP.hru________1    0.087125    0.040000    0.170000
   26          r__OV_N.hru________1   -0.104750   -0.200000   -0.100000
   27      r__SLSUBBSN.hru________1    0.092100    0.000000    0.120000
   28        a__GWQMN.gw________3-6   12.408550    7.730000   21.389999
   29     a__GW_REVAP.gw________3-6   -0.056700   -0.070000   -0.030000
   30      v__REVAPMN.gw________3-6    4.397750    2.000000    8.900000
   31        a__ESCO.hru________3-6    0.127600   -0.000000    0.160000
   32     r__HRU_SLP.hru________3-6    0.198500    0.100000    0.300000
   33        r__OV_N.hru________3-6   -0.128473   -0.200000   -0.101000
   34    r__SLSUBBSN.hru________3-6    0.122500    0.000000    0.200000
   35r__CN2.mgt________7,12,15,16-20    0.281000    0.100000    0.500000
   36a__GWQMN.gw________7,12,15,16-20  -13.512000  -15.000000    4.200000
   37a__GW_REVAP.gw________7,12,15,16-20    0.021675   -0.000000    0.030000
   38v__REVAPMN.gw________7,12,15,16-20   10.847500    7.000000   16.000000
   39a__ESCO.hru________7,12,15,16-20   -0.024375   -0.090000    0.060000
   40r__HRU_SLP.hru________7,12,15,16-20    0.060775    0.000000    0.110000
   41r__OV_N.hru________7,12,15,16-20   -0.077125   -0.100000    0.050000
   42r__SLSUBBSN.hru________7,12,15,16-20    0.035500    0.000000    0.200000


--------------------------- Sensitivity -----------------
   1                v__SLSUBBSN.hru   644.184937
   2                    v__OV_N.hru    79.629639
   3         v__REVAPMN.gw________1    49.393539
   4         r__OV_N.hru________3-6    48.563309
   5           r__OV_N.hru________1    48.175518
   6                 a__GW_REVAP.gw    46.555393
   7 v__REVAPMN.gw________7,12,15,16-20    40.535347
   8      a__GW_REVAP.gw________3-6    39.246983
   9 r__AUTO_EFF{[],11,AUTO_NSTRS=0.6}.mgt    38.656677
  10                  v__REVAPMN.gw    36.790615
  11                   v__CH_K2.rte    36.086926
  12         a__GWQMN.gw________3-6    33.214573
  13      r__HRU_SLP.hru________3-6    31.943251
  14        a__GW_REVAP.gw________1    31.375917
  15                   v__CH_N2.rte    28.534397
  16        r__HRU_SLP.hru________1    26.009356
  17       v__REVAPMN.gw________3-6    24.875006
  18 r__CN2.mgt________7,12,15,16-20    23.350576
  19       r__SOL_K(1).sol________1    23.210947
  20                    a__GWQMN.gw    22.691227
  21                    v__GWQMN.gw    21.270273
  22 a__GW_REVAP.gw________7,12,15,16-20    16.320404
  23         a__ESCO.hru________3-6    16.039227
  24                 v__HRU_SLP.hru    15.762852
  25 r__SLSUBBSN.hru________7,12,15,16-20    15.697989
  26 r__HRU_SLP.hru________7,12,15,16-20    15.694163
  27     r__SLSUBBSN.hru________3-6    15.379592
  28       r__SLSUBBSN.hru________1    15.351829
  29                 v__ALPHA_BF.gw    14.773553
  30           a__ESCO.hru________1    13.858940
  31           a__GWQMN.gw________1     9.056088
  32 a__GWQMN.gw________7,12,15,16-20     8.921372
  33                     r__CN2.mgt     6.841967
  34                 v__GW_REVAP.gw     6.427468
  35                    v__ESCO.hru     6.233683
  36               v__ALPHA_BNK.rte     5.822977
  37      r__SOL_BD(1).sol________1     5.768483
  38 r__OV_N.hru________7,12,15,16-20     5.276124
  39 a__ESCO.hru________7,12,15,16-20     3.125281
  40            r__CN2.mgt________1     2.105633
  41                 v__GW_DELAY.gw     1.776430
  42     r__SOL_AWC(1).sol________1     0.000000

---------------------- J^TJ -----------------
1   6.7576e+0091   6.7698e+0061   4.2833e+0081  -1.6726e+0081   7.2574e+0061  -3.4312e+0061   2.5393e+0071   4.3217e+0051   2.4185e+0041  -1.3577e+0081  -2.2051e+0041  -2.6541e+0051   5.6920e+0051   1.7270e+0071  -2.9198e+0071  -8.8187e+0061  -1.6062e+0071   1.1156e+0071  -2.1781e+0071  -4.1808e+0071  -1.1091e+0061   3.4195e+0081   2.8967e+0061  -2.8920e+0071  -6.3050e+0071  -3.0060e+0081   2.3207e+0081   1.2338e+0051   3.6793e+0081   1.2557e+0061   8.6940e+0071  -2.6837e+0071  -2.4954e+0081   8.0434e+0071  -1.2758e+0081   1.2143e+0061  -1.6465e+0091  -7.5397e+0051  -5.6691e+0071  -7.8404e+0071  -1.3380e+0081   1.3290e+008
2   6.7698e+0062   2.6722e+0082   1.0874e+0082  -1.4574e+0072  -3.9326e+0052  -2.9217e+0062   3.5248e+0072   1.4029e+0052  -8.1599e+0032  -3.5090e+0072   4.2461e+0032  -6.6858e+0042  -1.5644e+0062  -3.2680e+0072  -1.1829e+0062   2.1810e+0072  -1.0633e+0052   7.1955e+0062   1.3336e+0062   5.8038e+0062   3.2044e+0052  -6.4978e+0072   8.2206e+0052   1.2037e+0072  -5.5651e+0072   3.0799e+0072   3.6486e+0072  -8.5152e+0052   1.2688e+0082   1.0383e+0052  -1.6053e+0072  -7.2421e+0072  -4.6482e+0072   2.5462e+0072  -1.5522e+0062  -1.0350e+0052  -1.5139e+0072   1.2439e+0052   1.0000e+0072  -5.5062e+0072   5.2541e+0062   1.7908e+007
3   4.2833e+0083   1.0874e+0083   1.6797e+0113   6.8606e+0083   4.1030e+0073  -1.6010e+0083  -2.0702e+0083   6.9042e+0053  -1.4269e+0053   1.1304e+0093  -1.7450e+0053   1.3350e+0053  -1.3676e+0073   1.7352e+0083  -8.6406e+0073   1.7736e+0083   2.6522e+0073  -8.3139e+0063   4.6206e+0073   1.4340e+0063  -5.3795e+0063  -4.7687e+0083  -1.1233e+0073   1.8654e+0093  -2.7501e+0083   1.2224e+0093   6.2759e+0083  -3.0013e+0063   1.5555e+0093  -2.1089e+0063  -1.3687e+0083  -4.7321e+0083  -9.8563e+0073  -5.2713e+0083   1.6202e+0083  -3.4148e+0053   3.5438e+0093   1.3203e+0073  -1.9720e+0083  -5.9889e+0083  -8.2166e+0083  -3.5876e+007
4  -1.6726e+0084  -1.4574e+0074   6.8606e+0084   8.7152e+0104  -2.6620e+0074   2.4005e+0074  -9.0052e+0084   9.1812e+0064  -8.8973e+0044  -3.2937e+0084  -6.1587e+0044  -2.7083e+0054   4.0498e+0074  -2.2011e+0084   3.2172e+0084   7.6271e+0074   2.1735e+0084  -2.5047e+0084  -4.8502e+0064   1.7351e+0084   1.7043e+0064   1.4316e+0094  -2.4466e+0074  -3.7088e+0084   3.2450e+0084   1.4051e+0084   5.7316e+0084   9.2188e+0064  -5.9691e+0084  -2.7879e+0074  -7.4539e+0074   4.0202e+0074  -7.7697e+0074   3.3963e+0084  -1.3170e+0084   5.7988e+0064  -2.2760e+0094   3.4247e+0064  -2.2146e+0084   8.0314e+0064  -1.3917e+0084   5.6934e+008
5   7.2574e+0065  -3.9326e+0055   4.1030e+0075  -2.6620e+0075   1.4343e+0075  -1.7150e+0065   3.6740e+0065  -2.5804e+0045   5.2726e+0025   1.5877e+0075   6.3050e+0035   1.1220e+0045   3.7291e+0055  -9.5477e+0055   3.4256e+0055   1.0979e+0065  -2.7496e+0065  -1.5602e+0065   5.6998e+0055   4.7526e+0055   1.3918e+0045  -7.8597e+0065   6.4684e+0045   7.5206e+0065  -1.5809e+0075   4.8550e+0065   4.7633e+0065   2.9818e+0045   2.4315e+0075  -2.0840e+0045   3.5955e+0065   3.8103e+0055   1.8848e+0065  -1.0522e+0075  -1.0986e+0065  -6.8536e+0025   3.7759e+0065  -1.1653e+0055   1.3353e+0075   1.7447e+0065   2.7552e+0065  -7.7294e+006
6  -3.4312e+0066  -2.9217e+0066  -1.6010e+0086   2.4005e+0076  -1.7150e+0066   2.0774e+0086   1.2803e+0066  -1.1790e+0046  -9.4571e+0036   1.1775e+0076   2.9527e+0036  -2.5484e+0046  -9.0357e+0056   2.9389e+0066  -4.3322e+0056   2.3454e+0076   1.2523e+0076  -2.1547e+0076  -1.0729e+0066   6.8763e+0066   2.9197e+0046   2.0206e+0086   4.5602e+0056   3.9601e+0076   3.2786e+0076  -3.5983e+0076  -3.8376e+0076   2.2140e+0056   1.0123e+0076  -2.8846e+0056  -4.3322e+0056  -1.1127e+0076  -1.2923e+0076   4.1701e+0066  -8.5986e+0066  -1.2033e+0056   9.2966e+0076   2.1387e+0056  -2.6866e+0066   4.4687e+0066  -1.8799e+0066  -1.3486e+007
7   2.5393e+0077   3.5248e+0077  -2.0702e+0087  -9.0052e+0087   3.6740e+0067   1.2803e+0067   6.2267e+0097  -7.4499e+0057  -4.8457e+0037   3.0733e+0087   2.0706e+0047   3.5012e+0057   2.1396e+0067   9.2541e+0077   6.9047e+0077   3.0496e+0087   8.1046e+0077  -2.1263e+0067   1.8822e+0077  -1.8696e+0067   1.4506e+0067   4.6024e+0077   4.6399e+0067  -1.9608e+0087   1.0602e+0087  -1.0767e+0087  -1.0930e+0087  -3.8193e+0047  -2.6326e+0087  -4.8992e+0067  -5.0113e+0077   3.2749e+0077  -8.3390e+0067   9.4911e+0077  -2.4757e+0077  -1.9089e+0067   8.4494e+0087  -4.5568e+0057   3.6693e+0077   2.1915e+0087  -4.5925e+0077   2.6790e+007
8   4.3217e+0058   1.4029e+0058   6.9042e+0058   9.1812e+0068  -2.5804e+0048  -1.1790e+0048  -7.4499e+0058   2.8776e+0058  -3.7115e+0028  -6.2973e+0058  -5.8017e+0028  -1.2745e+0038  -4.9471e+0048  -2.5272e+0058  -8.0827e+0048  -5.2327e+0058   2.8168e+0058   4.9408e+0058   7.3322e+0048   9.1051e+0048   1.1929e+0048   1.5581e+0068  -1.2195e+0048  -2.6260e+0058   1.5675e+0058   5.1633e+0058  -1.5318e+0068  -1.1476e+0048   3.2759e+0068   4.6540e+0038   8.9147e+0058   2.1122e+0058   2.4315e+0058   3.3190e+0048  -3.0006e+0058  -2.8162e+0038   9.7655e+0058   1.1981e+0048  -2.3736e+0058  -2.1696e+0068  -1.2473e+0068   4.0558e+005
9   2.4185e+0049  -8.1599e+0039  -1.4269e+0059  -8.8973e+0049   5.2726e+0029  -9.4571e+0039  -4.8457e+0039  -3.7115e+0029   1.1394e+0039   7.2487e+0049  -7.4767e+0009   4.0867e+0019   1.1025e+0049   4.3190e+0029   1.6602e+0049  -2.8722e+0049  -6.2627e+0049  -6.1290e+0049  -6.3716e+0039   3.7642e+0039  -4.3385e+0029  -7.9822e+0039  -1.3235e+0039  -2.0282e+0049  -4.6634e+0049   1.6262e+0059  -4.2997e+0039  -5.1254e+0029  -7.6864e+0049  -2.1901e+0039  -3.7213e+0049  -7.6447e+0049   2.5611e+0049  -1.9138e+0049  -6.3436e+0039  -1.1037e+0039   2.3687e+0059   9.3221e+0019  -3.9455e+0049   8.7829e+0049   3.3959e+0049   3.3115e+003
10  -1.3577e+00810  -3.5090e+00710   1.1304e+00910  -3.2937e+00810   1.5877e+00710   1.1775e+00710   3.0733e+00810  -6.2973e+00510   7.2487e+00410   2.8145e+01010  -3.8250e+00410   1.7437e+00510  -3.1574e+00710  -6.8427e+00710  -5.1371e+00710  -2.0931e+00810   2.5361e+00810  -4.3489e+00810  -3.1032e+00510   9.7470e+00710  -3.0363e+00610   3.9018e+00810   4.7918e+00610  -1.9436e+00710  -6.1799e+00710   1.3868e+00910  -1.2552e+00810   1.3097e+00510   3.4640e+00810   1.7823e+00610   2.1014e+00810  -1.5600e+00710  -1.4287e+00810  -2.6477e+00710   7.7324e+00710   1.5332e+00610  -1.2502e+00910  -3.5735e+00610   5.0603e+00710   7.0551e+00810  -2.1096e+00810  -2.3549e+008
11  -2.2051e+00411   4.2461e+00311  -1.7450e+00511  -6.1587e+00411   6.3050e+00311   2.9527e+00311   2.0706e+00411  -5.8017e+00211  -7.4767e+00011  -3.8250e+00411   3.1515e+00311  -5.8228e+00111   6.4242e+00211   5.8130e+00311  -1.6605e+00411  -2.2836e+00411  -2.8471e+00411   4.0130e+00411  -5.5007e+00411   1.7575e+00411   2.6935e+00311   2.3886e+00511   8.2635e+00211  -7.4200e+00411   6.4074e+00411   6.3279e+00411  -6.9010e+00311   8.9711e+00211  -7.1342e+00511  -1.2997e+00311  -5.5012e+00411  -3.2188e+00411  -1.3309e+00411  -4.6457e+00411  -3.2204e+00411  -1.1418e+00311   4.8897e+00511   8.9544e+00211  -3.4967e+00411  -8.0201e+00411   3.8611e+00411  -1.1485e+005
12  -2.6541e+00512  -6.6858e+00412   1.3350e+00512  -2.7083e+00512   1.1220e+00412  -2.5484e+00412   3.5012e+00512  -1.2745e+00312   4.0867e+00112   1.7437e+00512  -5.8228e+00112   2.2024e+00412  -2.8804e+00312  -2.7060e+00512   3.4712e+00412   1.8412e+00512  -2.2490e+00512   1.8940e+00412   5.2916e+00412   2.9022e+00412   2.2883e+00312   1.2738e+00612  -9.0777e+00312  -3.3060e+00412  -1.5412e+00512  -1.3443e+00512  -2.1311e+00512  -7.6814e+00212  -7.9720e+00512  -8.3156e+00312  -1.4645e+00512  -6.6833e+00412   9.7753e+00412  -2.6075e+00412   2.0964e+00512   2.4823e+00312  -7.2554e+00512   1.8581e+00312  -8.3631e+00412   4.1255e+00512  -1.2003e+00512  -5.4718e+005
13   5.6920e+00513  -1.5644e+00613  -1.3676e+00713   4.0498e+00713   3.7291e+00513  -9.0357e+00513   2.1396e+00613  -4.9471e+00413   1.1025e+00413  -3.1574e+00713   6.4242e+00213  -2.8804e+00313   9.4393e+00713   2.3468e+00613  -2.7938e+00613   6.9152e+00613   3.0250e+00613   9.5739e+00613  -2.0515e+00613  -6.3406e+00613  -9.1025e+00413  -2.6578e+00713   3.9414e+00513  -7.5525e+00613  -1.1151e+00713   1.5713e+00713   3.0816e+00713   2.6315e+00413   1.5664e+00613  -1.3848e+00513   9.0018e+00613  -5.5476e+00613  -6.0611e+00713  -1.1376e+00713   1.1428e+00713   2.4623e+00413   5.1648e+00713   6.1202e+00413   2.5288e+00713   1.8583e+00713  -5.9896e+00613  -5.8053e+006
14   1.7270e+00714  -3.2680e+00714   1.7352e+00814  -2.2011e+00814  -9.5477e+00514   2.9389e+00614   9.2541e+00714  -2.5272e+00514   4.3190e+00214  -6.8427e+00714   5.8130e+00314  -2.7060e+00514   2.3468e+00614   9.5711e+00914   2.9231e+00514   2.2595e+00814   1.5415e+00814  -6.4093e+00714   8.2561e+00714  -9.1297e+00614   3.9205e+00514   1.0198e+00914  -5.6772e+00614   1.7734e+00814  -3.2143e+00814   4.7508e+00714   2.5937e+00814  -1.5952e+00614  -9.2725e+00714  -1.5634e+00614  -2.3067e+00714   3.0975e+00714  -3.6584e+00814  -2.9831e+00814  -4.6395e+00714   7.5966e+00514   2.9493e+00914  -2.1342e+00614   2.3556e+00814   2.2002e+00814   7.8514e+00714   2.7808e+006
15  -2.9198e+00715  -1.1829e+00615  -8.6406e+00715   3.2172e+00815   3.4256e+00515  -4.3322e+00515   6.9047e+00715  -8.0827e+00415   1.6602e+00415  -5.1371e+00715  -1.6605e+00415   3.4712e+00415  -2.7938e+00615   2.9231e+00515   6.1933e+00815  -2.1629e+00715   9.1792e+00615   9.4718e+00615   2.2659e+00615   5.9766e+00615  -1.2131e+00415  -1.7008e+00715  -6.7112e+00515  -2.6238e+00715   5.1290e+00715  -3.7341e+00715  -6.7297e+00715   3.8582e+00515  -4.2364e+00715  -3.1894e+00615  -3.1149e+00715  -4.0018e+00615  -3.3342e+00615  -1.4967e+00715  -3.2914e+00615   2.1433e+00515   2.5118e+00815   4.9327e+00515  -8.1843e+00715  -6.5507e+00715   1.4334e+00715   5.2714e+006
16  -8.8187e+00616   2.1810e+00716   1.7736e+00816   7.6271e+00716   1.0979e+00616   2.3454e+00716   3.0496e+00816  -5.2327e+00516  -2.8722e+00416  -2.0931e+00816  -2.2836e+00416   1.8412e+00516   6.9152e+00616   2.2595e+00816  -2.1629e+00716   5.2845e+00916  -2.2531e+00716   4.8868e+00716   2.2596e+00716  -1.2845e+00816   1.1448e+00616   5.5880e+00816   3.8391e+00616  -4.9061e+00716  -1.2138e+00816   2.1117e+00816   4.0533e+00716  -4.1861e+00616   1.9363e+00816   1.1389e+00616   1.8747e+00816   1.1026e+00816  -3.3855e+00816  -2.5825e+00716  -2.4499e+00716  -4.5867e+00516   1.0718e+00916  -4.6260e+00516   8.3049e+00716  -2.3171e+00816   2.2912e+00716  -3.2117e+007
17  -1.6062e+00717  -1.0633e+00517   2.6522e+00717   2.1735e+00817  -2.7496e+00617   1.2523e+00717   8.1046e+00717   2.8168e+00517  -6.2627e+00417   2.5361e+00817  -2.8471e+00417  -2.2490e+00517   3.0250e+00617   1.5415e+00817   9.1792e+00617  -2.2531e+00717   3.1343e+00917  -5.5562e+00717   8.8355e+00617   1.1699e+00817  -2.9545e+00417   4.2886e+00717   1.0988e+00617  -2.0086e+00817   6.5279e+00717  -1.7977e+00817   6.7521e+00717  -6.4233e+00517  -6.4602e+00817  -1.5359e+00617   1.0339e+00817   1.2437e+00817  -1.1425e+00817   6.9843e+00617  -2.7033e+00717   1.8751e+00517  -7.7844e+00817   2.2710e+00517  -4.4527e+00717  -2.6122e+00717  -2.9384e+00717   8.8756e+007
18   1.1156e+00718   7.1955e+00618  -8.3139e+00618  -2.5047e+00818  -1.5602e+00618  -2.1547e+00718  -2.1263e+00618   4.9408e+00518  -6.1290e+00418  -4.3489e+00818   4.0130e+00418   1.8940e+00418   9.5739e+00618  -6.4093e+00718   9.4718e+00618   4.8868e+00718  -5.5562e+00718   6.5313e+00918  -3.6972e+00718   9.5144e+00718   1.9260e+00618  -7.8173e+00718   1.2420e+00618   3.7156e+00818   3.1411e+00818  -1.7543e+00818   2.3031e+00818  -2.4256e+00518  -1.4139e+00818   8.9345e+00618   1.0962e+00818   2.9009e+00718   2.8401e+00818   3.6568e+00718   2.4459e+00718   3.3492e+00418   2.2337e+00818  -3.2898e+00618  -1.3568e+00718  -5.2774e+00818  -6.2334e+00718   3.0712e+007
19  -2.1781e+00719   1.3336e+00619   4.6206e+00719  -4.8502e+00619   5.6998e+00519  -1.0729e+00619   1.8822e+00719   7.3322e+00419  -6.3716e+00319  -3.1032e+00519  -5.5007e+00419   5.2916e+00419  -2.0515e+00619   8.2561e+00719   2.2659e+00619   2.2596e+00719   8.8355e+00619  -3.6972e+00719   3.4453e+00819  -3.3321e+00619  -4.2571e+00519   2.1243e+00619   3.4740e+00519  -2.9412e+00719   2.1482e+00619  -1.7597e+00719   6.4582e+00719  -6.1025e+00519  -1.2429e+00819  -8.7824e+00519   7.7215e+00619   3.2992e+00519  -1.7753e+00619  -1.7689e+00719   8.0011e+00619   4.0368e+00519  -1.9866e+00819   4.0416e+00519   2.7225e+00719  -3.2462e+00619   1.7626e+00719  -2.1400e+007
20  -4.1808e+00720   5.8038e+00620   1.4340e+00620   1.7351e+00820   4.7526e+00520   6.8763e+00620  -1.8696e+00620   9.1051e+00420   3.7642e+00320   9.7470e+00720   1.7575e+00420   2.9022e+00420  -6.3406e+00620  -9.1297e+00620   5.9766e+00620  -1.2845e+00820   1.1699e+00820   9.5144e+00720  -3.3321e+00620   1.4657e+00920   1.1830e+00620  -1.5753e+00820  -1.1312e+00620  -1.8706e+00720  -1.3260e+00820  -3.5404e+00720  -2.5926e+00720   3.7696e+00520  -5.2941e+00720  -1.2523e+00620   4.8536e+00720   7.4167e+00720  -2.1373e+00720   1.0391e+00820  -1.3713e+00720  -8.9774e+00420  -2.4030e+00820  -6.3270e+00520  -1.5536e+00720  -8.6113e+00720   1.8978e+00720  -6.8805e+006
21  -1.1091e+00621   3.2044e+00521  -5.3795e+00621   1.7043e+00621   1.3918e+00421   2.9197e+00421   1.4506e+00621   1.1929e+00421  -4.3385e+00221  -3.0363e+00621   2.6935e+00321   2.2883e+00321  -9.1025e+00421   3.9205e+00521  -1.2131e+00421   1.1448e+00621  -2.9545e+00421   1.9260e+00621  -4.2571e+00521   1.1830e+00621   1.3053e+00621  -1.4365e+00621  -1.1270e+00521  -2.3136e+00621   1.0141e+00621  -1.1256e+00621  -1.0008e+00621   1.4541e+00421  -1.5750e+00621   2.7297e+00321  -1.6277e+00621  -4.2872e+00521   1.3586e+00521  -8.3824e+00521  -1.6478e+00621  -8.0451e+00321   6.2332e+00621   1.6722e+00421   5.0563e+00521  -3.1002e+00621  -4.5262e+00621   2.0688e+006
22   3.4195e+00822  -6.4978e+00722  -4.7687e+00822   1.4316e+00922  -7.8597e+00622   2.0206e+00822   4.6024e+00722   1.5581e+00622  -7.9822e+00322   3.9018e+00822   2.3886e+00522   1.2738e+00622  -2.6578e+00722   1.0198e+00922  -1.7008e+00722   5.5880e+00822   4.2886e+00722  -7.8173e+00722   2.1243e+00622  -1.5753e+00822  -1.4365e+00622   1.6629e+01122   2.0938e+00722  -1.6466e+00922  -5.4326e+00822  -6.1108e+00822   1.0378e+00922  -1.0706e+00722  -2.5375e+00922   5.8904e+00622   1.0806e+00922   2.7490e+00822  -8.5076e+00822  -2.3770e+00822  -1.2469e+00822   3.8232e+00622   2.1350e+00922   5.3128e+00622   7.0005e+00722   1.3139e+00922   5.1522e+00822  -7.9196e+008
23   2.8967e+00623   8.2206e+00523  -1.1233e+00723  -2.4466e+00723   6.4684e+00423   4.5602e+00523   4.6399e+00623  -1.2195e+00423  -1.3235e+00323   4.7918e+00623   8.2635e+00223  -9.0777e+00323   3.9414e+00523  -5.6772e+00623  -6.7112e+00523   3.8391e+00623   1.0988e+00623   1.2420e+00623   3.4740e+00523  -1.1312e+00623  -1.1270e+00523   2.0938e+00723   9.1792e+00623   3.6194e+00623   8.2003e+00523   5.2816e+00523   9.7247e+00623   5.9837e+00423  -1.1499e+00723   1.3391e+00523   8.9163e+00623   4.1958e+00623   8.3731e+00523  -3.2498e+00623  -6.3547e+00423  -1.9555e+00423   1.8653e+00723   1.2857e+00523   2.3284e+00623  -3.4872e+00623  -8.1706e+00623  -3.8674e+005
24  -2.8920e+00724   1.2037e+00724   1.8654e+00924  -3.7088e+00824   7.5206e+00624   3.9601e+00724  -1.9608e+00824  -2.6260e+00524  -2.0282e+00424  -1.9436e+00724  -7.4200e+00424  -3.3060e+00424  -7.5525e+00624   1.7734e+00824  -2.6238e+00724  -4.9061e+00724  -2.0086e+00824   3.7156e+00824  -2.9412e+00724  -1.8706e+00724  -2.3136e+00624  -1.6466e+00924   3.6194e+00624   1.2612e+01024   6.5000e+00824   7.7071e+00824  -1.6506e+00824  -2.0520e+00624   2.7758e+00824  -1.5045e+00624   3.5997e+00824   1.8256e+00824   1.0358e+00824  -3.1465e+00824   6.2071e+00724   2.4170e+00524   1.5453e+00924   4.3494e+00524  -3.5576e+00724  -2.7637e+00824   1.1645e+00824  -1.6553e+008
25  -6.3050e+00725  -5.5651e+00725  -2.7501e+00825   3.2450e+00825  -1.5809e+00725   3.2786e+00725   1.0602e+00825   1.5675e+00525  -4.6634e+00425  -6.1799e+00725   6.4074e+00425  -1.5412e+00525  -1.1151e+00725  -3.2143e+00825   5.1290e+00725  -1.2138e+00825   6.5279e+00725   3.1411e+00825   2.1482e+00625  -1.3260e+00825   1.0141e+00625  -5.4326e+00825   8.2003e+00525   6.5000e+00825   1.8146e+01025  -2.8242e+00825   1.9802e+00825  -1.0140e+00625   1.6435e+00925  -7.8352e+00625   2.2559e+00825   1.9826e+00825  -1.0569e+00825  -7.6610e+00625   9.3423e+00725   2.7127e+00625   1.3774e+00925  -1.0958e+00725  -1.1897e+00825   1.2483e+00825  -1.1693e+00825  -8.2568e+007
26  -3.0060e+00826   3.0799e+00726   1.2224e+00926   1.4051e+00826   4.8550e+00626  -3.5983e+00726  -1.0767e+00826   5.1633e+00526   1.6262e+00526   1.3868e+00926   6.3279e+00426  -1.3443e+00526   1.5713e+00726   4.7508e+00726  -3.7341e+00726   2.1117e+00826  -1.7977e+00826  -1.7543e+00826  -1.7597e+00726  -3.5404e+00726  -1.1256e+00626  -6.1108e+00826   5.2816e+00526   7.7071e+00826  -2.8242e+00826   3.0496e+01026   2.4244e+00526  -4.9621e+00526  -3.2373e+00826  -6.0400e+00626  -1.6457e+00826   8.9511e+00726  -3.3634e+00826  -5.9037e+00826   1.2747e+00826  -2.1159e+00526   6.7609e+00826  -6.9957e+00526   2.4897e+00826   3.3412e+00826   3.4973e+00826   5.8106e+007
27   2.3207e+00827   3.6486e+00727   6.2759e+00827   5.7316e+00827   4.7633e+00627  -3.8376e+00727  -1.0930e+00827  -1.5318e+00627  -4.2997e+00327  -1.2552e+00827  -6.9010e+00327  -2.1311e+00527   3.0816e+00727   2.5937e+00827  -6.7297e+00727   4.0533e+00727   6.7521e+00727   2.3031e+00827   6.4582e+00727  -2.5926e+00727  -1.0008e+00627   1.0378e+00927   9.7247e+00627  -1.6506e+00827   1.9802e+00827   2.4244e+00527   1.8830e+01027  -5.4010e+00627   5.2414e+00827  -3.0480e+00627   1.0392e+00827  -5.0454e+00727   3.6344e+00827   3.8740e+00827   1.8424e+00827   1.9674e+00627  -7.3055e+00827   2.1851e+00527   3.5123e+00827   2.0515e+00727  -1.7905e+00827  -5.3038e+007
28   1.2338e+00528  -8.5152e+00528  -3.0013e+00628   9.2188e+00628   2.9818e+00428   2.2140e+00528  -3.8193e+00428  -1.1476e+00428  -5.1254e+00228   1.3097e+00528   8.9711e+00228  -7.6814e+00228   2.6315e+00428  -1.5952e+00628   3.8582e+00528  -4.1861e+00628  -6.4233e+00528  -2.4256e+00528  -6.1025e+00528   3.7696e+00528   1.4541e+00428  -1.0706e+00728   5.9837e+00428  -2.0520e+00628  -1.0140e+00628  -4.9621e+00528  -5.4010e+00628   1.3629e+00628  -9.4036e+00628   3.3965e+00428   4.4395e+00628  -1.0829e+00628   7.2925e+00528   2.5761e+00528   5.9951e+00528  -2.9377e+00428   3.1104e+00528   5.7076e+00428  -5.0351e+00628   2.1642e+00628   1.8312e+00628   2.9027e+006
29   3.6793e+00829   1.2688e+00829   1.5555e+00929  -5.9691e+00829   2.4315e+00729   1.0123e+00729  -2.6326e+00829   3.2759e+00629  -7.6864e+00429   3.4640e+00829  -7.1342e+00529  -7.9720e+00529   1.5664e+00629  -9.2725e+00729  -4.2364e+00729   1.9363e+00829  -6.4602e+00829  -1.4139e+00829  -1.2429e+00829  -5.2941e+00729  -1.5750e+00629  -2.5375e+00929  -1.1499e+00729   2.7758e+00829   1.6435e+00929  -3.2373e+00829   5.2414e+00829  -9.4036e+00629   1.6925e+01129   1.2469e+00729  -5.4567e+00829   1.5767e+00829  -4.1144e+00829   1.4816e+00829   1.9118e+00829   2.7726e+00629   3.5417e+00929  -1.8138e+00729   5.3264e+00829  -9.0292e+00829  -4.8236e+00829  -4.8194e+008
30   1.2557e+00630   1.0383e+00530  -2.1089e+00630  -2.7879e+00730  -2.0840e+00430  -2.8846e+00530  -4.8992e+00630   4.6540e+00330  -2.1901e+00330   1.7823e+00630  -1.2997e+00330  -8.3156e+00330  -1.3848e+00530  -1.5634e+00630  -3.1894e+00630   1.1389e+00630  -1.5359e+00630   8.9345e+00630  -8.7824e+00530  -1.2523e+00630   2.7297e+00330   5.8904e+00630   1.3391e+00530  -1.5045e+00630  -7.8352e+00630  -6.0400e+00630  -3.0480e+00630   3.3965e+00430   1.2469e+00730   5.8450e+00630  -9.1405e+00630   3.2416e+00630  -1.2411e+00630  -5.0091e+00630  -1.5870e+00630  -2.3085e+00430   4.7952e+00630  -7.7163e+00230  -3.1681e+00630  -2.1409e+00630  -2.1818e+00630   6.7668e+006
31   8.6940e+00731  -1.6053e+00731  -1.3687e+00831  -7.4539e+00731   3.5955e+00631  -4.3322e+00531  -5.0113e+00731   8.9147e+00531  -3.7213e+00431   2.1014e+00831  -5.5012e+00431  -1.4645e+00531   9.0018e+00631  -2.3067e+00731  -3.1149e+00731   1.8747e+00831   1.0339e+00831   1.0962e+00831   7.7215e+00631   4.8536e+00731  -1.6277e+00631   1.0806e+00931   8.9163e+00631   3.5997e+00831   2.2559e+00831  -1.6457e+00831   1.0392e+00831   4.4395e+00631  -5.4567e+00831  -9.1405e+00631   1.1648e+01031  -1.0414e+00831   1.7991e+00831   2.0199e+00831   1.4989e+00831  -2.2071e+00631  -3.0025e+00931  -5.4670e+00631   1.3452e+00831  -4.8152e+00831   1.3551e+00831   6.2983e+007
32  -2.6837e+00732  -7.2421e+00732  -4.7321e+00832   4.0202e+00732   3.8103e+00532  -1.1127e+00732   3.2749e+00732   2.1122e+00532  -7.6447e+00432  -1.5600e+00732  -3.2188e+00432  -6.6833e+00432  -5.5476e+00632   3.0975e+00732  -4.0018e+00632   1.1026e+00832   1.2437e+00832   2.9009e+00732   3.2992e+00532   7.4167e+00732  -4.2872e+00532   2.7490e+00832   4.1958e+00632   1.8256e+00832   1.9826e+00832   8.9511e+00732  -5.0454e+00732  -1.0829e+00632   1.5767e+00832   3.2416e+00632  -1.0414e+00832   7.2847e+00932   1.7368e+00832  -5.3976e+00732   3.5338e+00732   1.4721e+00632  -3.1095e+00832   1.1268e+00632   3.7705e+00732   3.2089e+00832  -2.0929e+00832  -5.9420e+007
33  -2.4954e+00833  -4.6482e+00733  -9.8563e+00733  -7.7697e+00733   1.8848e+00633  -1.2923e+00733  -8.3390e+00633   2.4315e+00533   2.5611e+00433  -1.4287e+00833  -1.3309e+00433   9.7753e+00433  -6.0611e+00733  -3.6584e+00833  -3.3342e+00633  -3.3855e+00833  -1.1425e+00833   2.8401e+00833  -1.7753e+00633  -2.1373e+00733   1.3586e+00533  -8.5076e+00833   8.3731e+00533   1.0358e+00833  -1.0569e+00833  -3.3634e+00833   3.6344e+00833   7.2925e+00533  -4.1144e+00833  -1.2411e+00633   1.7991e+00833   1.7368e+00833   2.9011e+01033   2.1594e+00833   2.8231e+00833  -4.7940e+00633   3.8062e+00933  -4.5774e+00633  -3.4224e+00733   3.6484e+00833   5.4867e+00733  -1.7099e+008
34   8.0434e+00734   2.5462e+00734  -5.2713e+00834   3.3963e+00834  -1.0522e+00734   4.1701e+00634   9.4911e+00734   3.3190e+00434  -1.9138e+00434  -2.6477e+00734  -4.6457e+00434  -2.6075e+00434  -1.1376e+00734  -2.9831e+00834  -1.4967e+00734  -2.5825e+00734   6.9843e+00634   3.6568e+00734  -1.7689e+00734   1.0391e+00834  -8.3824e+00534  -2.3770e+00834  -3.2498e+00634  -3.1465e+00834  -7.6610e+00634  -5.9037e+00834   3.8740e+00834   2.5761e+00534   1.4816e+00834  -5.0091e+00634   2.0199e+00834  -5.3976e+00734   2.1594e+00834   6.2860e+00934   3.3680e+00634   6.7325e+00534  -1.0242e+00934  -9.3325e+00534  -1.1086e+00834  -2.1516e+00834   1.9627e+00834   6.6169e+007
35  -1.2758e+00835  -1.5522e+00635   1.6202e+00835  -1.3170e+00835  -1.0986e+00635  -8.5986e+00635  -2.4757e+00735  -3.0006e+00535  -6.3436e+00335   7.7324e+00735  -3.2204e+00435   2.0964e+00535   1.1428e+00735  -4.6395e+00735  -3.2914e+00635  -2.4499e+00735  -2.7033e+00735   2.4459e+00735   8.0011e+00635  -1.3713e+00735  -1.6478e+00635  -1.2469e+00835  -6.3547e+00435   6.2071e+00735   9.3423e+00735   1.2747e+00835   1.8424e+00835   5.9951e+00535   1.9118e+00835  -1.5870e+00635   1.4989e+00835   3.5338e+00735   2.8231e+00835   3.3680e+00635   1.6812e+00935   5.6213e+00535   4.8541e+00835  -1.5620e+00635  -6.7826e+00735  -6.8580e+00735  -1.5015e+00835   3.6782e+007
36   1.2143e+00636  -1.0350e+00536  -3.4148e+00536   5.7988e+00636  -6.8536e+00236  -1.2033e+00536  -1.9089e+00636  -2.8162e+00336  -1.1037e+00336   1.5332e+00636  -1.1418e+00336   2.4823e+00336   2.4623e+00436   7.5966e+00536   2.1433e+00536  -4.5867e+00536   1.8751e+00536   3.3492e+00436   4.0368e+00536  -8.9774e+00436  -8.0451e+00336   3.8232e+00636  -1.9555e+00436   2.4170e+00536   2.7127e+00636  -2.1159e+00536   1.9674e+00636  -2.9377e+00436   2.7726e+00636  -2.3085e+00436  -2.2071e+00636   1.4721e+00636  -4.7940e+00636   6.7325e+00536   5.6213e+00536   7.6598e+00536   1.0857e+00736  -2.6110e+00336   1.0465e+00636   7.4961e+00536   2.5471e+00636   1.9535e+006
37  -1.6465e+00937  -1.5139e+00737   3.5438e+00937  -2.2760e+00937   3.7759e+00637   9.2966e+00737   8.4494e+00837   9.7655e+00537   2.3687e+00537  -1.2502e+00937   4.8897e+00537  -7.2554e+00537   5.1648e+00737   2.9493e+00937   2.5118e+00837   1.0718e+00937  -7.7844e+00837   2.2337e+00837  -1.9866e+00837  -2.4030e+00837   6.2332e+00637   2.1350e+00937   1.8653e+00737   1.5453e+00937   1.3774e+00937   6.7609e+00837  -7.3055e+00837   3.1104e+00537   3.5417e+00937   4.7952e+00637  -3.0025e+00937  -3.1095e+00837   3.8062e+00937  -1.0242e+00937   4.8541e+00837   1.0857e+00737   3.8776e+01137  -6.9392e+00637  -9.2051e+00737   1.9521e+00937   5.7381e+00837   9.4654e+008
38  -7.5397e+00538   1.2439e+00538   1.3203e+00738   3.4247e+00638  -1.1653e+00538   2.1387e+00538  -4.5568e+00538   1.1981e+00438   9.3221e+00138  -3.5735e+00638   8.9544e+00238   1.8581e+00338   6.1202e+00438  -2.1342e+00638   4.9327e+00538  -4.6260e+00538   2.2710e+00538  -3.2898e+00638   4.0416e+00538  -6.3270e+00538   1.6722e+00438   5.3128e+00638   1.2857e+00538   4.3494e+00538  -1.0958e+00738  -6.9957e+00538   2.1851e+00538   5.7076e+00438  -1.8138e+00738  -7.7163e+00238  -5.4670e+00638   1.1268e+00638  -4.5774e+00638  -9.3325e+00538  -1.5620e+00638  -2.6110e+00338  -6.9392e+00638   3.4814e+00638   1.3843e+00638  -4.2672e+00638  -4.9450e+00538  -9.0863e+005
39  -5.6691e+00739   1.0000e+00739  -1.9720e+00839  -2.2146e+00839   1.3353e+00739  -2.6866e+00639   3.6693e+00739  -2.3736e+00539  -3.9455e+00439   5.0603e+00739  -3.4967e+00439  -8.3631e+00439   2.5288e+00739   2.3556e+00839  -8.1843e+00739   8.3049e+00739  -4.4527e+00739  -1.3568e+00739   2.7225e+00739  -1.5536e+00739   5.0563e+00539   7.0005e+00739   2.3284e+00639  -3.5576e+00739  -1.1897e+00839   2.4897e+00839   3.5123e+00839  -5.0351e+00639   5.3264e+00839  -3.1681e+00639   1.3452e+00839   3.7705e+00739  -3.4224e+00739  -1.1086e+00839  -6.7826e+00739   1.0465e+00639  -9.2051e+00739   1.3843e+00639   1.2314e+01039   4.2716e+00839   2.8772e+00839   1.4167e+008
40  -7.8404e+00740  -5.5062e+00740  -5.9889e+00840   8.0314e+00640   1.7447e+00640   4.4687e+00640   2.1915e+00840  -2.1696e+00640   8.7829e+00440   7.0551e+00840  -8.0201e+00440   4.1255e+00540   1.8583e+00740   2.2002e+00840  -6.5507e+00740  -2.3171e+00840  -2.6122e+00740  -5.2774e+00840  -3.2462e+00640  -8.6113e+00740  -3.1002e+00640   1.3139e+00940  -3.4872e+00640  -2.7637e+00840   1.2483e+00840   3.3412e+00840   2.0515e+00740   2.1642e+00640  -9.0292e+00840  -2.1409e+00640  -4.8152e+00840   3.2089e+00840   3.6484e+00840  -2.1516e+00840  -6.8580e+00740   7.4961e+00540   1.9521e+00940  -4.2672e+00640   4.2716e+00840   2.5267e+01040  -1.7187e+00840   6.1618e+007
41  -1.3380e+00841   5.2541e+00641  -8.2166e+00841  -1.3917e+00841   2.7552e+00641  -1.8799e+00641  -4.5925e+00741  -1.2473e+00641   3.3959e+00441  -2.1096e+00841   3.8611e+00441  -1.2003e+00541  -5.9896e+00641   7.8514e+00741   1.4334e+00741   2.2912e+00741  -2.9384e+00741  -6.2334e+00741   1.7626e+00741   1.8978e+00741  -4.5262e+00641   5.1522e+00841  -8.1706e+00641   1.1645e+00841  -1.1693e+00841   3.4973e+00841  -1.7905e+00841   1.8312e+00641  -4.8236e+00841  -2.1818e+00641   1.3551e+00841  -2.0929e+00841   5.4867e+00741   1.9627e+00841  -1.5015e+00841   2.5471e+00641   5.7381e+00841  -4.9450e+00541   2.8772e+00841  -1.7187e+00841   1.2292e+01041  -6.4557e+007
42   1.3290e+00842   1.7908e+00742  -3.5876e+00742   5.6934e+00842  -7.7294e+00642  -1.3486e+00742   2.6790e+00742   4.0558e+00542   3.3115e+00342  -2.3549e+00842  -1.1485e+00542  -5.4718e+00542  -5.8053e+00642   2.7808e+00642   5.2714e+00642  -3.2117e+00742   8.8756e+00742   3.0712e+00742  -2.1400e+00742  -6.8805e+00642   2.0688e+00642  -7.9196e+00842  -3.8674e+00542  -1.6553e+00842  -8.2568e+00742   5.8106e+00742  -5.3038e+00742   2.9027e+00642  -4.8194e+00842   6.7668e+00642   6.2983e+00742  -5.9420e+00742  -1.7099e+00842   6.6169e+00742   3.6782e+00742   1.9535e+00642   9.4654e+00842  -9.0863e+00542   1.4167e+00842   6.1618e+00742  -6.4557e+00742   6.6279e+009

--------------decomposing matrix-----------------
---------------------- JTJI -----------------
    1.49115e-010    -2.57062e-012    -3.91193e-013     3.22657e-013    -7.87916e-011     1.34110e-012    -9.31356e-013    -2.30703e-010    -4.01564e-009     7.31782e-013     9.58912e-010     1.62513e-009    -3.03775e-013    -4.49671e-013     6.58646e-012     3.46137e-013     1.02129e-012    -2.03063e-013     9.98572e-012     4.33545e-012     1.38397e-010    -3.12910e-013    -4.17253e-011     1.74710e-013     4.52066e-013     1.39202e-012    -1.81521e-012    -2.96867e-011    -3.05874e-013    -1.78342e-011    -1.01694e-012     4.09090e-013     1.08337e-012    -1.74233e-012     1.13786e-011    -2.67166e-010     6.26916e-013     3.64739e-011     8.99743e-013     3.94260e-013     1.74271e-012    -2.99205e-012 
   -2.57062e-012     3.78685e-009    -2.22003e-012     3.84154e-013     1.14113e-010     5.33757e-011    -2.23451e-011    -1.68381e-009     2.79961e-008     4.69623e-012    -6.15333e-009     1.15281e-008     6.70399e-011     1.41691e-011     3.87601e-012    -1.34517e-011    -4.58120e-013    -2.66714e-012    -1.64291e-011    -1.65642e-011    -9.16891e-010     1.28041e-012    -3.59364e-010    -5.05408e-012     1.19836e-011    -4.13154e-012    -6.61101e-012     2.34697e-009    -2.77822e-012    -5.24173e-011     5.47511e-012     3.81896e-011     6.02112e-012    -1.42341e-011    -1.90807e-012     4.92293e-010     1.03893e-013    -1.16796e-010    -2.19267e-012     6.20761e-012    -2.10004e-012    -9.22025e-012 
   -3.91193e-013    -2.22003e-012     5.99121e-012    -5.76587e-014    -1.59968e-011     4.64965e-012     1.80059e-013    -8.61355e-012     8.43108e-010    -2.34425e-013     3.14539e-010    -3.36941e-011     9.68138e-013    -6.82956e-014     8.21756e-013    -2.18289e-013    -1.47568e-013     3.89527e-014    -7.12205e-013    -1.19231e-013     2.51256e-011     1.94452e-015     8.97385e-012    -8.66768e-013     7.73044e-014    -1.99441e-013    -1.84114e-013     8.47032e-012    -4.69018e-014     2.90657e-012     8.52753e-014     4.20823e-013     1.55753e-014     4.31516e-013    -4.73797e-013     6.93351e-012    -5.67859e-014    -2.43888e-011     1.21669e-013     1.33529e-013     4.11591e-013     1.27786e-015 
    3.22657e-013     3.84154e-013    -5.76587e-014     1.16305e-011     1.91558e-011    -1.04279e-012     1.71769e-012    -3.69107e-010     8.99155e-010     8.61650e-014     8.21803e-011     1.10169e-010    -5.86609e-012     2.65047e-013    -5.97170e-012    -4.84709e-013    -6.20802e-013     4.47877e-013     2.44772e-013    -1.27495e-012    -7.51322e-012    -1.10168e-013     2.94424e-011     2.51599e-013    -1.92881e-013    -7.05412e-014    -4.16968e-013    -8.52376e-011     3.59359e-014     5.36701e-011     1.63626e-013    -7.24730e-014    -1.97571e-014    -5.13944e-013     1.04204e-012    -8.16706e-011     6.97587e-014    -7.32617e-012     1.48046e-013    -4.50458e-014     1.60169e-013    -9.69276e-013 
   -7.87916e-011     1.14113e-010    -1.59968e-011     1.91558e-011     7.04497e-008     5.61643e-010    -3.79950e-011     4.70198e-009    -1.66927e-008    -3.78855e-011    -1.45326e-007    -3.30562e-008    -2.56048e-010     1.72311e-011    -7.41489e-011    -1.33104e-011     4.98933e-011     1.81902e-011    -1.34474e-010    -3.30997e-011    -9.72510e-010     3.36096e-012    -3.94620e-010    -4.21250e-011     6.39821e-011    -4.59978e-012    -1.91210e-011    -2.24961e-009    -1.07667e-011     2.33187e-010    -2.27428e-011    -5.23345e-012    -5.22431e-012     1.13462e-010     5.35607e-011    -4.22871e-010    -8.02256e-013     2.64507e-009    -7.50056e-011    -2.29613e-012    -1.58353e-011     7.56181e-011 
    1.34110e-012     5.33757e-011     4.64965e-012    -1.04279e-012     5.61643e-010     4.85073e-009     2.11860e-013     3.08382e-010     4.00467e-008    -2.45851e-012    -3.84172e-009     5.74997e-009     3.34942e-011     7.91432e-014     5.31506e-012    -2.33652e-011    -1.81478e-011     1.70925e-011     1.10107e-011    -2.60272e-011    -7.57622e-011    -6.03409e-012    -2.15454e-010    -1.79445e-011    -8.25100e-012     5.58495e-012     9.32465e-012    -8.36385e-010    -5.48220e-013     2.39648e-010     2.15589e-012     1.02117e-011     1.57537e-012    -3.21059e-012     2.17461e-011     7.78632e-010    -1.14713e-012    -2.80716e-010    -1.56658e-013    -7.53467e-013     1.65556e-012     9.62557e-012 
   -9.31356e-013    -2.23451e-011     1.80059e-013     1.71769e-012    -3.79950e-011     2.11860e-013     1.62685e-010     3.44475e-010     1.37442e-009    -1.89852e-012    -8.15676e-010    -2.56062e-009    -5.51357e-012    -1.43084e-012    -1.86087e-011    -9.23680e-012    -4.06441e-012    -2.86860e-013    -8.17313e-012     6.84263e-014    -1.66138e-010     4.20036e-015    -7.86053e-011     2.38223e-012    -1.20009e-012     5.81760e-013     1.01798e-012    -3.03049e-011     2.32190e-013     1.35971e-010     8.96188e-013    -8.90441e-013    -2.99285e-014    -2.73801e-012     2.34913e-012     4.23812e-010    -3.32907e-013     1.94807e-011    -4.37066e-013    -1.41029e-012     5.18146e-013    -1.15197e-012 
   -2.30703e-010    -1.68381e-009    -8.61355e-012    -3.69107e-010     4.70198e-009     3.08382e-010     3.44475e-010     3.50714e-006     1.04742e-006     6.09835e-011     6.42804e-007     1.69794e-007     1.57348e-009     7.44041e-011     6.40168e-010     4.07650e-010    -2.57239e-010    -2.57743e-010    -8.70246e-010    -8.24949e-011    -3.00814e-008    -3.64206e-011     3.92319e-009     9.38966e-011    -2.62423e-011    -8.87306e-011     3.17648e-010     3.35109e-008    -6.63395e-011    -2.65473e-009    -3.00895e-010    -1.08151e-010    -3.86586e-011     7.68707e-012     5.84917e-010     1.74239e-008    -2.03694e-011    -1.27569e-008     5.85902e-011     2.78606e-010     3.43895e-010    -1.50787e-010 
   -4.01564e-009     2.79961e-008     8.43108e-010     8.99155e-010    -1.66927e-008     4.00467e-008     1.37442e-009     1.04742e-006     8.86303e-004    -2.32264e-009     3.16562e-006    -1.35056e-006    -1.05516e-007    -1.04769e-010    -2.35058e-008     4.43658e-009     1.74236e-008     7.58761e-009     1.57102e-008    -5.20544e-009     2.66998e-007    -5.27924e-011     1.15969e-007     1.34402e-009     1.67753e-009    -4.44016e-009    -3.80364e-011     4.25499e-007     3.75429e-010     3.18536e-007     2.52415e-009     8.82308e-009    -8.04386e-010     2.23787e-009     4.40368e-009     1.32819e-006    -5.37934e-010    -3.85803e-008     3.29981e-009    -2.59635e-009    -2.26165e-009    -1.80761e-009 
    7.31782e-013     4.69623e-012    -2.34425e-013     8.61650e-014    -3.78855e-011    -2.45851e-012    -1.89852e-012     6.09835e-011    -2.32264e-009     3.58627e-011     3.90889e-010    -2.00866e-010     1.31335e-011     2.92337e-013     2.96988e-012     1.47503e-012    -2.96082e-012     2.21336e-012     5.93162e-013    -2.25495e-012     7.21021e-011    -7.73912e-014    -1.86012e-011     9.48633e-014     9.57662e-014    -1.63801e-012     2.42293e-013    -6.32295e-013    -8.68887e-014    -2.11240e-011    -6.89471e-013     2.70014e-013     1.92918e-013    -5.82019e-014    -1.55709e-012    -8.79139e-011     1.10829e-013     3.54810e-011    -1.16075e-013    -9.05575e-013     6.87350e-013     1.28766e-012 
    9.58912e-010    -6.15333e-009     3.14539e-010     8.21803e-011    -1.45326e-007    -3.84172e-009    -8.15676e-010     6.42804e-007     3.16562e-006     3.90889e-010     3.20499e-004     1.00294e-006    -1.03128e-009    -6.14897e-010     9.86152e-009     1.52692e-009     2.96219e-009    -1.69100e-009     5.04939e-008    -3.46357e-009    -6.30580e-007    -4.50036e-010    -3.15194e-008     2.23697e-009    -1.57461e-009    -7.03567e-010    -1.34358e-010    -1.67092e-007     1.39536e-009     8.53799e-008     1.47171e-009     1.15898e-009     2.32811e-010     2.22807e-009     4.82981e-009     4.27397e-007    -3.97196e-010    -8.38906e-008     9.32210e-010     1.12051e-009    -1.13084e-009     5.65546e-009 
    1.62513e-009     1.15281e-008    -3.36941e-011     1.10169e-010    -3.30562e-008     5.74997e-009    -2.56062e-009     1.69794e-007    -1.35056e-006    -2.00866e-010     1.00294e-006     4.59081e-005     2.17756e-009     1.43191e-009    -1.87963e-009    -1.67161e-009     3.17388e-009    -3.12082e-010    -6.42224e-009    -1.28613e-009    -9.25621e-008    -3.56581e-010     4.40135e-008     2.73804e-011     4.38799e-010     2.61981e-010     5.60602e-010     1.95741e-008     2.15196e-010     5.69762e-008     6.06235e-010     6.24464e-010    -7.73268e-011     1.34819e-010    -5.79194e-009    -1.62320e-007     1.03644e-010    -2.66961e-008     2.93266e-010    -7.21221e-010     4.79259e-010     3.64151e-009 
   -3.03775e-013     6.70399e-011     9.68138e-013    -5.86609e-012    -2.56048e-010     3.34942e-011    -5.51357e-012     1.57348e-009    -1.05516e-007     1.31335e-011    -1.03128e-009     2.17756e-009     1.06744e-008    -2.81473e-013     5.09909e-011    -1.08947e-011    -1.60035e-011    -1.86965e-011     6.99492e-011     4.44936e-011     6.03696e-010     2.25071e-012    -4.42938e-010     7.48502e-012     7.48585e-012    -4.48776e-012    -1.62744e-011    -2.60355e-010    -1.17389e-013     2.15307e-010    -8.60875e-012     8.13331e-012     2.36908e-011     1.79500e-011    -7.57489e-011    -3.76299e-010    -1.53577e-012    -1.93152e-010    -2.12882e-011    -7.88943e-012     4.87987e-012     1.25566e-011 
   -4.49671e-013     1.41691e-011    -6.82956e-014     2.65047e-013     1.72311e-011     7.91432e-014    -1.43084e-012     7.44041e-011    -1.04769e-010     2.92337e-013    -6.14897e-010     1.43191e-009    -2.81473e-013     1.05827e-010    -2.18858e-013    -4.05690e-012    -5.33556e-012     7.94402e-013    -2.51118e-011     1.89680e-013    -3.77482e-011    -6.11305e-013     7.40707e-011    -1.74192e-012     2.11175e-012    -8.83607e-015    -1.53235e-012     7.84307e-011     2.10734e-014     2.84137e-011     2.72284e-014    -2.12971e-013     1.33662e-012     4.74535e-012     2.66859e-012    -7.70268e-011    -8.09134e-013     7.41435e-011    -1.79480e-012    -7.97055e-013    -5.29947e-013     2.08503e-014 
    6.58646e-012     3.87601e-012     8.21756e-013    -5.97170e-012    -7.41489e-011     5.31506e-012    -1.86087e-011     6.40168e-010    -2.35058e-008     2.96988e-012     9.86152e-009    -1.87963e-009     5.09909e-011    -2.18858e-013     1.63135e-009     7.16813e-012    -4.09070e-012    -4.06616e-012    -8.06693e-012    -4.39256e-012     8.07634e-011     7.34676e-014     8.41702e-011     3.44049e-012    -4.28308e-012     1.88012e-012     5.52281e-012    -3.91329e-010     2.49602e-013     8.56181e-010     4.24069e-012     3.65975e-013     3.30725e-013     5.38225e-012     3.56105e-012    -4.51797e-010    -1.03897e-012    -2.36982e-010     1.04725e-011     4.64402e-012    -1.64834e-012    -1.47858e-012 
    3.46137e-013    -1.34517e-011    -2.18289e-013    -4.84709e-013    -1.33104e-011    -2.33652e-011    -9.23680e-012     4.07650e-010     4.43658e-009     1.47503e-012     1.52692e-009    -1.67161e-009    -1.08947e-011    -4.05690e-012     7.16813e-012     1.92134e-010     1.35404e-012    -1.64198e-012    -1.03127e-011     1.71372e-011    -1.80507e-010    -4.83449e-013    -7.35842e-011     1.15015e-012     1.44760e-012    -1.45590e-012    -1.43514e-013     5.80635e-010    -2.08640e-013    -4.43993e-011    -3.64361e-012    -3.34261e-012     2.22464e-012     2.68668e-013     2.70476e-012     1.40773e-010    -5.38426e-013     2.61785e-011    -7.52119e-013     1.86714e-012    -4.83720e-013     7.55157e-013 
    1.02129e-012    -4.58120e-013    -1.47568e-013    -6.20802e-013     4.98933e-011    -1.81478e-011    -4.06441e-012    -2.57239e-010     1.74236e-008    -2.96082e-012     2.96219e-009     3.17388e-009    -1.60035e-011    -5.33556e-012    -4.09070e-012     1.35404e-012     3.22998e-010     2.76358e-012    -4.74800e-012    -2.52732e-011     3.32240e-011     2.58343e-014    -3.53439e-011     5.09505e-012    -1.51215e-012     1.78814e-012    -1.16057e-012     1.92087e-010     1.23127e-012     7.93822e-011    -2.67919e-012    -5.28710e-012     1.00415e-012     6.63414e-013     4.67916e-012    -4.30878e-011     6.05927e-013    -2.55735e-011     1.44875e-012     3.88540e-013     5.23930e-013    -4.23252e-012 
   -2.03063e-013    -2.66714e-012     3.89527e-014     4.47877e-013     1.81902e-011     1.70925e-011    -2.86860e-013    -2.57743e-010     7.58761e-009     2.21336e-012    -1.69100e-009    -3.12082e-010    -1.86965e-011     7.94402e-013    -4.06616e-012    -1.64198e-012     2.76358e-012     1.55050e-010     1.54193e-011    -1.07855e-011    -2.02876e-010    -2.10447e-014    -1.51191e-011    -4.51090e-012    -2.59539e-012     7.70365e-013    -1.94059e-012     1.80763e-011     2.28338e-013    -2.40058e-010    -1.19141e-012    -3.22820e-013    -1.50776e-012    -7.41580e-013    -1.53943e-012    -2.12442e-011    -5.59286e-014     1.40283e-010    -4.70103e-014     3.01311e-012     6.86429e-013    -5.27534e-013 
    9.98572e-012    -1.64291e-011    -7.12205e-013     2.44772e-013    -1.34474e-010     1.10107e-011    -8.17313e-012    -8.70246e-010     1.57102e-008     5.93162e-013     5.04939e-008    -6.42224e-009     6.99492e-011    -2.51118e-011    -8.06693e-012    -1.03127e-011    -4.74800e-012     1.54193e-011     2.93500e-009     3.74244e-012     8.32826e-010     4.49304e-013    -1.26664e-010     7.61218e-012    -1.55584e-012     1.91397e-012    -9.44823e-012     1.14408e-009     2.41718e-012     3.77323e-010    -1.69642e-012     6.81120e-013    -4.24506e-013     8.97509e-012    -1.29118e-011    -1.40916e-009     1.64730e-012    -3.60083e-010    -4.93287e-012     9.82840e-013    -4.17120e-012     8.96391e-012 
    4.33545e-012    -1.65642e-011    -1.19231e-013    -1.27495e-012    -3.30997e-011    -2.60272e-011     6.84263e-014    -8.24949e-011    -5.20544e-009    -2.25495e-012    -3.46357e-009    -1.28613e-009     4.44936e-011     1.89680e-013    -4.39256e-012     1.71372e-011    -2.52732e-011    -1.07855e-011     3.74244e-012     6.90332e-010    -6.13288e-010     6.50623e-013     6.53467e-011     6.66292e-013     5.67555e-012     4.42433e-013     9.31759e-013    -1.38492e-010     3.70870e-014     1.40640e-010    -2.82128e-012    -7.71936e-012     9.27961e-013    -1.09200e-011     4.98587e-012     6.94092e-011     2.45055e-013     1.43695e-010     4.44606e-013     2.11231e-012    -1.16899e-012     1.24905e-012 
    1.38397e-010    -9.16891e-010     2.51256e-011    -7.51322e-012    -9.72510e-010    -7.57622e-011    -1.66138e-010    -3.00814e-008     2.66998e-007     7.21021e-011    -6.30580e-007    -9.25621e-008     6.03696e-010    -3.77482e-011     8.07634e-011    -1.80507e-010     3.32240e-011    -2.02876e-010     8.32826e-010    -6.13288e-010     7.74363e-007     4.88320e-012     9.83849e-009     1.33318e-010    -5.88719e-011     1.78804e-011     2.09204e-011    -9.25203e-009     5.56022e-012     3.42897e-010     9.00701e-011     4.05222e-011    -1.42239e-011     1.20313e-010     7.64857e-010     5.45907e-009    -1.12941e-011    -3.69776e-009    -4.28520e-011     9.33885e-011     2.99723e-010    -2.49961e-010 
   -3.12910e-013     1.28041e-012     1.94452e-015    -1.10168e-013     3.36096e-012    -6.03409e-012     4.20036e-015    -3.64206e-011    -5.27924e-011    -7.73912e-014    -4.50036e-010    -3.56581e-010     2.25071e-012    -6.11305e-013     7.34676e-014    -4.83449e-013     2.58343e-014    -2.10447e-014     4.49304e-013     6.50623e-013     4.88320e-012     6.06559e-012    -1.38261e-011     8.36228e-013     1.73147e-013     1.07293e-013    -3.29454e-013     4.99504e-011     8.67183e-014    -8.61221e-012    -6.43442e-013    -2.33891e-013     1.77969e-013     2.56228e-013     3.34443e-013    -2.90368e-011    -3.84824e-014    -9.09951e-012     1.55707e-014    -3.14309e-013    -2.82109e-013     7.19855e-013 
   -4.17253e-011    -3.59364e-010     8.97385e-012     2.94424e-011    -3.94620e-010    -2.15454e-010    -7.86053e-011     3.92319e-009     1.15969e-007    -1.86012e-011    -3.15194e-008     4.40135e-008    -4.42938e-010     7.40707e-011     8.41702e-011    -7.35842e-011    -3.53439e-011    -1.51191e-011    -1.26664e-010     6.53467e-011     9.83849e-009    -1.38261e-011     1.09918e-007    -3.01171e-011    -5.94903e-012    -1.86319e-012    -5.73502e-011    -5.49843e-009     7.59918e-012    -2.28553e-009    -8.15626e-011    -6.22314e-011    -4.43291e-012     5.90819e-011     2.90808e-011     2.00530e-009    -6.56983e-012    -4.09796e-009    -2.03050e-011     1.66582e-011     7.71155e-011     6.11761e-012 
    1.74710e-013    -5.05408e-012    -8.66768e-013     2.51599e-013    -4.21250e-011    -1.79445e-011     2.38223e-012     9.38966e-011     1.34402e-009     9.48633e-014     2.23697e-009     2.73804e-011     7.48502e-012    -1.74192e-012     3.44049e-012     1.15015e-012     5.09505e-012    -4.51090e-012     7.61218e-012     6.66292e-013     1.33318e-010     8.36228e-013    -3.01171e-011     8.05820e-011    -2.82786e-012    -1.94094e-012     7.52990e-013     1.34771e-010    -4.09341e-014     2.59144e-011    -2.67568e-012    -2.15617e-012    -1.92674e-013     3.74957e-012    -2.15213e-012    -1.95481e-011    -2.96865e-013    -3.02489e-011     3.86372e-013     7.90199e-013    -8.59930e-013     1.87872e-012 
    4.52066e-013     1.19836e-011     7.73044e-014    -1.92881e-013     6.39821e-011    -8.25100e-012    -1.20009e-012    -2.62423e-011     1.67753e-009     9.57662e-014    -1.57461e-009     4.38799e-010     7.48585e-012     2.11175e-012    -4.28308e-012     1.44760e-012    -1.51215e-012    -2.59539e-012    -1.55584e-012     5.67555e-012    -5.88719e-011     1.73147e-013    -5.94903e-012    -2.82786e-012     5.58104e-011     5.35155e-013    -6.30717e-013     3.84919e-011    -5.42850e-013     7.39555e-011    -1.03514e-012    -1.37316e-012     3.89758e-013     1.95604e-013    -2.52943e-012    -1.89163e-010    -1.96654e-013     1.73520e-010     4.25920e-013    -3.60173e-013     4.38489e-013     7.48164e-013 
    1.39202e-012    -4.13154e-012    -1.99441e-013    -7.05412e-014    -4.59978e-012     5.58495e-012     5.81760e-013    -8.87306e-011    -4.44016e-009    -1.63801e-012    -7.03567e-010     2.61981e-010    -4.48776e-012    -8.83607e-015     1.88012e-012    -1.45590e-012     1.78814e-012     7.70365e-013     1.91397e-012     4.42433e-013     1.78804e-011     1.07293e-013    -1.86319e-012    -1.94094e-012     5.35155e-013     3.31236e-011    -7.89255e-014     5.11653e-014     7.62497e-014     3.70864e-011     5.32516e-013    -4.88282e-013     3.87839e-013     2.95133e-012    -2.45235e-012     1.06817e-011    -2.75140e-014     9.18932e-012    -5.77490e-013    -3.76490e-013    -1.00744e-012    -4.47845e-013 
   -1.81521e-012    -6.61101e-012    -1.84114e-013    -4.16968e-013    -1.91210e-011     9.32465e-012     1.01798e-012     3.17648e-010    -3.80364e-011     2.42293e-013    -1.34358e-010     5.60602e-010    -1.62744e-011    -1.53235e-012     5.52281e-012    -1.43514e-013    -1.16057e-012    -1.94059e-012    -9.44823e-012     9.31759e-013     2.09204e-011    -3.29454e-013    -5.73502e-011     7.52990e-013    -6.30717e-013    -7.89255e-014     5.36736e-011     1.98915e-010    -1.52441e-013     2.49706e-011    -2.84801e-013     4.64297e-013    -7.11651e-013    -3.40617e-012    -5.76272e-012    -1.15343e-010     1.03210e-013    -1.44204e-011    -1.36731e-012    -8.89540e-014     7.86256e-013     4.68778e-013 
   -2.96867e-011     2.34697e-009     8.47032e-012    -8.52376e-011    -2.24961e-009    -8.36385e-010    -3.03049e-011     3.35109e-008     4.25499e-007    -6.32295e-013    -1.67092e-007     1.95741e-008    -2.60355e-010     7.84307e-011    -3.91329e-010     5.80635e-010     1.92087e-010     1.80763e-011     1.14408e-009    -1.38492e-010    -9.25203e-009     4.99504e-011    -5.49843e-009     1.34771e-010     3.84919e-011     5.11653e-014     1.98915e-010     7.45732e-007     3.37794e-011    -4.74664e-009    -3.04607e-010     1.12914e-010    -2.51938e-012    -2.37830e-011    -3.03348e-010     2.81690e-008    -4.00790e-012    -1.28740e-008     2.98933e-010    -7.20925e-011    -1.32327e-010    -3.18453e-010 
   -3.05874e-013    -2.77822e-012    -4.69018e-014     3.59359e-014    -1.07667e-011    -5.48220e-013     2.32190e-013    -6.63395e-011     3.75429e-010    -8.68887e-014     1.39536e-009     2.15196e-010    -1.17389e-013     2.10734e-014     2.49602e-013    -2.08640e-013     1.23127e-012     2.28338e-013     2.41718e-012     3.70870e-014     5.56022e-012     8.67183e-014     7.59918e-012    -4.09341e-014    -5.42850e-013     7.62497e-014    -1.52441e-013     3.37794e-011     5.95026e-012    -1.24625e-011     2.77812e-013    -1.48044e-013     9.44241e-014    -1.49897e-013    -6.56106e-013    -1.67645e-011    -5.24872e-014     2.83546e-011    -2.59374e-013     2.16177e-013     2.14897e-013     4.82947e-013 
   -1.78342e-011    -5.24173e-011     2.90657e-012     5.36701e-011     2.33187e-010     2.39648e-010     1.35971e-010    -2.65473e-009     3.18536e-007    -2.11240e-011     8.53799e-008     5.69762e-008     2.15307e-010     2.84137e-011     8.56181e-010    -4.43993e-011     7.93822e-011    -2.40058e-010     3.77323e-010     1.40640e-010     3.42897e-010    -8.61221e-012    -2.28553e-009     2.59144e-011     7.39555e-011     3.70864e-011     2.49706e-011    -4.74664e-009    -1.24625e-011     1.73637e-007     1.41671e-010    -7.71165e-011     7.10833e-012     1.38374e-010     1.57326e-010     5.38747e-009    -1.42171e-012     2.08231e-010     5.09390e-011     1.33840e-011     2.07063e-011    -1.80161e-010 
   -1.01694e-012     5.47511e-012     8.52753e-014     1.63626e-013    -2.27428e-011     2.15589e-012     8.96188e-013    -3.00895e-010     2.52415e-009    -6.89471e-013     1.47171e-009     6.06235e-010    -8.60875e-012     2.72284e-014     4.24069e-012    -3.64361e-012    -2.67919e-012    -1.19141e-012    -1.69642e-012    -2.82128e-012     9.00701e-011    -6.43442e-013    -8.15626e-011    -2.67568e-012    -1.03514e-012     5.32516e-013    -2.84801e-013    -3.04607e-010     2.77812e-013     1.41671e-010     8.70992e-011     1.41252e-012    -5.51226e-013    -2.59778e-012    -7.64525e-012     2.54535e-010     6.80869e-013     1.37881e-010    -1.08867e-012     1.56448e-012    -9.92596e-013    -1.06377e-012 
    4.09090e-013     3.81896e-011     4.20823e-013    -7.24730e-014    -5.23345e-012     1.02117e-011    -8.90441e-013    -1.08151e-010     8.82308e-009     2.70014e-013     1.15898e-009     6.24464e-010     8.13331e-012    -2.12971e-013     3.65975e-013    -3.34261e-012    -5.28710e-012    -3.22820e-013     6.81120e-013    -7.71936e-012     4.05222e-011    -2.33891e-013    -6.22314e-011    -2.15617e-012    -1.37316e-012    -4.88282e-013     4.64297e-013     1.12914e-010    -1.48044e-013    -7.71165e-011     1.41252e-012     1.38526e-010    -8.68501e-013     8.30576e-013    -3.00385e-012    -2.56357e-010     1.54614e-013    -5.66194e-011    -4.06594e-013    -1.76458e-012     2.30160e-012     1.27505e-012 
    1.08337e-012     6.02112e-012     1.55753e-014    -1.97571e-014    -5.22431e-012     1.57537e-012    -2.99285e-014    -3.86586e-011    -8.04386e-010     1.92918e-013     2.32811e-010    -7.73268e-011     2.36908e-011     1.33662e-012     3.30725e-013     2.22464e-012     1.00415e-012    -1.50776e-012    -4.24506e-013     9.27961e-013    -1.42239e-011     1.77969e-013    -4.43291e-012    -1.92674e-013     3.89758e-013     3.87839e-013    -7.11651e-013    -2.51938e-012     9.44241e-014     7.10833e-012    -5.51226e-013    -8.68501e-013     3.48026e-011    -1.14006e-012    -5.70160e-012     2.24289e-010    -3.62641e-013     4.25943e-011    -1.66988e-014    -5.40334e-013    -2.67863e-013     9.41890e-013 
   -1.74233e-012    -1.42341e-011     4.31516e-013    -5.13944e-013     1.13462e-010    -3.21059e-012    -2.73801e-012     7.68707e-012     2.23787e-009    -5.82019e-014     2.22807e-009     1.34819e-010     1.79500e-011     4.74535e-012     5.38225e-012     2.68668e-013     6.63414e-013    -7.41580e-013     8.97509e-012    -1.09200e-011     1.20313e-010     2.56228e-013     5.90819e-011     3.74957e-012     1.95604e-013     2.95133e-012    -3.40617e-012    -2.37830e-011    -1.49897e-013     1.38374e-010    -2.59778e-012     8.30576e-013    -1.14006e-012     1.61181e-010     3.34492e-015    -1.48802e-010     3.33781e-013     3.54707e-011     1.36202e-012     1.19857e-012    -2.66860e-012    -1.44817e-012 
    1.13786e-011    -1.90807e-012    -4.73797e-013     1.04204e-012     5.35607e-011     2.17461e-011     2.34913e-012     5.84917e-010     4.40368e-009    -1.55709e-012     4.82981e-009    -5.79194e-009    -7.57489e-011     2.66859e-012     3.56105e-012     2.70476e-012     4.67916e-012    -1.53943e-012    -1.29118e-011     4.98587e-012     7.64857e-010     3.34443e-013     2.90808e-011    -2.15213e-012    -2.52943e-012    -2.45235e-012    -5.76272e-012    -3.03348e-010    -6.56106e-013     1.57326e-010    -7.64525e-012    -3.00385e-012    -5.70160e-012     3.34492e-015     6.03277e-010    -4.51133e-010    -7.46017e-013     2.45618e-010     3.46113e-012     2.08707e-012     7.81211e-012    -4.43084e-012 
   -2.67166e-010     4.92293e-010     6.93351e-012    -8.16706e-011    -4.22871e-010     7.78632e-010     4.23812e-010     1.74239e-008     1.32819e-006    -8.79139e-011     4.27397e-007    -1.62320e-007    -3.76299e-010    -7.70268e-011    -4.51797e-010     1.40773e-010    -4.30878e-011    -2.12442e-011    -1.40916e-009     6.94092e-011     5.45907e-009    -2.90368e-011     2.00530e-009    -1.95481e-011    -1.89163e-010     1.06817e-011    -1.15343e-010     2.81690e-008    -1.67645e-011     5.38747e-009     2.54535e-010    -2.56357e-010     2.24289e-010    -1.48802e-010    -4.51133e-010     1.32056e-006    -4.00692e-011     6.94321e-011    -8.79197e-011    -3.19963e-011    -2.92414e-010    -4.10523e-010 
    6.26916e-013     1.03893e-013    -5.67859e-014     6.97587e-014    -8.02256e-013    -1.14713e-012    -3.32907e-013    -2.03694e-011    -5.37934e-010     1.10829e-013    -3.97196e-010     1.03644e-010    -1.53577e-012    -8.09134e-013    -1.03897e-012    -5.38426e-013     6.05927e-013    -5.59286e-014     1.64730e-012     2.45055e-013    -1.12941e-011    -3.84824e-014    -6.56983e-012    -2.96865e-013    -1.96654e-013    -2.75140e-014     1.03210e-013    -4.00790e-012    -5.24872e-014    -1.42171e-012     6.80869e-013     1.54614e-013    -3.62641e-013     3.33781e-013    -7.46017e-013    -4.00692e-011     2.61319e-012     4.55009e-012     3.96183e-014    -1.88309e-013    -1.31114e-013    -4.04649e-013 
    3.64739e-011    -1.16796e-010    -2.43888e-011    -7.32617e-012     2.64507e-009    -2.80716e-010     1.94807e-011    -1.27569e-008    -3.85803e-008     3.54810e-011    -8.38906e-008    -2.66961e-008    -1.93152e-010     7.41435e-011    -2.36982e-010     2.61785e-011    -2.55735e-011     1.40283e-010    -3.60083e-010     1.43695e-010    -3.69776e-009    -9.09951e-012    -4.09796e-009    -3.02489e-011     1.73520e-010     9.18932e-012    -1.44204e-011    -1.28740e-008     2.83546e-011     2.08231e-010     1.37881e-010    -5.66194e-011     4.25943e-011     3.54707e-011     2.45618e-010     6.94321e-011     4.55009e-012     2.89477e-007    -4.42578e-011     5.29137e-011     1.22212e-011     4.53902e-011 
    8.99743e-013    -2.19267e-012     1.21669e-013     1.48046e-013    -7.50056e-011    -1.56658e-013    -4.37066e-013     5.85902e-011     3.29981e-009    -1.16075e-013     9.32210e-010     2.93266e-010    -2.12882e-011    -1.79480e-012     1.04725e-011    -7.52119e-013     1.44875e-012    -4.70103e-014    -4.93287e-012     4.44606e-013    -4.28520e-011     1.55707e-014    -2.03050e-011     3.86372e-013     4.25920e-013    -5.77490e-013    -1.36731e-012     2.98933e-010    -2.59374e-013     5.09390e-011    -1.08867e-012    -4.06594e-013    -1.66988e-014     1.36202e-012     3.46113e-012    -8.79197e-011     3.96183e-014    -4.42578e-011     8.18682e-011    -1.36534e-012    -1.95452e-012    -2.09098e-012 
    3.94260e-013     6.20761e-012     1.33529e-013    -4.50458e-014    -2.29613e-012    -7.53467e-013    -1.41029e-012     2.78606e-010    -2.59635e-009    -9.05575e-013     1.12051e-009    -7.21221e-010    -7.88943e-012    -7.97055e-013     4.64402e-012     1.86714e-012     3.88540e-013     3.01311e-012     9.82840e-013     2.11231e-012     9.33885e-011    -3.14309e-013     1.66582e-011     7.90199e-013    -3.60173e-013    -3.76490e-013    -8.89540e-014    -7.20925e-011     2.16177e-013     1.33840e-011     1.56448e-012    -1.76458e-012    -5.40334e-013     1.19857e-012     2.08707e-012    -3.19963e-011    -1.88309e-013     5.29137e-011    -1.36534e-012     3.99840e-011     6.64627e-013    -4.96600e-013 
    1.74271e-012    -2.10004e-012     4.11591e-013     1.60169e-013    -1.58353e-011     1.65556e-012     5.18146e-013     3.43895e-010    -2.26165e-009     6.87350e-013    -1.13084e-009     4.79259e-010     4.87987e-012    -5.29947e-013    -1.64834e-012    -4.83720e-013     5.23930e-013     6.86429e-013    -4.17120e-012    -1.16899e-012     2.99723e-010    -2.82109e-013     7.71155e-011    -8.59930e-013     4.38489e-013    -1.00744e-012     7.86256e-013    -1.32327e-010     2.14897e-013     2.07063e-011    -9.92596e-013     2.30160e-012    -2.67863e-013    -2.66860e-012     7.81211e-012    -2.92414e-010    -1.31114e-013     1.22212e-011    -1.95452e-012     6.64627e-013     8.20670e-011     8.21837e-013 
   -2.99205e-012    -9.22025e-012     1.27786e-015    -9.69276e-013     7.56181e-011     9.62557e-012    -1.15197e-012    -1.50787e-010    -1.80761e-009     1.28766e-012     5.65546e-009     3.64151e-009     1.25566e-011     2.08503e-014    -1.47858e-012     7.55157e-013    -4.23252e-012    -5.27534e-013     8.96391e-012     1.24905e-012    -2.49961e-010     7.19855e-013     6.11761e-012     1.87872e-012     7.48164e-013    -4.47845e-013     4.68778e-013    -3.18453e-010     4.82947e-013    -1.80161e-010    -1.06377e-012     1.27505e-012     9.41890e-013    -1.44817e-012    -4.43084e-012    -4.10523e-010    -4.04649e-013     4.53902e-011    -2.09098e-012    -4.96600e-013     8.21837e-013     1.52632e-010 

---------------------- Covariance matrix C -----------------
                                   r__CN2.mgt                    v__ESCO.hru                 v__HRU_SLP.hru                    v__OV_N.hru                v__SLSUBBSN.hru                 v__ALPHA_BF.gw                   v__CH_N2.rte                   v__CH_K2.rte                    a__GWQMN.gw                 a__GW_REVAP.gw                  v__REVAPMN.gw                 v__GW_DELAY.gw                    v__GWQMN.gw                 v__GW_REVAP.gw               v__ALPHA_BNK.rte r__AUTO_EFF{[],11,AUTO_NSTRS=0.6}.mgt            r__CN2.mgt________1     r__SOL_AWC(1).sol________1       r__SOL_K(1).sol________1      r__SOL_BD(1).sol________1           a__GWQMN.gw________1        a__GW_REVAP.gw________1         v__REVAPMN.gw________1           a__ESCO.hru________1        r__HRU_SLP.hru________1           r__OV_N.hru________1       r__SLSUBBSN.hru________1         a__GWQMN.gw________3-6      a__GW_REVAP.gw________3-6       v__REVAPMN.gw________3-6         a__ESCO.hru________3-6      r__HRU_SLP.hru________3-6         r__OV_N.hru________3-6     r__SLSUBBSN.hru________3-6 r__CN2.mgt________7,12,15,16-20 a__GWQMN.gw________7,12,15,16-20 a__GW_REVAP.gw________7,12,15,16-20 v__REVAPMN.gw________7,12,15,16-20 a__ESCO.hru________7,12,15,16-20 r__HRU_SLP.hru________7,12,15,16-20 r__OV_N.hru________7,12,15,16-20 r__SLSUBBSN.hru________7,12,15,16-20 
                    r__CN2.mgt     1.60030e-009    -2.75879e-011    -4.19829e-012     3.46275e-012    -8.45592e-010     1.43927e-011    -9.99532e-012    -2.47591e-009    -4.30959e-008     7.85349e-012     1.02911e-008     1.74409e-008    -3.26012e-012    -4.82587e-012     7.06859e-011     3.71474e-012     1.09605e-011    -2.17928e-012     1.07167e-010     4.65281e-011     1.48528e-009    -3.35816e-012    -4.47797e-010     1.87499e-012     4.85158e-012     1.49392e-011    -1.94809e-011    -3.18598e-010    -3.28264e-012    -1.91397e-010    -1.09138e-011     4.39036e-012     1.16267e-011    -1.86987e-011     1.22115e-010    -2.86723e-009     6.72807e-012     3.91439e-010     9.65605e-012     4.23120e-012     1.87028e-011    -3.21107e-011 
                   v__ESCO.hru    -2.75879e-011     4.06405e-008    -2.38254e-011     4.12274e-012     1.22466e-009     5.72828e-010    -2.39808e-010    -1.80707e-008     3.00454e-007     5.04000e-011    -6.60376e-008     1.23720e-007     7.19473e-010     1.52063e-010     4.15974e-011    -1.44364e-010    -4.91655e-012    -2.86237e-011    -1.76317e-010    -1.77767e-010    -9.84008e-009     1.37414e-011    -3.85669e-009    -5.42405e-011     1.28608e-010    -4.43397e-011    -7.09494e-011     2.51877e-008    -2.98159e-011    -5.62543e-010     5.87589e-011     4.09851e-010     6.46187e-011    -1.52761e-010    -2.04774e-011     5.28330e-009     1.11499e-012    -1.25346e-009    -2.35317e-011     6.66201e-011    -2.25377e-011    -9.89518e-011 
                v__HRU_SLP.hru    -4.19829e-012    -2.38254e-011     6.42977e-011    -6.18793e-013    -1.71678e-010     4.99001e-011     1.93240e-012    -9.24407e-011     9.04824e-009    -2.51585e-012     3.37564e-009    -3.61605e-010     1.03901e-011    -7.32948e-013     8.81909e-012    -2.34268e-012    -1.58370e-012     4.18041e-013    -7.64339e-012    -1.27959e-012     2.69648e-010     2.08686e-014     9.63074e-011    -9.30216e-012     8.29631e-013    -2.14041e-012    -1.97591e-012     9.09036e-011    -5.03351e-013     3.11933e-011     9.15175e-013     4.51627e-012     1.67154e-013     4.63103e-012    -5.08479e-012     7.44104e-011    -6.09426e-013    -2.61741e-010     1.30576e-012     1.43303e-012     4.41720e-012     1.37140e-014 
                   v__OV_N.hru     3.46275e-012     4.12274e-012    -6.18793e-013     1.24819e-010     2.05581e-010    -1.11913e-011     1.84343e-011    -3.96125e-009     9.64974e-009     9.24723e-013     8.81960e-010     1.18234e-009    -6.29550e-011     2.84448e-012    -6.40884e-011    -5.20190e-012    -6.66245e-012     4.80662e-012     2.62689e-012    -1.36828e-011    -8.06319e-011    -1.18233e-012     3.15976e-010     2.70016e-012    -2.07000e-012    -7.57049e-013    -4.47490e-012    -9.14770e-010     3.85665e-013     5.75988e-010     1.75604e-012    -7.77781e-013    -2.12034e-013    -5.51565e-012     1.11832e-011    -8.76490e-010     7.48651e-013    -7.86245e-011     1.58883e-012    -4.83432e-013     1.71893e-012    -1.04023e-011 
               v__SLSUBBSN.hru    -8.45592e-010     1.22466e-009    -1.71678e-010     2.05581e-010     7.56066e-007     6.02756e-009    -4.07763e-010     5.04617e-008    -1.79146e-007    -4.06587e-010    -1.55964e-006    -3.54759e-007    -2.74791e-009     1.84924e-010    -7.95766e-010    -1.42847e-010     5.35455e-010     1.95218e-010    -1.44318e-009    -3.55227e-010    -1.04370e-008     3.60699e-011    -4.23506e-009    -4.52086e-010     6.86656e-010    -4.93649e-011    -2.05206e-010    -2.41429e-008    -1.15549e-010     2.50257e-009    -2.44076e-010    -5.61654e-011    -5.60673e-011     1.21767e-009     5.74813e-010    -4.53825e-009    -8.60982e-012     2.83869e-008    -8.04961e-010    -2.46420e-011    -1.69945e-010     8.11534e-010 
                v__ALPHA_BF.gw     1.43927e-011     5.72828e-010     4.99001e-011    -1.11913e-011     6.02756e-009     5.20581e-008     2.27368e-012     3.30956e-009     4.29781e-007    -2.63848e-011    -4.12294e-008     6.17087e-008     3.59460e-010     8.49365e-013     5.70413e-011    -2.50755e-010    -1.94763e-010     1.83437e-010     1.18167e-010    -2.79324e-010    -8.13081e-010    -6.47579e-011    -2.31225e-009    -1.92581e-010    -8.85498e-011     5.99377e-011     1.00072e-010    -8.97609e-009    -5.88350e-012     2.57190e-009     2.31370e-011     1.09592e-010     1.69069e-011    -3.44561e-011     2.33379e-010     8.35629e-009    -1.23110e-011    -3.01265e-009    -1.68125e-012    -8.08621e-012     1.77674e-011     1.03302e-010 
                  v__CH_N2.rte    -9.99532e-012    -2.39808e-010     1.93240e-012     1.84343e-011    -4.07763e-010     2.27368e-012     1.74594e-009     3.69691e-009     1.47503e-008    -2.03749e-011    -8.75384e-009    -2.74806e-008    -5.91717e-011    -1.53558e-011    -1.99708e-010    -9.91294e-011    -4.36193e-011    -3.07859e-012    -8.77141e-011     7.34352e-013    -1.78299e-009     4.50783e-014    -8.43592e-010     2.55662e-011    -1.28794e-011     6.24345e-012     1.09250e-011    -3.25233e-010     2.49186e-012     1.45924e-009     9.61790e-012    -9.55622e-012    -3.21193e-013    -2.93844e-011     2.52109e-011     4.54835e-009    -3.57276e-012     2.09067e-010    -4.69059e-012    -1.51353e-011     5.56075e-012    -1.23629e-011 
                  v__CH_K2.rte    -2.47591e-009    -1.80707e-008    -9.24407e-011    -3.96125e-009     5.04617e-008     3.30956e-009     3.69691e-009     3.76387e-005     1.12410e-005     6.54475e-010     6.89858e-006     1.82223e-006     1.68866e-008     7.98505e-010     6.87029e-009     4.37490e-009    -2.76069e-009    -2.76610e-009    -9.33949e-009    -8.85336e-010    -3.22834e-007    -3.90866e-010     4.21037e-008     1.00770e-009    -2.81633e-010    -9.52257e-010     3.40900e-009     3.59639e-007    -7.11956e-010    -2.84906e-008    -3.22921e-009    -1.16068e-009    -4.14884e-010     8.24977e-011     6.27734e-009     1.86993e-007    -2.18605e-010    -1.36907e-007     6.28790e-010     2.99001e-009     3.69069e-009    -1.61824e-009 
                   a__GWQMN.gw    -4.30959e-008     3.00454e-007     9.04824e-009     9.64974e-009    -1.79146e-007     4.29781e-007     1.47503e-008     1.12410e-005     9.51181e-003    -2.49265e-008     3.39735e-005    -1.44943e-005    -1.13240e-006    -1.12438e-009    -2.52264e-007     4.76134e-008     1.86991e-007     8.14303e-008     1.68602e-007    -5.58648e-008     2.86542e-006    -5.66568e-010     1.24458e-006     1.44241e-008     1.80033e-008    -4.76519e-008    -4.08207e-010     4.56645e-006     4.02911e-009     3.41853e-006     2.70891e-008     9.46894e-008    -8.63267e-009     2.40169e-008     4.72603e-008     1.42541e-005    -5.77311e-009    -4.14044e-007     3.54136e-008    -2.78640e-008    -2.42721e-008    -1.93992e-008 
                a__GW_REVAP.gw     7.85349e-012     5.04000e-011    -2.51585e-012     9.24723e-013    -4.06587e-010    -2.63848e-011    -2.03749e-011     6.54475e-010    -2.49265e-008     3.84878e-010     4.19503e-009    -2.15569e-009     1.40949e-010     3.13736e-012     3.18727e-011     1.58300e-011    -3.17756e-011     2.37537e-011     6.36582e-012    -2.42001e-011     7.73800e-010    -8.30562e-013    -1.99628e-010     1.01807e-012     1.02776e-012    -1.75791e-011     2.60029e-012    -6.78579e-012    -9.32490e-013    -2.26703e-010    -7.39941e-012     2.89780e-012     2.07040e-012    -6.24623e-013    -1.67107e-011    -9.43492e-010     1.18942e-012     3.80783e-010    -1.24572e-012    -9.71863e-012     7.37665e-012     1.38192e-011 
                 v__REVAPMN.gw     1.02911e-008    -6.60376e-008     3.37564e-009     8.81960e-010    -1.55964e-006    -4.12294e-008    -8.75384e-009     6.89858e-006     3.39735e-005     4.19503e-009     3.43960e-003     1.07635e-005    -1.10677e-008    -6.59908e-009     1.05834e-007     1.63869e-008     3.17903e-008    -1.81479e-008     5.41901e-007    -3.71710e-008    -6.76739e-006    -4.82979e-009    -3.38266e-007     2.40071e-008    -1.68987e-008    -7.55069e-009    -1.44194e-009    -1.79324e-006     1.49750e-008     9.16298e-007     1.57943e-008     1.24382e-008     2.49852e-009     2.39116e-008     5.18336e-008     4.58682e-006    -4.26271e-009    -9.00315e-007     1.00045e-008     1.20254e-008    -1.21362e-008     6.06945e-008 
                v__GW_DELAY.gw     1.74409e-008     1.23720e-007    -3.61605e-010     1.18234e-009    -3.54759e-007     6.17087e-008    -2.74806e-008     1.82223e-006    -1.44943e-005    -2.15569e-009     1.07635e-005     4.92686e-004     2.33696e-008     1.53672e-008    -2.01722e-008    -1.79398e-008     3.40621e-008    -3.34927e-009    -6.89235e-008    -1.38028e-008    -9.93377e-007    -3.82683e-009     4.72353e-007     2.93846e-010     4.70920e-009     2.81158e-009     6.01639e-009     2.10070e-007     2.30948e-009     6.11469e-007     6.50612e-009     6.70176e-009    -8.29872e-010     1.44688e-009    -6.21591e-008    -1.74202e-006     1.11231e-009    -2.86503e-007     3.14733e-009    -7.74015e-009     5.14341e-009     3.90807e-008 
                   v__GWQMN.gw    -3.26012e-012     7.19473e-010     1.03901e-011    -6.29550e-011    -2.74791e-009     3.59460e-010    -5.91717e-011     1.68866e-008    -1.13240e-006     1.40949e-010    -1.10677e-008     2.33696e-008     1.14557e-007    -3.02077e-012     5.47235e-010    -1.16921e-010    -1.71749e-010    -2.00651e-010     7.50695e-010     4.77506e-010     6.47887e-009     2.41546e-011    -4.75362e-009     8.03292e-011     8.03382e-011    -4.81626e-011    -1.74656e-010    -2.79413e-009    -1.25982e-012     2.31067e-009    -9.23892e-011     8.72867e-011     2.54250e-010     1.92639e-010    -8.12938e-010    -4.03845e-009    -1.64819e-011    -2.07291e-009    -2.28465e-010    -8.46695e-011     5.23708e-011     1.34757e-010 
                v__GW_REVAP.gw    -4.82587e-012     1.52063e-010    -7.32948e-013     2.84448e-012     1.84924e-010     8.49365e-013    -1.53558e-011     7.98505e-010    -1.12438e-009     3.13736e-012    -6.59908e-009     1.53672e-008    -3.02077e-012     1.13573e-009    -2.34878e-012    -4.35387e-011    -5.72612e-011     8.52553e-012    -2.69500e-010     2.03565e-012    -4.05114e-010    -6.56053e-012     7.94927e-010    -1.86943e-011     2.26633e-011    -9.48288e-014    -1.64452e-011     8.41719e-010     2.26160e-013     3.04936e-010     2.92216e-013    -2.28561e-012     1.43446e-011     5.09271e-011     2.86394e-011    -8.26652e-010    -8.68363e-012     7.95708e-010    -1.92618e-011    -8.55400e-012    -5.68740e-012     2.23766e-013 
              v__ALPHA_BNK.rte     7.06859e-011     4.15974e-011     8.81909e-012    -6.40884e-011    -7.95766e-010     5.70413e-011    -1.99708e-010     6.87029e-009    -2.52264e-007     3.18727e-011     1.05834e-007    -2.01722e-008     5.47235e-010    -2.34878e-012     1.75076e-008     7.69284e-011    -4.39015e-011    -4.36380e-011    -8.65743e-011    -4.71410e-011     8.66753e-010     7.88455e-013     9.03316e-010     3.69233e-011    -4.59660e-011     2.01775e-011     5.92708e-011    -4.19974e-009     2.67873e-012     9.18854e-009     4.55112e-011     3.92764e-012     3.54935e-012     5.77624e-011     3.82172e-011    -4.84869e-009    -1.11503e-011    -2.54329e-009     1.12391e-010     4.98397e-011    -1.76900e-011    -1.58681e-011 
r__AUTO_EFF{[],11,AUTO_NSTRS=0.6}.mgt     3.71474e-012    -1.44364e-010    -2.34268e-012    -5.20190e-012    -1.42847e-010    -2.50755e-010    -9.91294e-011     4.37490e-009     4.76134e-008     1.58300e-011     1.63869e-008    -1.79398e-008    -1.16921e-010    -4.35387e-011     7.69284e-011     2.06198e-009     1.45315e-011    -1.76217e-011    -1.10676e-010     1.83917e-010    -1.93720e-009    -5.18838e-012    -7.89706e-010     1.23434e-011     1.55357e-011    -1.56247e-011    -1.54019e-012     6.23138e-009    -2.23913e-012    -4.76493e-010    -3.91032e-011    -3.58729e-011     2.38748e-011     2.88334e-012     2.90275e-011     1.51077e-009    -5.77839e-012     2.80948e-010    -8.07174e-012     2.00382e-011    -5.19128e-012     8.10435e-012 
           r__CN2.mgt________1     1.09605e-011    -4.91655e-012    -1.58370e-012    -6.66245e-012     5.35455e-010    -1.94763e-010    -4.36193e-011    -2.76069e-009     1.86991e-007    -3.17756e-011     3.17903e-008     3.40621e-008    -1.71749e-010    -5.72612e-011    -4.39015e-011     1.45315e-011     3.46642e-009     2.96588e-011    -5.09555e-011    -2.71232e-010     3.56560e-010     2.77254e-013    -3.79311e-010     5.46801e-011    -1.62284e-011     1.91904e-011    -1.24552e-011     2.06148e-009     1.32140e-011     8.51930e-010    -2.87531e-011    -5.67412e-011     1.07766e-011     7.11976e-012     5.02168e-011    -4.62419e-010     6.50281e-012    -2.74455e-010     1.55480e-011     4.16981e-012     5.62282e-012    -4.54234e-011 
    r__SOL_AWC(1).sol________1    -2.17928e-012    -2.86237e-011     4.18041e-013     4.80662e-012     1.95218e-010     1.83437e-010    -3.07859e-012    -2.76610e-009     8.14303e-008     2.37537e-011    -1.81479e-008    -3.34927e-009    -2.00651e-010     8.52553e-012    -4.36380e-011    -1.76217e-011     2.96588e-011     1.66400e-009     1.65480e-010    -1.15750e-010    -2.17726e-009    -2.25851e-013    -1.62259e-010    -4.84111e-011    -2.78537e-011     8.26757e-012    -2.08264e-011     1.93995e-010     2.45052e-012    -2.57630e-009    -1.27862e-011    -3.46450e-012    -1.61813e-011    -7.95864e-012    -1.65212e-011    -2.27993e-010    -6.00226e-013     1.50552e-009    -5.04515e-013     3.23367e-011     7.36676e-012    -5.66150e-012 
      r__SOL_K(1).sol________1     1.07167e-010    -1.76317e-010    -7.64339e-012     2.62689e-012    -1.44318e-009     1.18167e-010    -8.77141e-011    -9.33949e-009     1.68602e-007     6.36582e-012     5.41901e-007    -6.89235e-008     7.50695e-010    -2.69500e-010    -8.65743e-011    -1.10676e-010    -5.09555e-011     1.65480e-010     3.14984e-008     4.01639e-011     8.93789e-009     4.82194e-012    -1.35935e-009     8.16940e-011    -1.66973e-011     2.05407e-011    -1.01398e-010     1.22783e-008     2.59412e-011     4.04944e-009    -1.82060e-011     7.30979e-012    -4.55580e-012     9.63208e-011    -1.38570e-010    -1.51231e-008     1.76788e-011    -3.86441e-009    -5.29396e-011     1.05478e-011    -4.47653e-011     9.62007e-011 
     r__SOL_BD(1).sol________1     4.65281e-011    -1.77767e-010    -1.27959e-012    -1.36828e-011    -3.55227e-010    -2.79324e-010     7.34352e-013    -8.85336e-010    -5.58648e-008    -2.42001e-011    -3.71710e-008    -1.38028e-008     4.77506e-010     2.03565e-012    -4.71410e-011     1.83917e-010    -2.71232e-010    -1.15750e-010     4.01639e-011     7.40865e-009    -6.58181e-009     6.98249e-012     7.01301e-010     7.15065e-012     6.09101e-011     4.74819e-012     9.99965e-012    -1.48630e-009     3.98018e-013     1.50935e-009    -3.02780e-011    -8.28443e-011     9.95888e-012    -1.17193e-010     5.35084e-011     7.44900e-010     2.62993e-012     1.54214e-009     4.77152e-012     2.26693e-011    -1.25456e-011     1.34048e-011 
          a__GWQMN.gw________1     1.48528e-009    -9.84008e-009     2.69648e-010    -8.06319e-011    -1.04370e-008    -8.13081e-010    -1.78299e-009    -3.22834e-007     2.86542e-006     7.73800e-010    -6.76739e-006    -9.93377e-007     6.47887e-009    -4.05114e-010     8.66753e-010    -1.93720e-009     3.56560e-010    -2.17726e-009     8.93789e-009    -6.58181e-009     8.31046e-006     5.24065e-011     1.05587e-007     1.43077e-009    -6.31814e-010     1.91892e-010     2.24518e-010    -9.92929e-008     5.96723e-011     3.67997e-009     9.66633e-010     4.34885e-010    -1.52650e-010     1.29120e-009     8.20845e-009     5.85868e-008    -1.21208e-010    -3.96844e-008    -4.59888e-010     1.00225e-009     3.21663e-009    -2.68259e-009 
       a__GW_REVAP.gw________1    -3.35816e-012     1.37414e-011     2.08686e-014    -1.18233e-012     3.60699e-011    -6.47579e-011     4.50783e-014    -3.90866e-010    -5.66568e-010    -8.30562e-013    -4.82979e-009    -3.82683e-009     2.41546e-011    -6.56053e-012     7.88455e-013    -5.18838e-012     2.77254e-013    -2.25851e-013     4.82194e-012     6.98249e-012     5.24065e-011     6.50960e-011    -1.48382e-010     8.97441e-012     1.85821e-012     1.15147e-012    -3.53570e-012     5.36068e-010     9.30661e-013    -9.24263e-011    -6.90542e-012    -2.51012e-012     1.90996e-012     2.74984e-012     3.58924e-012    -3.11623e-010    -4.12994e-013    -9.76560e-011     1.67105e-013    -3.37317e-012    -3.02760e-012     7.72548e-012 
        v__REVAPMN.gw________1    -4.47797e-010    -3.85669e-009     9.63074e-011     3.15976e-010    -4.23506e-009    -2.31225e-009    -8.43592e-010     4.21037e-008     1.24458e-006    -1.99628e-010    -3.38266e-007     4.72353e-007    -4.75362e-009     7.94927e-010     9.03316e-010    -7.89706e-010    -3.79311e-010    -1.62259e-010    -1.35935e-009     7.01301e-010     1.05587e-007    -1.48382e-010     1.17964e-006    -3.23217e-010    -6.38451e-011    -1.99958e-011    -6.15482e-010    -5.90092e-008     8.15544e-011    -2.45284e-008    -8.75331e-010    -6.67868e-010    -4.75741e-011     6.34068e-010     3.12096e-010     2.15209e-008    -7.05075e-011    -4.39793e-008    -2.17914e-010     1.78776e-010     8.27604e-010     6.56543e-011 
          a__ESCO.hru________1     1.87499e-012    -5.42405e-011    -9.30216e-012     2.70016e-012    -4.52086e-010    -1.92581e-010     2.55662e-011     1.00770e-009     1.44241e-008     1.01807e-012     2.40071e-008     2.93846e-010     8.03292e-011    -1.86943e-011     3.69233e-011     1.23434e-011     5.46801e-011    -4.84111e-011     8.16940e-011     7.15065e-012     1.43077e-009     8.97441e-012    -3.23217e-010     8.64806e-010    -3.03486e-011    -2.08302e-011     8.08109e-012     1.44637e-009    -4.39305e-013     2.78114e-010    -2.87154e-011    -2.31400e-011    -2.06778e-012     4.02404e-011    -2.30967e-011    -2.09791e-010    -3.18596e-012    -3.24631e-010     4.14655e-012     8.48042e-012    -9.22877e-012     2.01624e-011 
       r__HRU_SLP.hru________1     4.85158e-012     1.28608e-010     8.29631e-013    -2.07000e-012     6.86656e-010    -8.85498e-011    -1.28794e-011    -2.81633e-010     1.80033e-008     1.02776e-012    -1.68987e-008     4.70920e-009     8.03382e-011     2.26633e-011    -4.59660e-011     1.55357e-011    -1.62284e-011    -2.78537e-011    -1.66973e-011     6.09101e-011    -6.31814e-010     1.85821e-012    -6.38451e-011    -3.03486e-011     5.98958e-010     5.74329e-012    -6.76885e-012     4.13095e-010    -5.82587e-012     7.93691e-010    -1.11092e-011    -1.47368e-011     4.18289e-012     2.09923e-012    -2.71458e-011    -2.03010e-009    -2.11050e-012     1.86222e-009     4.57097e-012    -3.86538e-012     4.70587e-012     8.02930e-012 
          r__OV_N.hru________1     1.49392e-011    -4.43397e-011    -2.14041e-012    -7.57049e-013    -4.93649e-011     5.99377e-011     6.24345e-012    -9.52257e-010    -4.76519e-008    -1.75791e-011    -7.55069e-009     2.81158e-009    -4.81626e-011    -9.48288e-014     2.01775e-011    -1.56247e-011     1.91904e-011     8.26757e-012     2.05407e-011     4.74819e-012     1.91892e-010     1.15147e-012    -1.99958e-011    -2.08302e-011     5.74329e-012     3.55482e-010    -8.47029e-013     5.49107e-013     8.18313e-013     3.98012e-010     5.71497e-012    -5.24024e-012     4.16229e-012     3.16737e-011    -2.63186e-011     1.14636e-010    -2.95280e-013     9.86198e-011    -6.19762e-012    -4.04049e-012    -1.08119e-011    -4.80628e-012 
      r__SLSUBBSN.hru________1    -1.94809e-011    -7.09494e-011    -1.97591e-012    -4.47490e-012    -2.05206e-010     1.00072e-010     1.09250e-011     3.40900e-009    -4.08207e-010     2.60029e-012    -1.44194e-009     6.01639e-009    -1.74656e-010    -1.64452e-011     5.92708e-011    -1.54019e-012    -1.24552e-011    -2.08264e-011    -1.01398e-010     9.99965e-012     2.24518e-010    -3.53570e-012    -6.15482e-010     8.08109e-012    -6.76885e-012    -8.47029e-013     5.76026e-010     2.13476e-009    -1.63600e-012     2.67984e-010    -3.05648e-012     4.98284e-012    -7.63745e-012    -3.65551e-011    -6.18455e-011    -1.23786e-009     1.10765e-012    -1.54760e-010    -1.46740e-011    -9.54655e-013     8.43810e-012     5.03093e-012 
        a__GWQMN.gw________3-6    -3.18598e-010     2.51877e-008     9.09036e-011    -9.14770e-010    -2.41429e-008    -8.97609e-009    -3.25233e-010     3.59639e-007     4.56645e-006    -6.78579e-012    -1.79324e-006     2.10070e-007    -2.79413e-009     8.41719e-010    -4.19974e-009     6.23138e-009     2.06148e-009     1.93995e-010     1.22783e-008    -1.48630e-009    -9.92929e-008     5.36068e-010    -5.90092e-008     1.44637e-009     4.13095e-010     5.49107e-013     2.13476e-009     8.00320e-006     3.62521e-010    -5.09410e-008    -3.26904e-009     1.21179e-009    -2.70380e-011    -2.55239e-010    -3.25553e-009     3.02310e-007    -4.30128e-011    -1.38164e-007     3.20815e-009    -7.73697e-010    -1.42014e-009    -3.41764e-009 
     a__GW_REVAP.gw________3-6    -3.28264e-012    -2.98159e-011    -5.03351e-013     3.85665e-013    -1.15549e-010    -5.88350e-012     2.49186e-012    -7.11956e-010     4.02911e-009    -9.32490e-013     1.49750e-008     2.30948e-009    -1.25982e-012     2.26160e-013     2.67873e-012    -2.23913e-012     1.32140e-011     2.45052e-012     2.59412e-011     3.98018e-013     5.96723e-011     9.30661e-013     8.15544e-011    -4.39305e-013    -5.82587e-012     8.18313e-013    -1.63600e-012     3.62521e-010     6.38583e-011    -1.33747e-010     2.98148e-012    -1.58881e-012     1.01336e-012    -1.60870e-012    -7.04133e-012    -1.79917e-010    -5.63293e-013     3.04302e-010    -2.78360e-012     2.32001e-012     2.30628e-012     5.18299e-012 
      v__REVAPMN.gw________3-6    -1.91397e-010    -5.62543e-010     3.11933e-011     5.75988e-010     2.50257e-009     2.57190e-009     1.45924e-009    -2.84906e-008     3.41853e-006    -2.26703e-010     9.16298e-007     6.11469e-007     2.31067e-009     3.04936e-010     9.18854e-009    -4.76493e-010     8.51930e-010    -2.57630e-009     4.04944e-009     1.50935e-009     3.67997e-009    -9.24263e-011    -2.45284e-008     2.78114e-010     7.93691e-010     3.98012e-010     2.67984e-010    -5.09410e-008    -1.33747e-010     1.86347e-006     1.52042e-009    -8.27615e-010     7.62867e-011     1.48503e-009     1.68842e-009     5.78183e-008    -1.52578e-011     2.23474e-009     5.46677e-010     1.43637e-010     2.22220e-010    -1.93349e-009 
        a__ESCO.hru________3-6    -1.09138e-011     5.87589e-011     9.15175e-013     1.75604e-012    -2.44076e-010     2.31370e-011     9.61790e-012    -3.22921e-009     2.70891e-008    -7.39941e-012     1.57943e-008     6.50612e-009    -9.23892e-011     2.92216e-013     4.55112e-011    -3.91032e-011    -2.87531e-011    -1.27862e-011    -1.82060e-011    -3.02780e-011     9.66633e-010    -6.90542e-012    -8.75331e-010    -2.87154e-011    -1.11092e-011     5.71497e-012    -3.05648e-012    -3.26904e-009     2.98148e-012     1.52042e-009     9.34749e-010     1.51591e-011    -5.91576e-012    -2.78794e-011    -8.20489e-011     2.73167e-009     7.30709e-012     1.47974e-009    -1.16836e-011     1.67900e-011    -1.06525e-011    -1.14164e-011 
     r__HRU_SLP.hru________3-6     4.39036e-012     4.09851e-010     4.51627e-012    -7.77781e-013    -5.61654e-011     1.09592e-010    -9.55622e-012    -1.16068e-009     9.46894e-008     2.89780e-012     1.24382e-008     6.70176e-009     8.72867e-011    -2.28561e-012     3.92764e-012    -3.58729e-011    -5.67412e-011    -3.46450e-012     7.30979e-012    -8.28443e-011     4.34885e-010    -2.51012e-012    -6.67868e-010    -2.31400e-011    -1.47368e-011    -5.24024e-012     4.98284e-012     1.21179e-009    -1.58881e-012    -8.27615e-010     1.51591e-011     1.48666e-009    -9.32076e-012     8.91375e-012    -3.22373e-011    -2.75123e-009     1.65932e-012    -6.07639e-010    -4.36357e-012    -1.89375e-011     2.47008e-011     1.36838e-011 
        r__OV_N.hru________3-6     1.16267e-011     6.46187e-011     1.67154e-013    -2.12034e-013    -5.60673e-011     1.69069e-011    -3.21193e-013    -4.14884e-010    -8.63267e-009     2.07040e-012     2.49852e-009    -8.29872e-010     2.54250e-010     1.43446e-011     3.54935e-012     2.38748e-011     1.07766e-011    -1.61813e-011    -4.55580e-012     9.95888e-012    -1.52650e-010     1.90996e-012    -4.75741e-011    -2.06778e-012     4.18289e-012     4.16229e-012    -7.63745e-012    -2.70380e-011     1.01336e-012     7.62867e-011    -5.91576e-012    -9.32076e-012     3.73502e-010    -1.22351e-011    -6.11896e-011     2.40707e-009    -3.89186e-012     4.57123e-010    -1.79212e-013    -5.79887e-012    -2.87470e-012     1.01084e-011 
    r__SLSUBBSN.hru________3-6    -1.86987e-011    -1.52761e-010     4.63103e-012    -5.51565e-012     1.21767e-009    -3.44561e-011    -2.93844e-011     8.24977e-011     2.40169e-008    -6.24623e-013     2.39116e-008     1.44688e-009     1.92639e-010     5.09271e-011     5.77624e-011     2.88334e-012     7.11976e-012    -7.95864e-012     9.63208e-011    -1.17193e-010     1.29120e-009     2.74984e-012     6.34068e-010     4.02404e-011     2.09923e-012     3.16737e-011    -3.65551e-011    -2.55239e-010    -1.60870e-012     1.48503e-009    -2.78794e-011     8.91375e-012    -1.22351e-011     1.72980e-009     3.58977e-014    -1.59694e-009     3.58214e-012     3.80671e-010     1.46172e-011     1.28631e-011    -2.86394e-011    -1.55418e-011 
r__CN2.mgt________7,12,15,16-20     1.22115e-010    -2.04774e-011    -5.08479e-012     1.11832e-011     5.74813e-010     2.33379e-010     2.52109e-011     6.27734e-009     4.72603e-008    -1.67107e-011     5.18336e-008    -6.21591e-008    -8.12938e-010     2.86394e-011     3.82172e-011     2.90275e-011     5.02168e-011    -1.65212e-011    -1.38570e-010     5.35084e-011     8.20845e-009     3.58924e-012     3.12096e-010    -2.30967e-011    -2.71458e-011    -2.63186e-011    -6.18455e-011    -3.25553e-009    -7.04133e-012     1.68842e-009    -8.20489e-011    -3.22373e-011    -6.11896e-011     3.58977e-014     6.47437e-009    -4.84156e-009    -8.00626e-012     2.63598e-009     3.71448e-011     2.23985e-011     8.38397e-011    -4.75518e-011 
a__GWQMN.gw________7,12,15,16-20    -2.86723e-009     5.28330e-009     7.44104e-011    -8.76490e-010    -4.53825e-009     8.35629e-009     4.54835e-009     1.86993e-007     1.42541e-005    -9.43492e-010     4.58682e-006    -1.74202e-006    -4.03845e-009    -8.26652e-010    -4.84869e-009     1.51077e-009    -4.62419e-010    -2.27993e-010    -1.51231e-008     7.44900e-010     5.85868e-008    -3.11623e-010     2.15209e-008    -2.09791e-010    -2.03010e-009     1.14636e-010    -1.23786e-009     3.02310e-007    -1.79917e-010     5.78183e-008     2.73167e-009    -2.75123e-009     2.40707e-009    -1.59694e-009    -4.84156e-009     1.41722e-005    -4.30023e-010     7.45146e-010    -9.43554e-010    -3.43385e-010    -3.13818e-009    -4.40574e-009 
a__GW_REVAP.gw________7,12,15,16-20     6.72807e-012     1.11499e-012    -6.09426e-013     7.48651e-013    -8.60982e-012    -1.23110e-011    -3.57276e-012    -2.18605e-010    -5.77311e-009     1.18942e-012    -4.26271e-009     1.11231e-009    -1.64819e-011    -8.68363e-012    -1.11503e-011    -5.77839e-012     6.50281e-012    -6.00226e-013     1.76788e-011     2.62993e-012    -1.21208e-010    -4.12994e-013    -7.05075e-011    -3.18596e-012    -2.11050e-012    -2.95280e-013     1.10765e-012    -4.30128e-011    -5.63293e-013    -1.52578e-011     7.30709e-012     1.65932e-012    -3.89186e-012     3.58214e-012    -8.00626e-012    -4.30023e-010     2.80448e-011     4.88316e-011     4.25183e-013    -2.02094e-012    -1.40712e-012    -4.34269e-012 
v__REVAPMN.gw________7,12,15,16-20     3.91439e-010    -1.25346e-009    -2.61741e-010    -7.86245e-011     2.83869e-008    -3.01265e-009     2.09067e-010    -1.36907e-007    -4.14044e-007     3.80783e-010    -9.00315e-007    -2.86503e-007    -2.07291e-009     7.95708e-010    -2.54329e-009     2.80948e-010    -2.74455e-010     1.50552e-009    -3.86441e-009     1.54214e-009    -3.96844e-008    -9.76560e-011    -4.39793e-008    -3.24631e-010     1.86222e-009     9.86198e-011    -1.54760e-010    -1.38164e-007     3.04302e-010     2.23474e-009     1.47974e-009    -6.07639e-010     4.57123e-010     3.80671e-010     2.63598e-009     7.45146e-010     4.88316e-011     3.10667e-006    -4.74975e-010     5.67870e-010     1.31158e-010     4.87128e-010 
a__ESCO.hru________7,12,15,16-20     9.65605e-012    -2.35317e-011     1.30576e-012     1.58883e-012    -8.04961e-010    -1.68125e-012    -4.69059e-012     6.28790e-010     3.54136e-008    -1.24572e-012     1.00045e-008     3.14733e-009    -2.28465e-010    -1.92618e-011     1.12391e-010    -8.07174e-012     1.55480e-011    -5.04515e-013    -5.29396e-011     4.77152e-012    -4.59888e-010     1.67105e-013    -2.17914e-010     4.14655e-012     4.57097e-012    -6.19762e-012    -1.46740e-011     3.20815e-009    -2.78360e-012     5.46677e-010    -1.16836e-011    -4.36357e-012    -1.79212e-013     1.46172e-011     3.71448e-011    -9.43554e-010     4.25183e-013    -4.74975e-010     8.78610e-010    -1.46528e-011    -2.09759e-011    -2.24405e-011 
r__HRU_SLP.hru________7,12,15,16-20     4.23120e-012     6.66201e-011     1.43303e-012    -4.83432e-013    -2.46420e-011    -8.08621e-012    -1.51353e-011     2.99001e-009    -2.78640e-008    -9.71863e-012     1.20254e-008    -7.74015e-009    -8.46695e-011    -8.55400e-012     4.98397e-011     2.00382e-011     4.16981e-012     3.23367e-011     1.05478e-011     2.26693e-011     1.00225e-009    -3.37317e-012     1.78776e-010     8.48042e-012    -3.86538e-012    -4.04049e-012    -9.54655e-013    -7.73697e-010     2.32001e-012     1.43637e-010     1.67900e-011    -1.89375e-011    -5.79887e-012     1.28631e-011     2.23985e-011    -3.43385e-010    -2.02094e-012     5.67870e-010    -1.46528e-011     4.29109e-010     7.13278e-012    -5.32952e-012 
r__OV_N.hru________7,12,15,16-20     1.87028e-011    -2.25377e-011     4.41720e-012     1.71893e-012    -1.69945e-010     1.77674e-011     5.56075e-012     3.69069e-009    -2.42721e-008     7.37665e-012    -1.21362e-008     5.14341e-009     5.23708e-011    -5.68740e-012    -1.76900e-011    -5.19128e-012     5.62282e-012     7.36676e-012    -4.47653e-011    -1.25456e-011     3.21663e-009    -3.02760e-012     8.27604e-010    -9.22877e-012     4.70587e-012    -1.08119e-011     8.43810e-012    -1.42014e-009     2.30628e-012     2.22220e-010    -1.06525e-011     2.47008e-011    -2.87470e-012    -2.86394e-011     8.38397e-011    -3.13818e-009    -1.40712e-012     1.31158e-010    -2.09759e-011     7.13278e-012     8.80744e-010     8.81996e-012 
r__SLSUBBSN.hru________7,12,15,16-20    -3.21107e-011    -9.89518e-011     1.37140e-014    -1.04023e-011     8.11534e-010     1.03302e-010    -1.23629e-011    -1.61824e-009    -1.93992e-008     1.38192e-011     6.06945e-008     3.90807e-008     1.34757e-010     2.23766e-013    -1.58681e-011     8.10435e-012    -4.54234e-011    -5.66150e-012     9.62007e-011     1.34048e-011    -2.68259e-009     7.72548e-012     6.56543e-011     2.01624e-011     8.02930e-012    -4.80628e-012     5.03093e-012    -3.41764e-009     5.18299e-012    -1.93349e-009    -1.14164e-011     1.36838e-011     1.01084e-011    -1.55418e-011    -4.75518e-011    -4.40574e-009    -4.34269e-012     4.87128e-010    -2.24405e-011    -5.32952e-012     8.81996e-012     1.63805e-009 

---------------------- correlation matrix -----------------

                                   r__CN2.mgt                    v__ESCO.hru                 v__HRU_SLP.hru                    v__OV_N.hru                v__SLSUBBSN.hru                 v__ALPHA_BF.gw                   v__CH_N2.rte                   v__CH_K2.rte                    a__GWQMN.gw                 a__GW_REVAP.gw                  v__REVAPMN.gw                 v__GW_DELAY.gw                    v__GWQMN.gw                 v__GW_REVAP.gw               v__ALPHA_BNK.rte r__AUTO_EFF{[],11,AUTO_NSTRS=0.6}.mgt            r__CN2.mgt________1     r__SOL_AWC(1).sol________1       r__SOL_K(1).sol________1      r__SOL_BD(1).sol________1           a__GWQMN.gw________1        a__GW_REVAP.gw________1         v__REVAPMN.gw________1           a__ESCO.hru________1        r__HRU_SLP.hru________1           r__OV_N.hru________1       r__SLSUBBSN.hru________1         a__GWQMN.gw________3-6      a__GW_REVAP.gw________3-6       v__REVAPMN.gw________3-6         a__ESCO.hru________3-6      r__HRU_SLP.hru________3-6         r__OV_N.hru________3-6     r__SLSUBBSN.hru________3-6 r__CN2.mgt________7,12,15,16-20 a__GWQMN.gw________7,12,15,16-20 a__GW_REVAP.gw________7,12,15,16-20 v__REVAPMN.gw________7,12,15,16-20 a__ESCO.hru________7,12,15,16-20 r__HRU_SLP.hru________7,12,15,16-20 r__OV_N.hru________7,12,15,16-20 r__SLSUBBSN.hru________7,12,15,16-20 
                    r__CN2.mgt     1.00000e+000 
                   v__ESCO.hru    -3.42089e-003     1.00000e+000 
                v__HRU_SLP.hru    -1.30880e-002    -1.47388e-002     1.00000e+000 
                   v__OV_N.hru     7.74784e-003     1.83049e-003    -6.90729e-003     1.00000e+000 
               v__SLSUBBSN.hru    -2.43097e-002     6.98643e-003    -2.46228e-002     2.11623e-002     1.00000e+000 
                v__ALPHA_BF.gw     1.57687e-003     1.24538e-002     2.72747e-002    -4.39031e-003     3.03821e-002     1.00000e+000 
                  v__CH_N2.rte    -5.97973e-003    -2.84688e-002     5.76745e-003     3.94886e-002    -1.12231e-002     2.38491e-004     1.00000e+000 
                  v__CH_K2.rte    -1.00883e-002    -1.46109e-002    -1.87909e-003    -5.77930e-002     9.45941e-003     2.36433e-003     1.44214e-002     1.00000e+000 
                   a__GWQMN.gw    -1.10460e-002     1.52815e-002     1.15700e-002     8.85613e-003    -2.11250e-003     1.93140e-002     3.61955e-003     1.87869e-002     1.00000e+000 
                a__GW_REVAP.gw     1.00069e-002     1.27435e-002    -1.59928e-002     4.21900e-003    -2.38348e-002    -5.89451e-003    -2.48553e-002     5.43769e-003    -1.30277e-002     1.00000e+000 
                 v__REVAPMN.gw     4.38637e-003    -5.58545e-003     7.17802e-003     1.34603e-003    -3.05838e-002    -3.08112e-003    -3.57215e-003     1.91729e-002     5.93957e-003     3.64602e-003     1.00000e+000 
                v__GW_DELAY.gw     1.96419e-002     2.76487e-002    -2.03167e-003     4.76779e-003    -1.83810e-002     1.21848e-002    -2.96296e-002     1.33814e-002    -6.69545e-003    -4.95039e-003     8.26828e-003     1.00000e+000 
                   v__GWQMN.gw    -2.40780e-004     1.05445e-002     3.82833e-003    -1.66486e-002    -9.33708e-003     4.65473e-003    -4.18396e-003     8.13229e-003    -3.43050e-002     2.12270e-002    -5.57559e-004     3.11068e-003     1.00000e+000 
                v__GW_REVAP.gw    -3.57962e-003     2.23824e-002    -2.71230e-003     7.55484e-003     6.31067e-003     1.10462e-004    -1.09048e-002     3.86209e-003    -3.42093e-004     4.74531e-003    -3.33881e-003     2.05434e-002    -2.64831e-004     1.00000e+000 
              v__ALPHA_BNK.rte     1.33542e-002     1.55946e-003     8.31214e-003    -4.33536e-002    -6.91659e-003     1.88943e-003    -3.61217e-002     8.46339e-003    -1.95484e-002     1.22785e-002     1.36382e-002    -6.86838e-003     1.22194e-002    -5.26734e-004     1.00000e+000 
r__AUTO_EFF{[],11,AUTO_NSTRS=0.6}.mgt     2.04496e-003    -1.57702e-002    -6.43387e-003    -1.02537e-002    -3.61785e-003    -2.42027e-002    -5.22451e-002     1.57039e-002     1.07511e-002     1.77696e-002     6.15320e-003    -1.77987e-002    -7.60747e-003    -2.84508e-002     1.28035e-002     1.00000e+000 
           r__CN2.mgt________1     4.65361e-003    -4.14229e-004    -3.35456e-003    -1.01287e-002     1.04593e-002    -1.44984e-002    -1.77306e-002    -7.64294e-003     3.25648e-002    -2.75101e-002     9.20661e-003     2.60643e-002    -8.61874e-003    -2.88591e-002    -5.63540e-003     5.43536e-003     1.00000e+000 
    r__SOL_AWC(1).sol________1    -1.33547e-003    -3.48073e-003     1.27804e-003     1.05469e-002     5.50380e-003     1.97091e-002    -1.80618e-003    -1.10528e-002     2.04681e-002     2.96821e-002    -7.58569e-003    -3.69903e-003    -1.45329e-002     6.20164e-003    -8.08491e-003    -9.51327e-003     1.23491e-002     1.00000e+000 
      r__SOL_K(1).sol________1     1.50944e-002    -4.92799e-003    -5.37086e-003     1.32482e-003    -9.35179e-003     2.91815e-003    -1.18280e-002    -8.57752e-003     9.74061e-003     1.82830e-003     5.20621e-002    -1.74960e-002     1.24971e-002    -4.50584e-002    -3.68664e-003    -1.37330e-002    -4.87648e-003     2.28573e-002     1.00000e+000 
     r__SOL_BD(1).sol________1     1.35128e-002    -1.02448e-002    -1.85397e-003    -1.42287e-002    -4.74631e-003    -1.42231e-002     2.04183e-004    -1.67657e-003    -6.65483e-003    -1.43313e-002    -7.36345e-003    -7.22459e-003     1.63907e-002     7.01771e-004    -4.13919e-003     4.70554e-002    -5.35219e-002    -3.29666e-002     2.62919e-003     1.00000e+000 
          a__GWQMN.gw________1     1.28794e-002    -1.69319e-002     1.16651e-002    -2.50354e-003    -4.16373e-003    -1.23617e-003    -1.48020e-002    -1.82536e-002     1.01916e-002     1.36822e-002    -4.00271e-002    -1.55245e-002     6.64011e-003    -4.16991e-003     2.27232e-003    -1.47985e-002     2.10077e-003    -1.85149e-002     1.74694e-002    -2.65255e-002     1.00000e+000 
       a__GW_REVAP.gw________1    -1.04046e-002     8.44840e-003     3.22566e-004    -1.31166e-002     5.14148e-003    -3.51781e-002     1.33714e-004    -7.89649e-003    -7.20019e-004    -5.24727e-003    -1.02070e-002    -2.13686e-002     8.84529e-003    -2.41281e-002     7.38561e-004    -1.41616e-002     5.83660e-004    -6.86230e-004     3.36744e-003     1.00546e-002     2.25318e-003     1.00000e+000 
        v__REVAPMN.gw________1    -1.03064e-002    -1.76141e-002     1.10583e-002     2.60399e-002    -4.48440e-003    -9.33075e-003    -1.85884e-002     6.31871e-003     1.17494e-002    -9.36883e-003    -5.31043e-003     1.95933e-002    -1.29312e-002     2.17177e-002     6.28566e-003    -1.60121e-002    -5.93171e-003    -3.66232e-003    -7.05202e-003     7.50171e-003     3.37226e-002    -1.69328e-002     1.00000e+000 
          a__ESCO.hru________1     1.59382e-003    -9.14923e-003    -3.94482e-002     8.21844e-003    -1.76800e-002    -2.87018e-002     2.08061e-002     5.58540e-003     5.02918e-003     1.76465e-003     1.39196e-002     4.50169e-004     8.07055e-003    -1.88630e-002     9.48916e-003     9.24342e-003     3.15813e-002    -4.03561e-002     1.56526e-002     2.82499e-003     1.68771e-002     3.78242e-002    -1.01195e-002     1.00000e+000 
       r__HRU_SLP.hru________1     4.95546e-003     2.60670e-002     4.22756e-003    -7.57062e-003     3.22672e-002    -1.58579e-002    -1.25946e-002    -1.87572e-003     7.54261e-003     2.14059e-003    -1.17734e-002     8.66889e-003     9.69868e-003     2.74781e-002    -1.41947e-002     1.39794e-002    -1.12626e-002    -2.79003e-002    -3.84417e-003     2.89149e-002    -8.95527e-003     9.41068e-003    -2.40190e-003    -4.21678e-002     1.00000e+000 
          r__OV_N.hru________1     1.98069e-002    -1.16655e-002    -1.41576e-002    -3.59397e-003    -3.01113e-003     1.39331e-002     7.92503e-003    -8.23243e-003    -2.59143e-002    -4.75256e-002    -6.82847e-003     6.71825e-003    -7.54727e-003    -1.49243e-004     8.08806e-003    -1.82499e-002     1.72876e-002     1.07496e-002     6.13850e-003     2.92584e-003     3.53050e-003     7.56948e-003    -9.76459e-004    -3.75686e-002     1.24467e-002     1.00000e+000 
      r__SLSUBBSN.hru________1    -2.02902e-002    -1.46639e-002    -1.02671e-002    -1.66887e-002    -9.83308e-003     1.82746e-002     1.08939e-002     2.31520e-002    -1.74393e-004     5.52255e-003    -1.02440e-003     1.12935e-002    -2.15007e-002    -2.03320e-002     1.86641e-002    -1.41322e-003    -8.81436e-003    -2.12724e-002    -2.38049e-002     4.84054e-003     3.24502e-003    -1.82590e-002    -2.36113e-002     1.14496e-002    -1.15238e-002    -1.87184e-003     1.00000e+000 
        a__GWQMN.gw________3-6    -2.81521e-003     4.41650e-002     4.00730e-003    -2.89428e-002    -9.81470e-003    -1.39063e-002    -2.75136e-003     2.07213e-002     1.65507e-002    -1.22266e-004    -1.08082e-002     3.34539e-003    -2.91812e-003     8.82871e-003    -1.12196e-002     4.85076e-002     1.23767e-002     1.68106e-003     2.44547e-002    -6.10386e-003    -1.21751e-002     2.34861e-002    -1.92049e-002     1.73855e-002     5.96651e-003     1.02948e-005     3.14410e-002     1.00000e+000 
     a__GW_REVAP.gw________3-6    -1.02687e-002    -1.85080e-002    -7.85533e-003     4.31977e-003    -1.66294e-002    -3.22689e-003     7.46278e-003    -1.45220e-002     5.16974e-003    -5.94804e-003     3.19525e-002     1.30203e-002    -4.65789e-004     8.39788e-004     2.53342e-003    -6.17060e-003     2.80857e-002     7.51750e-003     1.82910e-002     5.78662e-004     2.59031e-003     1.44346e-002     9.39646e-003    -1.86938e-003    -2.97889e-002     5.43127e-003    -8.53010e-003     1.60359e-002     1.00000e+000 
      v__REVAPMN.gw________3-6    -3.50488e-003    -2.04416e-003     2.84973e-003     3.77669e-002     2.10836e-003     8.25751e-003     2.55830e-002    -3.40192e-003     2.56771e-002    -8.46515e-003     1.14452e-002     2.01803e-002     5.00110e-003     6.62841e-003     5.08712e-002    -7.68693e-003     1.05999e-002    -4.62657e-002     1.67143e-002     1.28458e-002     9.35128e-004    -8.39185e-003    -1.65437e-002     6.92791e-003     2.37571e-002     1.54641e-002     8.17951e-003    -1.31909e-002    -1.22607e-002     1.00000e+000 
        a__ESCO.hru________3-6    -8.92339e-003     9.53338e-003     3.73301e-003     5.14098e-003    -9.18117e-003     3.31677e-003     7.52867e-003    -1.72160e-002     9.08482e-003    -1.23364e-002     8.80847e-003     9.58715e-003    -8.92817e-003     2.83607e-004     1.12501e-002    -2.81658e-002    -1.59734e-002    -1.02522e-002    -3.35523e-003    -1.15056e-002     1.09673e-002    -2.79941e-002    -2.63603e-002    -3.19380e-002    -1.48469e-002     9.91419e-003    -4.16537e-003    -3.77956e-002     1.22033e-002     3.64295e-002     1.00000e+000 
     r__HRU_SLP.hru________3-6     2.84639e-003     5.27280e-002     1.46075e-002    -1.80556e-003    -1.67526e-003     1.24575e-002    -5.93152e-003    -4.90671e-003     2.51805e-002     3.83090e-003     5.50043e-003     7.83065e-003     6.68854e-003    -1.75897e-003     7.69862e-004    -2.04889e-002    -2.49950e-002    -2.20272e-003     1.06821e-003    -2.49625e-002     3.91251e-003    -8.06885e-003    -1.59482e-002    -2.04079e-002    -1.56170e-002    -7.20837e-003     5.38456e-003     1.11094e-002    -5.15653e-003    -1.57239e-002     1.28594e-002     1.00000e+000 
        r__OV_N.hru________3-6     1.50387e-002     1.65857e-002     1.07863e-003    -9.82016e-004    -3.33644e-003     3.83418e-003    -3.97745e-004    -3.49915e-003    -4.58002e-003     5.46068e-003     2.20436e-003    -1.93455e-003     3.88690e-002     2.20244e-002     1.38800e-003     2.72052e-002     9.47094e-003    -2.05253e-002    -1.32823e-003     5.98680e-003    -2.73993e-003     1.22490e-002    -2.26646e-003    -3.63830e-003     8.84365e-003     1.14229e-002    -1.64657e-002    -4.94534e-004     6.56159e-003     2.89162e-003    -1.00119e-002    -1.25083e-002     1.00000e+000 
    r__SLSUBBSN.hru________3-6    -1.12386e-002    -1.82195e-002     1.38862e-002    -1.18702e-002     3.36708e-002    -3.63098e-003    -1.69085e-002     3.23316e-004     5.92090e-003    -7.65524e-004     9.80297e-003     1.56730e-003     1.36847e-002     3.63340e-002     1.04962e-002     1.52671e-003     2.90755e-003    -4.69099e-003     1.30490e-002    -3.27368e-002     1.07692e-002     8.19470e-003     1.40366e-002     3.29007e-002     2.06236e-003     4.03917e-002    -3.66209e-002    -2.16929e-003    -4.84026e-003     2.61563e-002    -2.19249e-002     5.55850e-003    -1.52217e-002     1.00000e+000 
r__CN2.mgt________7,12,15,16-20     3.79375e-002    -1.26240e-003    -7.88091e-003     1.24402e-002     8.21577e-003     1.27121e-002     7.49850e-003     1.27163e-002     6.02236e-003    -1.05861e-002     1.09839e-002    -3.48033e-002    -2.98502e-002     1.05615e-002     3.58960e-003     7.94452e-003     1.06001e-002    -5.03346e-003    -9.70345e-003     7.72598e-003     3.53875e-002     5.52875e-003     3.57120e-003    -9.76094e-003    -1.37850e-002    -1.73482e-002    -3.20249e-002    -1.43018e-002    -1.09508e-002     1.53717e-002    -3.33523e-002    -1.03909e-002    -3.93489e-002     1.07268e-005     1.00000e+000 
a__GWQMN.gw________7,12,15,16-20    -1.90390e-002     6.96156e-003     2.46500e-003    -2.08395e-002    -1.38640e-003     9.72861e-003     2.89148e-002     8.09637e-003     3.88230e-002    -1.27749e-002     2.07749e-002    -2.08473e-002    -3.16945e-003    -6.51577e-003    -9.73401e-003     8.83767e-003    -2.08630e-003    -1.48466e-003    -2.26348e-002     2.29885e-003     5.39844e-003    -1.02597e-002     5.26341e-003    -1.89500e-003    -2.20344e-002     1.61508e-003    -1.37004e-002     2.83858e-002    -5.98060e-003     1.12509e-002     2.37335e-002    -1.89541e-002     3.30844e-002    -1.01993e-002    -1.59833e-002     1.00000e+000 
a__GW_REVAP.gw________7,12,15,16-20     3.17588e-002     1.04439e-003    -1.43515e-002     1.26536e-002    -1.86977e-003    -1.01888e-002    -1.61460e-002    -6.72848e-003    -1.11777e-002     1.14485e-002    -1.37248e-002     9.46270e-003    -9.19541e-003    -4.86561e-002    -1.59128e-002    -2.40292e-002     2.08562e-002    -2.77851e-003     1.88097e-002     5.76964e-003    -7.93953e-003    -9.66586e-003    -1.22584e-002    -2.04576e-002    -1.62840e-002    -2.95733e-003     8.71474e-003    -2.87105e-003    -1.33107e-002    -2.11059e-003     4.51306e-002     8.12642e-003    -3.80264e-002     1.62637e-002    -1.87891e-002    -2.15699e-002     1.00000e+000 
v__REVAPMN.gw________7,12,15,16-20     5.55156e-003    -3.52762e-003    -1.85194e-002    -3.99273e-003     1.85221e-002    -7.49130e-003     2.83872e-003    -1.26608e-002    -2.40861e-003     1.10120e-002    -8.70949e-003    -7.32312e-003    -3.47474e-003     1.33958e-002    -1.09052e-002     3.51023e-003    -2.64474e-003     2.09393e-002    -1.23535e-002     1.01650e-002    -7.81015e-003    -6.86711e-003    -2.29734e-002    -6.26302e-003     4.31703e-002     2.96762e-003    -3.65838e-003    -2.77086e-002     2.16047e-002     9.28791e-004     2.74594e-002    -8.94114e-003     1.34196e-002     5.19284e-003     1.85864e-002     1.12299e-004     5.23152e-003     1.00000e+000 
a__ESCO.hru________7,12,15,16-20     8.14331e-003    -3.93800e-003     5.49372e-003     4.79777e-003    -3.12318e-002    -2.48594e-004    -3.78717e-003     3.45772e-003     1.22501e-002    -2.14220e-003     5.75496e-003     4.78365e-003    -2.27725e-002    -1.92824e-002     2.86564e-002    -5.99690e-003     8.90914e-003    -4.17253e-004    -1.00632e-002     1.87020e-003    -5.38196e-003     6.98738e-004    -6.76880e-003     4.75695e-003     6.30104e-003    -1.10897e-002    -2.06266e-002     3.82582e-002    -1.17517e-002     1.35105e-002    -1.28923e-002    -3.81802e-003    -3.12840e-004     1.18568e-002     1.55740e-002    -8.45571e-003     2.70865e-003    -9.09128e-003     1.00000e+000 
r__HRU_SLP.hru________7,12,15,16-20     5.10598e-003     1.59530e-002     8.62730e-003    -2.08887e-003    -1.36808e-003    -1.71087e-003    -1.74861e-002     2.35272e-002    -1.37920e-002    -2.39144e-002     9.89829e-003    -1.68337e-002    -1.20762e-002    -1.22531e-002     1.81835e-002     2.13025e-002     3.41895e-003     3.82680e-002     2.86903e-003     1.27141e-002     1.67833e-002    -2.01826e-002     7.94605e-003     1.39211e-002    -7.62449e-003    -1.03453e-002    -1.92018e-003    -1.32025e-002     1.40151e-002     5.07949e-003     2.65106e-002    -2.37101e-002    -1.44848e-002     1.49302e-002     1.34380e-002    -4.40330e-003    -1.84223e-002     1.55531e-002    -2.38638e-002     1.00000e+000 
r__OV_N.hru________7,12,15,16-20     1.57536e-002    -3.76708e-003     1.85620e-002     5.18434e-003    -6.58571e-003     2.62395e-003     4.48429e-003     2.02705e-002    -8.38591e-003     1.26699e-002    -6.97276e-003     7.80803e-003     5.21378e-003    -5.68657e-003    -4.50495e-003    -3.85219e-003     3.21802e-003     6.08520e-003    -8.49909e-003    -4.91132e-003     3.75979e-002    -1.26443e-002     2.56757e-002    -1.05745e-002     6.47913e-003    -1.93227e-002     1.18467e-002    -1.69151e-002     9.72474e-003     5.48527e-003    -1.17404e-002     2.15865e-002    -5.01212e-003    -2.32029e-002     3.51096e-002    -2.80889e-002    -8.95325e-003     2.50740e-003    -2.38450e-002     1.16025e-002     1.00000e+000 
r__SLSUBBSN.hru________7,12,15,16-20    -1.98329e-002    -1.21278e-002     4.22576e-005    -2.30051e-002     2.30602e-002     1.11867e-002    -7.31042e-003    -6.51723e-003    -4.91461e-003     1.74043e-002     2.55701e-002     4.35024e-002     9.83733e-003     1.64056e-004    -2.96312e-003     4.40973e-003    -1.90623e-002    -3.42919e-003     1.33928e-002     3.84793e-003    -2.29920e-002     2.36584e-002     1.49357e-003     1.69402e-002     8.10618e-003    -6.29849e-003     5.17921e-003    -2.98491e-002     1.60254e-002    -3.49959e-002    -9.22613e-003     8.76878e-003     1.29232e-002    -9.23295e-003    -1.46017e-002    -2.89159e-002    -2.02614e-002     6.82861e-003    -1.87055e-002    -6.35683e-003     7.34308e-003     1.00000e+000 

---------------------- confidence limits ---------------
1                      r__CN2.mgt    0.000080
2                     v__ESCO.hru    0.000403
3                  v__HRU_SLP.hru    0.000016
4                     v__OV_N.hru    0.000022
5                 v__SLSUBBSN.hru    0.001739
6                  v__ALPHA_BF.gw    0.000456
7                    v__CH_N2.rte    0.000084
8                    v__CH_K2.rte    0.012270
9                     a__GWQMN.gw    0.195057
10                  a__GW_REVAP.gw    0.000039
11                   v__REVAPMN.gw    0.117296
12                  v__GW_DELAY.gw    0.044393
13                     v__GWQMN.gw    0.000677
14                  v__GW_REVAP.gw    0.000067
15                v__ALPHA_BNK.rte    0.000265
16  r__AUTO_EFF{[],11,AUTO_NSTRS=0.6}.mgt    0.000091
17             r__CN2.mgt________1    0.000118
18      r__SOL_AWC(1).sol________1    0.000082
19        r__SOL_K(1).sol________1    0.000355
20       r__SOL_BD(1).sol________1    0.000172
21            a__GWQMN.gw________1    0.005766
22         a__GW_REVAP.gw________1    0.000016
23          v__REVAPMN.gw________1    0.002172
24            a__ESCO.hru________1    0.000059
25         r__HRU_SLP.hru________1    0.000049
26            r__OV_N.hru________1    0.000038
27        r__SLSUBBSN.hru________1    0.000048
28          a__GWQMN.gw________3-6    0.005658
29       a__GW_REVAP.gw________3-6    0.000016
30        v__REVAPMN.gw________3-6    0.002730
31          a__ESCO.hru________3-6    0.000061
32       r__HRU_SLP.hru________3-6    0.000077
33          r__OV_N.hru________3-6    0.000039
34      r__SLSUBBSN.hru________3-6    0.000083
35  r__CN2.mgt________7,12,15,16-20    0.000161
36  a__GWQMN.gw________7,12,15,16-20    0.007529
37  a__GW_REVAP.gw________7,12,15,16-20    0.000011
38  v__REVAPMN.gw________7,12,15,16-20    0.003525
39  a__ESCO.hru________7,12,15,16-20    0.000059
40  r__HRU_SLP.hru________7,12,15,16-20    0.000041
41  r__OV_N.hru________7,12,15,16-20    0.000059
42  r__SLSUBBSN.hru________7,12,15,16-20    0.000081

------------------ reading par_inf.txt-------
number of parameters=   42
number of simulation=   200

1  r__CN2.mgt                    
2  v__ESCO.hru                   
3  v__HRU_SLP.hru                
4  v__OV_N.hru                   
5  v__SLSUBBSN.hru               
6  v__ALPHA_BF.gw                
7  v__CH_N2.rte                  
8  v__CH_K2.rte                  
9  a__GWQMN.gw                   
10  a__GW_REVAP.gw                
11  v__REVAPMN.gw                 
12  v__GW_DELAY.gw                
13  v__GWQMN.gw                   
14  v__GW_REVAP.gw                
15  v__ALPHA_BNK.rte              
16  r__AUTO_EFF{[],11,AUTO_NSTRS=0.6}.mgt
17  r__CN2.mgt________1           
18  r__SOL_AWC(1).sol________1    
19  r__SOL_K(1).sol________1      
20  r__SOL_BD(1).sol________1     
21  a__GWQMN.gw________1          
22  a__GW_REVAP.gw________1       
23  v__REVAPMN.gw________1        
24  a__ESCO.hru________1          
25  r__HRU_SLP.hru________1       
26  r__OV_N.hru________1          
27  r__SLSUBBSN.hru________1      
28  a__GWQMN.gw________3-6        
29  a__GW_REVAP.gw________3-6     
30  v__REVAPMN.gw________3-6      
31  a__ESCO.hru________3-6        
32  r__HRU_SLP.hru________3-6     
33  r__OV_N.hru________3-6        
34  r__SLSUBBSN.hru________3-6    
35  r__CN2.mgt________7,12,15,16-20
36  a__GWQMN.gw________7,12,15,16-20
37  a__GW_REVAP.gw________7,12,15,16-20
38  v__REVAPMN.gw________7,12,15,16-20
39  a__ESCO.hru________7,12,15,16-20
40  r__HRU_SLP.hru________7,12,15,16-20
41  r__OV_N.hru________7,12,15,16-20
42  r__SLSUBBSN.hru________7,12,15,16-20

---------------------------------------------

-----------------------------------------------------
print the best parameters along with the sorted best
-----------------------------------------------------
        best_par   sorted_best_par

par_no                  par_name         new_min      new_max
------------------------------------------------------------------------
1                r__CN2.mgt          -0.090493     0.028843
2               v__ESCO.hru          -0.481653     0.306653
3            v__HRU_SLP.hru          -0.010266     0.023266
4               v__OV_N.hru           0.130703     0.163597
5           v__SLSUBBSN.hru          89.830139    92.612366
6            v__ALPHA_BF.gw          -0.264206     0.579206
7              v__CH_N2.rte           0.179429     0.358621
8              v__CH_K2.rte          29.325230    48.024769
9               a__GWQMN.gw          54.067440   418.282593
10            a__GW_REVAP.gw           0.109586     0.169914
11             v__REVAPMN.gw         141.007706   380.492310
12            v__GW_DELAY.gw         -19.393143    41.998142
13               v__GWQMN.gw           0.849698     1.951802
14            v__GW_REVAP.gw          -0.164905    -0.021545
15          v__ALPHA_BNK.rte           0.003785     0.312415
16 r__AUTO_EFF{[],11,AUTO_NSTRS=0.6}.mgt           0.128222     0.309528
17       r__CN2.mgt________1          -0.088743     0.074243
18 r__SOL_AWC(1).sol________1          -0.045332     0.064332
19  r__SOL_K(1).sol________1          -0.814480    -0.222020
20 r__SOL_BD(1).sol________1          -0.096122     0.312322
21      a__GWQMN.gw________1          -2.917015     6.502015
22   a__GW_REVAP.gw________1          -0.041466    -0.004334
23    v__REVAPMN.gw________1           7.307203    10.130298
24      a__ESCO.hru________1          -0.018121     0.087371
25   r__HRU_SLP.hru________1           0.045639     0.128611
26      r__OV_N.hru________1          -0.152413    -0.057087
27  r__SLSUBBSN.hru________1           0.046002     0.138198
28    a__GWQMN.gw________3-6           7.912168    16.904932
29 a__GW_REVAP.gw________3-6          -0.070066    -0.043334
30  v__REVAPMN.gw________3-6           2.143895     6.651605
31    a__ESCO.hru________3-6           0.063739     0.191461
32 r__HRU_SLP.hru________3-6           0.147673     0.249327
33    r__OV_N.hru________3-6          -0.164275    -0.092671
34 r__SLSUBBSN.hru________3-6           0.061167     0.183833
35 r__CN2.mgt________7,12,15,16-20           0.171339     0.390661
36 a__GWQMN.gw________7,12,15,16-20         -22.375528    -4.648471
37 a__GW_REVAP.gw________7,12,15,16-20           0.010827     0.032523
38 v__REVAPMN.gw________7,12,15,16-20           8.267725    13.427275
39 a__ESCO.hru________7,12,15,16-20          -0.066622     0.017872
40 r__HRU_SLP.hru________7,12,15,16-20           0.030346     0.091204
41 r__OV_N.hru________7,12,15,16-20          -0.140747    -0.013503
42 r__SLSUBBSN.hru________7,12,15,16-20          -0.046831     0.117831
